time_s,cube_x_m,cube_y_m,error_dist_mm,lat_error_mm,state
0.0,0.35,0.3,316.228,117.374,APPROACH
0.001,0.35073,0.25043,269.935,100.983,APPROACH
0.002,0.35073,0.25043,269.935,100.943,APPROACH
0.003,0.35073,0.25043,269.935,100.883,APPROACH
0.004,0.35073,0.25043,269.935,100.805,APPROACH
0.005,0.35073,0.25043,269.935,100.709,APPROACH
0.006,0.35073,0.25043,269.935,100.595,APPROACH
0.007,0.35073,0.25043,269.935,100.463,APPROACH
0.008,0.35073,0.25043,269.935,100.314,APPROACH
0.009,0.35073,0.25043,269.935,100.148,APPROACH
0.01,0.35073,0.25043,269.935,99.965,APPROACH
0.011,0.35073,0.25043,269.935,99.765,APPROACH
0.012,0.35073,0.25043,269.935,99.549,APPROACH
0.013,0.35073,0.25043,269.935,99.318,APPROACH
0.014,0.35073,0.25043,269.935,99.07,APPROACH
0.015,0.35073,0.25043,269.935,98.807,APPROACH
0.016,0.35073,0.25043,269.935,98.529,APPROACH
0.017,0.35073,0.25043,269.935,98.236,APPROACH
0.018,0.35073,0.25043,269.935,97.928,APPROACH
0.019,0.35073,0.25043,269.935,97.605,APPROACH
0.02,0.35073,0.25043,269.935,97.268,APPROACH
0.021,0.35073,0.25043,269.935,96.916,APPROACH
0.022,0.35073,0.25043,269.935,96.551,APPROACH
0.023,0.35073,0.25043,269.935,96.171,APPROACH
0.024,0.35073,0.25043,269.935,95.778,APPROACH
0.025,0.35073,0.25043,269.935,95.372,APPROACH
0.026,0.35073,0.25043,269.935,94.952,APPROACH
0.027,0.35073,0.25043,269.935,94.518,APPROACH
0.028,0.35073,0.25043,269.935,94.072,APPROACH
0.029,0.35073,0.25043,269.935,93.613,APPROACH
0.03,0.35073,0.25043,269.935,93.141,APPROACH
0.031,0.35073,0.25043,269.935,92.657,APPROACH
0.032,0.35073,0.25043,269.935,92.16,APPROACH
0.033,0.35073,0.25043,269.935,91.651,APPROACH
0.034,0.35073,0.25044,269.935,91.129,APPROACH
0.035,0.35073,0.25044,269.935,90.597,APPROACH
0.036,0.35073,0.25044,269.935,90.052,APPROACH
0.037,0.35073,0.25044,269.935,89.495,APPROACH
0.038,0.35073,0.25044,269.935,88.928,APPROACH
0.039,0.35073,0.25044,269.935,88.349,APPROACH
0.04,0.35073,0.25044,269.935,87.758,APPROACH
0.041,0.35073,0.25044,269.935,87.157,APPROACH
0.042,0.35073,0.25044,269.935,86.545,APPROACH
0.043,0.35073,0.25044,269.935,85.922,APPROACH
0.044,0.35073,0.25044,269.935,85.288,APPROACH
0.045,0.35073,0.25044,269.935,84.644,APPROACH
0.046,0.35073,0.25044,269.935,83.99,APPROACH
0.047,0.35073,0.25044,269.935,83.325,APPROACH
0.048,0.35073,0.25044,269.935,82.651,APPROACH
0.049,0.35073,0.25044,269.935,81.966,APPROACH
0.05,0.35073,0.25044,269.935,81.272,APPROACH
0.051,0.35073,0.25044,269.935,80.569,APPROACH
0.052,0.35073,0.25044,269.935,79.856,APPROACH
0.053,0.35073,0.25044,269.935,79.133,APPROACH
0.054,0.35073,0.25044,269.935,78.402,APPROACH
0.055,0.35073,0.25044,269.935,77.661,APPROACH
0.056,0.35073,0.25044,269.935,76.912,APPROACH
0.057,0.35073,0.25044,269.935,76.154,APPROACH
0.058,0.35073,0.25044,269.935,75.387,APPROACH
0.059,0.35073,0.25044,269.935,74.612,APPROACH
0.06,0.35073,0.25044,269.935,73.829,APPROACH
0.061,0.35073,0.25044,269.935,73.038,APPROACH
0.062,0.35073,0.25044,269.935,72.239,APPROACH
0.063,0.35073,0.25044,269.935,71.432,APPROACH
0.064,0.35073,0.25044,269.935,70.617,APPROACH
0.065,0.35073,0.25044,269.935,69.795,APPROACH
0.066,0.35073,0.25044,269.935,68.965,APPROACH
0.067,0.34868,0.25303,271.594,70.9,APPROACH
0.068,0.34868,0.25303,271.594,70.056,APPROACH
0.069,0.34868,0.25303,271.594,69.206,APPROACH
0.07,0.34868,0.25303,271.594,68.349,APPROACH
0.071,0.34868,0.25303,271.594,67.485,APPROACH
0.072,0.34868,0.25303,271.594,66.615,APPROACH
0.073,0.34868,0.25303,271.594,65.738,APPROACH
0.074,0.34868,0.25303,271.594,64.856,APPROACH
0.075,0.34868,0.25303,271.594,63.967,APPROACH
0.076,0.34868,0.25303,271.594,63.073,APPROACH
0.077,0.34868,0.25303,271.594,62.173,APPROACH
0.078,0.34868,0.25303,271.594,61.268,APPROACH
0.079,0.34868,0.25303,271.594,60.357,APPROACH
0.08,0.34868,0.25303,271.594,59.441,APPROACH
0.081,0.34868,0.25303,271.594,58.521,APPROACH
0.082,0.34868,0.25303,271.594,57.595,APPROACH
0.083,0.34868,0.25303,271.594,56.665,APPROACH
0.084,0.34868,0.25303,271.594,55.73,APPROACH
0.085,0.34868,0.25303,271.594,54.791,APPROACH
0.086,0.34868,0.25303,271.594,53.847,APPROACH
0.087,0.34868,0.25303,271.594,52.9,APPROACH
0.088,0.34868,0.25303,271.594,51.948,APPROACH
0.089,0.34868,0.25303,271.594,50.993,APPROACH
0.09,0.34868,0.25303,271.594,50.034,APPROACH
0.091,0.34868,0.25303,271.594,49.072,APPROACH
0.092,0.34868,0.25303,271.594,48.107,APPROACH
0.093,0.34868,0.25303,271.594,47.138,APPROACH
0.094,0.34868,0.25303,271.594,46.166,APPROACH
0.095,0.34868,0.25303,271.594,45.192,APPROACH
0.096,0.34868,0.25303,271.594,44.215,APPROACH
0.097,0.34868,0.25303,271.594,43.235,APPROACH
0.098,0.34868,0.25303,271.594,42.253,APPROACH
0.099,0.34868,0.25303,271.594,41.269,APPROACH
0.1,0.34868,0.25303,271.594,40.283,APPROACH
0.101,0.34699,0.25056,268.677,40.118,APPROACH
0.102,0.34699,0.25056,268.677,39.128,APPROACH
0.103,0.34699,0.25056,268.677,38.137,APPROACH
0.104,0.34699,0.25056,268.677,37.144,APPROACH
0.105,0.34699,0.25056,268.677,36.149,APPROACH
0.106,0.34699,0.25056,268.677,35.153,APPROACH
0.107,0.34699,0.25056,268.677,34.157,APPROACH
0.108,0.34699,0.25056,268.677,33.159,APPROACH
0.109,0.34699,0.25056,268.677,32.16,APPROACH
0.11,0.34699,0.25056,268.677,31.161,APPROACH
0.111,0.34699,0.25056,268.677,30.162,APPROACH
0.112,0.34699,0.25056,268.677,29.162,APPROACH
0.113,0.34699,0.25056,268.677,28.161,APPROACH
0.114,0.34699,0.25056,268.677,27.161,APPROACH
0.115,0.34699,0.25056,268.677,26.161,APPROACH
0.116,0.34699,0.25056,268.677,25.161,APPROACH
0.117,0.34699,0.25056,268.677,24.161,APPROACH
0.118,0.34699,0.25056,268.677,23.162,APPROACH
0.119,0.34699,0.25056,268.677,22.163,APPROACH
0.12,0.34699,0.25056,268.677,21.165,APPROACH
0.121,0.34699,0.25056,268.677,20.167,APPROACH
0.122,0.34699,0.25056,268.677,19.171,APPROACH
0.123,0.34699,0.25056,268.677,18.175,APPROACH
0.124,0.34699,0.25056,268.677,17.181,APPROACH
0.125,0.34699,0.25056,268.677,16.188,APPROACH
0.126,0.34699,0.25056,268.677,15.197,APPROACH
0.127,0.34699,0.25056,268.677,14.207,APPROACH
0.128,0.34699,0.25056,268.677,13.219,APPROACH
0.129,0.34699,0.25056,268.677,12.232,APPROACH
0.13,0.34699,0.25056,268.677,11.248,APPROACH
0.131,0.34699,0.25056,268.677,10.265,APPROACH
0.132,0.34699,0.25056,268.677,9.285,APPROACH
0.133,0.34699,0.25056,268.677,8.306,APPROACH
0.134,0.34577,0.25166,269.264,8.831,APPROACH
0.135,0.34577,0.25166,269.264,7.858,APPROACH
0.136,0.34577,0.25166,269.264,6.886,APPROACH
0.137,0.34577,0.25166,269.264,5.918,APPROACH
0.138,0.34577,0.25166,269.264,4.952,APPROACH
0.139,0.34577,0.25166,269.264,3.989,APPROACH
0.14,0.34577,0.25166,269.264,3.029,APPROACH
0.141,0.34577,0.25166,269.264,2.072,APPROACH
0.142,0.34577,0.25166,269.264,1.118,APPROACH
0.143,0.34577,0.25166,269.264,0.168,APPROACH
0.144,0.34577,0.25166,269.264,0.78,APPROACH
0.145,0.34577,0.25166,269.264,1.724,APPROACH
0.146,0.34577,0.25166,269.264,2.664,APPROACH
0.147,0.34577,0.25166,269.264,3.601,APPROACH
0.148,0.34577,0.25166,269.264,4.535,APPROACH
0.149,0.34577,0.25166,269.264,5.464,APPROACH
0.15,0.34577,0.25166,269.264,6.39,APPROACH
0.151,0.34577,0.25166,269.264,7.312,APPROACH
0.152,0.34577,0.25166,269.264,8.23,APPROACH
0.153,0.34577,0.25166,269.264,9.144,APPROACH
0.154,0.34577,0.25166,269.264,10.054,APPROACH
0.155,0.34577,0.25166,269.264,10.96,APPROACH
0.156,0.34577,0.25166,269.264,11.862,APPROACH
0.157,0.34577,0.25166,269.264,12.759,APPROACH
0.158,0.34577,0.25166,269.264,13.652,APPROACH
0.159,0.34577,0.25166,269.264,14.54,APPROACH
0.16,0.34577,0.25166,269.264,15.424,APPROACH
0.161,0.34577,0.25166,269.264,16.303,APPROACH
0.162,0.34577,0.25166,269.264,17.178,APPROACH
0.163,0.34577,0.25166,269.264,18.048,APPROACH
0.164,0.34577,0.25166,269.264,18.913,APPROACH
0.165,0.34577,0.25166,269.264,19.774,APPROACH
0.166,0.34577,0.25166,269.264,20.629,APPROACH
0.167,0.34519,0.25182,269.212,20.876,APPROACH
0.168,0.34519,0.25182,269.212,21.722,APPROACH
0.169,0.34519,0.25182,269.212,22.562,APPROACH
0.17,0.34519,0.25182,269.212,23.398,APPROACH
0.171,0.34519,0.25182,269.212,24.228,APPROACH
0.172,0.34519,0.25182,269.212,25.054,APPROACH
0.173,0.34519,0.25182,269.212,25.874,APPROACH
0.174,0.34519,0.25182,269.212,26.689,APPROACH
0.175,0.34519,0.25182,269.212,27.498,APPROACH
0.176,0.34519,0.25182,269.212,28.302,APPROACH
0.177,0.34519,0.25182,269.212,29.101,APPROACH
0.178,0.34519,0.25182,269.212,29.894,APPROACH
0.179,0.34519,0.25182,269.212,30.682,APPROACH
0.18,0.34519,0.25182,269.212,31.465,APPROACH
0.181,0.34519,0.25182,269.212,32.242,APPROACH
0.182,0.34519,0.25182,269.212,33.013,APPROACH
0.183,0.34519,0.25182,269.212,33.779,APPROACH
0.184,0.34519,0.25182,269.212,34.539,APPROACH
0.185,0.34519,0.25182,269.212,35.294,APPROACH
0.186,0.34519,0.25182,269.212,36.043,APPROACH
0.187,0.34519,0.25182,269.212,36.786,APPROACH
0.188,0.34519,0.25182,269.212,37.523,APPROACH
0.189,0.34519,0.25182,269.212,38.255,APPROACH
0.19,0.34519,0.25182,269.212,38.981,APPROACH
0.191,0.34519,0.25182,269.212,39.701,APPROACH
0.192,0.34519,0.25182,269.212,40.416,APPROACH
0.193,0.34519,0.25182,269.212,41.125,APPROACH
0.194,0.34519,0.25182,269.212,41.827,APPROACH
0.195,0.34519,0.25182,269.212,42.524,APPROACH
0.196,0.34519,0.25182,269.212,43.215,APPROACH
0.197,0.34519,0.25182,269.212,43.901,APPROACH
0.198,0.34519,0.25182,269.212,44.58,APPROACH
0.199,0.34519,0.25182,269.212,45.253,APPROACH
0.2,0.34519,0.25182,269.212,45.921,APPROACH
0.201,0.34832,0.25904,277.068,47.275,APPROACH
0.202,0.34832,0.25904,277.068,47.93,APPROACH
0.203,0.34832,0.25904,277.068,48.58,APPROACH
0.204,0.34832,0.25904,277.068,49.224,APPROACH
0.205,0.34832,0.25904,277.068,49.862,APPROACH
0.206,0.34832,0.25904,277.068,50.494,APPROACH
0.207,0.34832,0.25904,277.068,51.12,APPROACH
0.208,0.34832,0.25904,277.068,51.74,APPROACH
0.209,0.34832,0.25904,277.068,52.354,APPROACH
0.21,0.34832,0.25904,277.068,52.962,APPROACH
0.211,0.34832,0.25904,277.068,53.564,APPROACH
0.212,0.34832,0.25904,277.068,54.16,APPROACH
0.213,0.34832,0.25904,277.068,54.751,APPROACH
0.214,0.34832,0.25904,277.068,55.335,APPROACH
0.215,0.34832,0.25904,277.068,55.914,APPROACH
0.216,0.34832,0.25904,277.068,56.486,APPROACH
0.217,0.34832,0.25904,277.068,57.053,APPROACH
0.218,0.34832,0.25904,277.068,57.613,APPROACH
0.219,0.34832,0.25904,277.068,58.168,APPROACH
0.22,0.34832,0.25904,277.068,58.717,APPROACH
0.221,0.34832,0.25904,277.068,59.26,APPROACH
0.222,0.34832,0.25904,277.068,59.797,APPROACH
0.223,0.34832,0.25904,277.068,60.328,APPROACH
0.224,0.34832,0.25904,277.068,60.854,APPROACH
0.225,0.34832,0.25904,277.068,61.373,APPROACH
0.226,0.34832,0.25904,277.068,61.887,APPROACH
0.227,0.34832,0.25904,277.068,62.395,APPROACH
0.228,0.34832,0.25904,277.068,62.897,APPROACH
0.229,0.34832,0.25904,277.068,63.393,APPROACH
0.23,0.34832,0.25904,277.068,63.884,APPROACH
0.231,0.34832,0.25904,277.068,64.369,APPROACH
0.232,0.34832,0.25904,277.068,64.848,APPROACH
0.233,0.34832,0.25904,277.068,65.321,APPROACH
0.234,0.35041,0.25774,276.604,68.181,APPROACH
0.235,0.35041,0.25774,276.604,68.643,APPROACH
0.236,0.35041,0.25774,276.604,69.099,APPROACH
0.237,0.35041,0.25774,276.604,69.55,APPROACH
0.238,0.35041,0.25774,276.604,69.995,APPROACH
0.239,0.35041,0.25774,276.604,70.435,APPROACH
0.24,0.35041,0.25774,276.604,70.869,APPROACH
0.241,0.35041,0.25774,276.604,71.297,APPROACH
0.242,0.35041,0.25774,276.604,71.72,APPROACH
0.243,0.35041,0.25774,276.604,72.137,APPROACH
0.244,0.35041,0.25774,276.604,72.549,APPROACH
0.245,0.35041,0.25774,276.604,72.956,APPROACH
0.246,0.35041,0.25774,276.604,73.357,APPROACH
0.247,0.35041,0.25774,276.604,73.752,APPROACH
0.248,0.35041,0.25774,276.604,74.143,APPROACH
0.249,0.35041,0.25774,276.604,74.528,APPROACH
0.25,0.35041,0.25774,276.604,74.907,APPROACH
0.251,0.35041,0.25774,276.604,75.281,APPROACH
0.252,0.35041,0.25774,276.604,75.651,APPROACH
0.253,0.35041,0.25774,276.604,76.014,APPROACH
0.254,0.35041,0.25774,276.604,76.373,APPROACH
0.255,0.35041,0.25774,276.604,76.726,APPROACH
0.256,0.35041,0.25774,276.604,77.075,APPROACH
0.257,0.35041,0.25774,276.604,77.418,APPROACH
0.258,0.35041,0.25774,276.604,77.756,APPROACH
0.259,0.35041,0.25774,276.604,78.089,APPROACH
0.26,0.35041,0.25774,276.604,78.417,APPROACH
0.261,0.35041,0.25774,276.604,78.74,APPROACH
0.262,0.35041,0.25774,276.604,79.058,APPROACH
0.263,0.35041,0.25774,276.604,79.371,APPROACH
0.264,0.35041,0.25774,276.604,79.679,APPROACH
0.265,0.35041,0.25774,276.604,79.982,APPROACH
0.266,0.35041,0.25774,276.604,80.281,APPROACH
0.267,0.34898,0.25115,269.952,81.295,APPROACH
0.268,0.34898,0.25115,269.952,81.584,APPROACH
0.269,0.34898,0.25115,269.952,81.868,APPROACH
0.27,0.34898,0.25115,269.952,82.148,APPROACH
0.271,0.34898,0.25115,269.952,82.422,APPROACH
0.272,0.34898,0.25115,269.952,82.692,APPROACH
0.273,0.34898,0.25115,269.952,82.958,APPROACH
0.274,0.34898,0.25115,269.952,83.219,APPROACH
0.275,0.34898,0.25115,269.952,83.475,APPROACH
0.276,0.34898,0.25115,269.952,83.727,APPROACH
0.277,0.34898,0.25115,269.952,83.974,APPROACH
0.278,0.34898,0.25115,269.952,84.217,APPROACH
0.279,0.34898,0.25115,269.952,84.455,APPROACH
0.28,0.34898,0.25115,269.952,84.689,APPROACH
0.281,0.34898,0.25115,269.952,84.919,APPROACH
0.282,0.34898,0.25115,269.952,85.145,APPROACH
0.283,0.34898,0.25115,269.952,85.366,APPROACH
0.284,0.34898,0.25115,269.952,85.583,APPROACH
0.285,0.34898,0.25115,269.952,85.795,APPROACH
0.286,0.34898,0.25115,269.952,86.004,APPROACH
0.287,0.34898,0.25115,269.952,86.208,APPROACH
0.288,0.34898,0.25115,269.952,86.408,APPROACH
0.289,0.34898,0.25115,269.952,86.605,APPROACH
0.29,0.34898,0.25115,269.952,86.797,APPROACH
0.291,0.34898,0.25115,269.952,86.985,APPROACH
0.292,0.34898,0.25115,269.952,87.169,APPROACH
0.293,0.34898,0.25115,269.952,87.35,APPROACH
0.294,0.34898,0.25115,269.952,87.526,APPROACH
0.295,0.34898,0.25115,269.952,87.699,APPROACH
0.296,0.34898,0.25115,269.952,87.867,APPROACH
0.297,0.34898,0.25115,269.952,88.032,APPROACH
0.298,0.34898,0.25115,269.952,88.193,APPROACH
0.299,0.34898,0.25115,269.952,88.351,APPROACH
0.3,0.34898,0.25115,269.952,88.505,APPROACH
0.301,0.34804,0.24919,267.786,88.384,APPROACH
0.302,0.34804,0.24919,267.786,88.531,APPROACH
0.303,0.34804,0.24919,267.786,88.674,APPROACH
0.304,0.34804,0.24919,267.786,88.813,APPROACH
0.305,0.34804,0.24919,267.786,88.949,APPROACH
0.306,0.34804,0.24919,267.786,89.081,APPROACH
0.307,0.34804,0.24919,267.786,89.21,APPROACH
0.308,0.34804,0.24919,267.786,89.336,APPROACH
0.309,0.34804,0.24919,267.786,89.458,APPROACH
0.31,0.34804,0.24919,267.786,89.577,APPROACH
0.311,0.34804,0.24919,267.786,89.692,APPROACH
0.312,0.34804,0.24919,267.786,89.805,APPROACH
0.313,0.34804,0.24919,267.786,89.914,APPROACH
0.314,0.34804,0.24919,267.786,90.02,APPROACH
0.315,0.34804,0.24919,267.786,90.122,APPROACH
0.316,0.34804,0.24919,267.786,90.222,APPROACH
0.317,0.34804,0.24919,267.786,90.318,APPROACH
0.318,0.34804,0.24919,267.786,90.412,APPROACH
0.319,0.34804,0.24919,267.786,90.502,APPROACH
0.32,0.34804,0.24919,267.786,90.589,APPROACH
0.321,0.34804,0.24919,267.786,90.674,APPROACH
0.322,0.34804,0.24919,267.786,90.755,APPROACH
0.323,0.34804,0.24919,267.786,90.834,APPROACH
0.324,0.34804,0.24919,267.786,90.909,APPROACH
0.325,0.34804,0.24919,267.786,90.982,APPROACH
0.326,0.34804,0.24919,267.786,91.052,APPROACH
0.327,0.34804,0.24919,267.786,91.12,APPROACH
0.328,0.34804,0.24919,267.786,91.184,APPROACH
0.329,0.34804,0.24919,267.786,91.246,APPROACH
0.33,0.34804,0.24919,267.786,91.305,APPROACH
0.331,0.34804,0.24919,267.786,91.362,APPROACH
0.332,0.34804,0.24919,267.786,91.415,APPROACH
0.333,0.34804,0.24919,267.786,91.467,APPROACH
0.334,0.34914,0.24916,268.16,92.57,APPROACH
0.335,0.34914,0.24916,268.16,92.617,APPROACH
0.336,0.34914,0.24916,268.16,92.66,APPROACH
0.337,0.34914,0.24916,268.16,92.702,APPROACH
0.338,0.34914,0.24916,268.16,92.741,APPROACH
0.339,0.34914,0.24916,268.16,92.777,APPROACH
0.34,0.34914,0.24916,268.16,92.811,APPROACH
0.341,0.34914,0.24916,268.16,92.843,APPROACH
0.342,0.34914,0.24916,268.16,92.873,APPROACH
0.343,0.34914,0.24916,268.16,92.9,APPROACH
0.344,0.34914,0.24916,268.16,92.925,APPROACH
0.345,0.34914,0.24916,268.16,92.948,APPROACH
0.346,0.34914,0.24916,268.16,92.969,APPROACH
0.347,0.34914,0.24916,268.16,92.987,APPROACH
0.348,0.34914,0.24916,268.16,93.003,APPROACH
0.349,0.34914,0.24916,268.16,93.018,APPROACH
0.35,0.34914,0.24916,268.16,93.03,APPROACH
0.351,0.34914,0.24916,268.16,93.04,APPROACH
0.352,0.34914,0.24916,268.16,93.048,APPROACH
0.353,0.34914,0.24916,268.16,93.054,APPROACH
0.354,0.34914,0.24916,268.16,93.059,APPROACH
0.355,0.34914,0.24916,268.16,93.061,APPROACH
0.356,0.34914,0.24916,268.16,93.061,APPROACH
0.357,0.34914,0.24916,268.16,93.06,APPROACH
0.358,0.34914,0.24916,268.16,93.057,APPROACH
0.359,0.34914,0.24916,268.16,93.052,APPROACH
0.36,0.34914,0.24916,268.16,93.045,APPROACH
0.361,0.34914,0.24916,268.16,93.036,APPROACH
0.362,0.34914,0.24916,268.16,93.026,APPROACH
0.363,0.34914,0.24916,268.16,93.014,APPROACH
0.364,0.34914,0.24916,268.16,93.0,APPROACH
0.365,0.34914,0.24916,268.16,92.984,APPROACH
0.366,0.34914,0.24916,268.16,92.967,APPROACH
0.367,0.35248,0.25076,270.893,95.61,APPROACH
0.368,0.35248,0.25076,270.893,95.589,APPROACH
0.369,0.35248,0.25076,270.893,95.568,APPROACH
0.37,0.35248,0.25076,270.893,95.544,APPROACH
0.371,0.35248,0.25076,270.893,95.519,APPROACH
0.372,0.35248,0.25076,270.893,95.493,APPROACH
0.373,0.35248,0.25076,270.893,95.465,APPROACH
0.374,0.35248,0.25076,270.893,95.436,APPROACH
0.375,0.35248,0.25076,270.893,95.406,APPROACH
0.376,0.35248,0.25076,270.893,95.374,APPROACH
0.377,0.35248,0.25076,270.893,95.34,APPROACH
0.378,0.35248,0.25076,270.893,95.306,APPROACH
0.379,0.35248,0.25076,270.893,95.27,APPROACH
0.38,0.35248,0.25076,270.893,95.232,APPROACH
0.381,0.35248,0.25076,270.893,95.194,APPROACH
0.382,0.35248,0.25076,270.893,95.154,APPROACH
0.383,0.35248,0.25076,270.893,95.113,APPROACH
0.384,0.35248,0.25076,270.893,95.071,APPROACH
0.385,0.35248,0.25076,270.893,95.027,APPROACH
0.386,0.35248,0.25076,270.893,94.983,APPROACH
0.387,0.35248,0.25076,270.893,94.937,APPROACH
0.388,0.35248,0.25076,270.893,94.89,APPROACH
0.389,0.35248,0.25076,270.893,94.842,APPROACH
0.39,0.35248,0.25076,270.893,94.793,APPROACH
0.391,0.35248,0.25076,270.893,94.743,APPROACH
0.392,0.35248,0.25076,270.893,94.692,APPROACH
0.393,0.35248,0.25076,270.893,94.64,APPROACH
0.394,0.35248,0.25076,270.893,94.587,APPROACH
0.395,0.35248,0.25076,270.893,94.533,APPROACH
0.396,0.35248,0.25076,270.893,94.478,APPROACH
0.397,0.35248,0.25076,270.893,94.422,APPROACH
0.398,0.35248,0.25076,270.893,94.365,APPROACH
0.399,0.35248,0.25076,270.893,94.308,APPROACH
0.4,0.35248,0.25076,270.893,94.249,APPROACH
0.401,0.34907,0.25039,269.274,91.08,APPROACH
0.402,0.34907,0.25039,269.274,91.02,APPROACH
0.403,0.34907,0.25039,269.274,90.959,APPROACH
0.404,0.34907,0.25039,269.274,90.897,APPROACH
0.405,0.34907,0.25039,269.274,90.834,APPROACH
0.406,0.34907,0.25039,269.274,90.771,APPROACH
0.407,0.34907,0.25039,269.274,90.707,APPROACH
0.408,0.34907,0.25039,269.274,90.642,APPROACH
0.409,0.34907,0.25039,269.274,90.576,APPROACH
0.41,0.34907,0.25039,269.274,90.51,APPROACH
0.411,0.34907,0.25039,269.274,90.443,APPROACH
0.412,0.34907,0.25039,269.274,90.375,APPROACH
0.413,0.34907,0.25039,269.274,90.307,APPROACH
0.414,0.34907,0.25039,269.274,90.238,APPROACH
0.415,0.34907,0.25039,269.274,90.169,APPROACH
0.416,0.34907,0.25039,269.274,90.099,APPROACH
0.417,0.34907,0.25039,269.274,90.028,APPROACH
0.418,0.34907,0.25039,269.274,89.957,APPROACH
0.419,0.34907,0.25039,269.274,89.885,APPROACH
0.42,0.34907,0.25039,269.274,89.813,APPROACH
0.421,0.34907,0.25039,269.274,89.74,APPROACH
0.422,0.34907,0.25039,269.274,89.667,APPROACH
0.423,0.34907,0.25039,269.274,89.593,APPROACH
0.424,0.34907,0.25039,269.274,89.519,APPROACH
0.425,0.34907,0.25039,269.274,89.444,APPROACH
0.426,0.34907,0.25039,269.274,89.369,APPROACH
0.427,0.34907,0.25039,269.274,89.294,APPROACH
0.428,0.34907,0.25039,269.274,89.218,APPROACH
0.429,0.34907,0.25039,269.274,89.142,APPROACH
0.43,0.34907,0.25039,269.274,89.065,APPROACH
0.431,0.34907,0.25039,269.274,88.988,APPROACH
0.432,0.34907,0.25039,269.274,88.91,APPROACH
0.433,0.34907,0.25039,269.274,88.833,APPROACH
0.434,0.34936,0.24949,268.548,89.308,APPROACH
0.435,0.34936,0.24949,268.548,89.229,APPROACH
0.436,0.34936,0.24949,268.548,89.151,APPROACH
0.437,0.34936,0.24949,268.548,89.072,APPROACH
0.438,0.34936,0.24949,268.548,88.993,APPROACH
0.439,0.34936,0.24949,268.548,88.913,APPROACH
0.44,0.34936,0.24949,268.548,88.833,APPROACH
0.441,0.34936,0.24949,268.548,88.754,APPROACH
0.442,0.34936,0.24949,268.548,88.673,APPROACH
0.443,0.34936,0.24949,268.548,88.593,APPROACH
0.444,0.34936,0.24949,268.548,88.512,APPROACH
0.445,0.34936,0.24949,268.548,88.432,APPROACH
0.446,0.34936,0.24949,268.548,88.351,APPROACH
0.447,0.34936,0.24949,268.548,88.27,APPROACH
0.448,0.34936,0.24949,268.548,88.188,APPROACH
0.449,0.34936,0.24949,268.548,88.107,APPROACH
0.45,0.34936,0.24949,268.548,88.026,APPROACH
0.451,0.34936,0.24949,268.548,87.944,APPROACH
0.452,0.34936,0.24949,268.548,87.862,APPROACH
0.453,0.34936,0.24949,268.548,87.78,APPROACH
0.454,0.34936,0.24949,268.548,87.699,APPROACH
0.455,0.34936,0.24949,268.548,87.617,APPROACH
0.456,0.34936,0.24949,268.548,87.534,APPROACH
0.457,0.34936,0.24949,268.548,87.452,APPROACH
0.458,0.34936,0.24949,268.548,87.37,APPROACH
0.459,0.34936,0.24949,268.548,87.288,APPROACH
0.46,0.34936,0.24949,268.548,87.206,APPROACH
0.461,0.34936,0.24949,268.548,87.124,APPROACH
0.462,0.34936,0.24949,268.548,87.042,APPROACH
0.463,0.34936,0.24949,268.548,86.959,APPROACH
0.464,0.34936,0.24949,268.548,86.877,APPROACH
0.465,0.34936,0.24949,268.548,86.795,APPROACH
0.466,0.34936,0.24949,268.548,86.713,APPROACH
0.467,0.35186,0.24866,268.714,89.264,APPROACH
0.468,0.35186,0.24866,268.714,89.182,APPROACH
0.469,0.35186,0.24866,268.714,89.1,APPROACH
0.47,0.35186,0.24866,268.714,89.018,APPROACH
0.471,0.35186,0.24866,268.714,88.936,APPROACH
0.472,0.35186,0.24866,268.714,88.855,APPROACH
0.473,0.35186,0.24866,268.714,88.773,APPROACH
0.474,0.35186,0.24866,268.714,88.691,APPROACH
0.475,0.35186,0.24866,268.714,88.61,APPROACH
0.476,0.35186,0.24866,268.714,88.529,APPROACH
0.477,0.35186,0.24866,268.714,88.448,APPROACH
0.478,0.35186,0.24866,268.714,88.367,APPROACH
0.479,0.35186,0.24866,268.714,88.286,APPROACH
0.48,0.35186,0.24866,268.714,88.205,APPROACH
0.481,0.35186,0.24866,268.714,88.125,APPROACH
0.482,0.35186,0.24866,268.714,88.044,APPROACH
0.483,0.35186,0.24866,268.714,87.964,APPROACH
0.484,0.35186,0.24866,268.714,87.884,APPROACH
0.485,0.35186,0.24866,268.714,87.804,APPROACH
0.486,0.35186,0.24866,268.714,87.725,APPROACH
0.487,0.35186,0.24866,268.714,87.645,APPROACH
0.488,0.35186,0.24866,268.714,87.566,APPROACH
0.489,0.35186,0.24866,268.714,87.487,APPROACH
0.49,0.35186,0.24866,268.714,87.408,APPROACH
0.491,0.35186,0.24866,268.714,87.33,APPROACH
0.492,0.35186,0.24866,268.714,87.252,APPROACH
0.493,0.35186,0.24866,268.714,87.174,APPROACH
0.494,0.35186,0.24866,268.714,87.096,APPROACH
0.495,0.35186,0.24866,268.714,87.018,APPROACH
0.496,0.35186,0.24866,268.714,86.941,APPROACH
0.497,0.35186,0.24866,268.714,86.864,APPROACH
0.498,0.35186,0.24866,268.714,86.787,APPROACH
0.499,0.35186,0.24866,268.714,86.711,APPROACH
0.5,0.35186,0.24866,268.714,86.635,APPROACH
0.501,0.35549,0.24813,269.626,90.174,APPROACH
0.502,0.35549,0.24813,269.626,90.098,APPROACH
0.503,0.35549,0.24813,269.626,90.023,APPROACH
0.504,0.35549,0.24813,269.626,89.948,APPROACH
0.505,0.35549,0.24813,269.626,89.874,APPROACH
0.506,0.35549,0.24813,269.626,89.8,APPROACH
0.507,0.35549,0.24813,269.626,89.726,APPROACH
0.508,0.35549,0.24813,269.626,89.652,APPROACH
0.509,0.35549,0.24813,269.626,89.579,APPROACH
0.51,0.35549,0.24813,269.626,89.506,APPROACH
0.511,0.35549,0.24813,269.626,89.434,APPROACH
0.512,0.35549,0.24813,269.626,89.361,APPROACH
0.513,0.35549,0.24813,269.626,89.29,APPROACH
0.514,0.35549,0.24813,269.626,89.218,APPROACH
0.515,0.35549,0.24813,269.626,89.147,APPROACH
0.516,0.35549,0.24813,269.626,89.077,APPROACH
0.517,0.35549,0.24813,269.626,89.006,APPROACH
0.518,0.35549,0.24813,269.626,88.937,APPROACH
0.519,0.35549,0.24813,269.626,88.867,APPROACH
0.52,0.35549,0.24813,269.626,88.798,APPROACH
0.521,0.35549,0.24813,269.626,88.729,APPROACH
0.522,0.35549,0.24813,269.626,88.661,APPROACH
0.523,0.35549,0.24813,269.626,88.593,APPROACH
0.524,0.35549,0.24813,269.626,88.526,APPROACH
0.525,0.35549,0.24813,269.626,88.459,APPROACH
0.526,0.35549,0.24813,269.626,88.393,APPROACH
0.527,0.35549,0.24813,269.626,88.326,APPROACH
0.528,0.35549,0.24813,269.626,88.261,APPROACH
0.529,0.35549,0.24813,269.626,88.196,APPROACH
0.53,0.35549,0.24813,269.626,88.131,APPROACH
0.531,0.35549,0.24813,269.626,88.067,APPROACH
0.532,0.35549,0.24813,269.626,88.003,APPROACH
0.533,0.35549,0.24813,269.626,87.939,APPROACH
0.534,0.35587,0.2466,268.36,88.716,APPROACH
0.535,0.35587,0.2466,268.36,88.653,APPROACH
0.536,0.35587,0.2466,268.36,88.591,APPROACH
0.537,0.35587,0.2466,268.36,88.53,APPROACH
0.538,0.35587,0.2466,268.36,88.469,APPROACH
0.539,0.35587,0.2466,268.36,88.408,APPROACH
0.54,0.35587,0.2466,268.36,88.348,APPROACH
0.541,0.35587,0.2466,268.36,88.288,APPROACH
0.542,0.35587,0.2466,268.36,88.229,APPROACH
0.543,0.35587,0.2466,268.36,88.171,APPROACH
0.544,0.35587,0.2466,268.36,88.113,APPROACH
0.545,0.35587,0.2466,268.36,88.055,APPROACH
0.546,0.35587,0.2466,268.36,87.998,APPROACH
0.547,0.35587,0.2466,268.36,87.941,APPROACH
0.548,0.35587,0.2466,268.36,87.885,APPROACH
0.549,0.35587,0.2466,268.36,87.83,APPROACH
0.55,0.35587,0.2466,268.36,87.775,APPROACH
0.551,0.35587,0.2466,268.36,87.726,APPROACH
0.552,0.35587,0.2466,268.36,87.683,APPROACH
0.553,0.35587,0.2466,268.36,87.645,APPROACH
0.554,0.35587,0.2466,268.36,87.613,APPROACH
0.555,0.35587,0.2466,268.36,87.587,APPROACH
0.556,0.35587,0.2466,268.36,87.565,APPROACH
0.557,0.35587,0.2466,268.36,87.548,APPROACH
0.558,0.35587,0.2466,268.36,87.536,APPROACH
0.559,0.35587,0.2466,268.36,87.529,APPROACH
0.56,0.35587,0.2466,268.36,87.526,APPROACH
0.561,0.35587,0.2466,268.36,87.527,APPROACH
0.562,0.35587,0.2466,268.36,87.533,APPROACH
0.563,0.35587,0.2466,268.36,87.542,APPROACH
0.564,0.35587,0.2466,268.36,87.555,APPROACH
0.565,0.35587,0.2466,268.36,87.572,APPROACH
0.566,0.35587,0.2466,268.36,87.593,APPROACH
0.567,0.35578,0.24648,268.218,87.57,APPROACH
0.568,0.35578,0.24648,268.218,87.598,APPROACH
0.569,0.35578,0.24648,268.218,87.628,APPROACH
0.57,0.35578,0.24648,268.218,87.662,APPROACH
0.571,0.35578,0.24648,268.218,87.699,APPROACH
0.572,0.35578,0.24648,268.218,87.739,APPROACH
0.573,0.35578,0.24648,268.218,87.781,APPROACH
0.574,0.35578,0.24648,268.218,87.827,APPROACH
0.575,0.35578,0.24648,268.218,87.875,APPROACH
0.576,0.35578,0.24648,268.218,87.925,APPROACH
0.577,0.35578,0.24648,268.218,87.978,APPROACH
0.578,0.35578,0.24648,268.218,88.033,APPROACH
0.579,0.35578,0.24648,268.218,88.09,APPROACH
0.58,0.35578,0.24648,268.218,88.15,APPROACH
0.581,0.35578,0.24648,268.218,88.212,APPROACH
0.582,0.35578,0.24648,268.218,88.275,APPROACH
0.583,0.35578,0.24648,268.218,88.341,APPROACH
0.584,0.35578,0.24648,268.218,88.408,APPROACH
0.585,0.35578,0.24648,268.218,88.478,APPROACH
0.586,0.35578,0.24648,268.218,88.548,APPROACH
0.587,0.35578,0.24648,268.218,88.621,APPROACH
0.588,0.35578,0.24648,268.218,88.695,APPROACH
0.589,0.35578,0.24648,268.218,88.771,APPROACH
0.59,0.35578,0.24648,268.218,88.848,APPROACH
0.591,0.35578,0.24648,268.218,88.926,APPROACH
0.592,0.35578,0.24648,268.218,89.006,APPROACH
0.593,0.35578,0.24648,268.218,89.087,APPROACH
0.594,0.35578,0.24648,268.218,89.17,APPROACH
0.595,0.35578,0.24648,268.218,89.253,APPROACH
0.596,0.35578,0.24648,268.218,89.338,APPROACH
0.597,0.35578,0.24648,268.218,89.424,APPROACH
0.598,0.35578,0.24648,268.218,89.51,APPROACH
0.599,0.35578,0.24648,268.218,89.598,APPROACH
0.6,0.35578,0.24648,268.218,89.686,APPROACH
0.601,0.35283,0.24949,269.848,86.033,APPROACH
0.602,0.35283,0.24949,269.848,86.124,APPROACH
0.603,0.35283,0.24949,269.848,86.215,APPROACH
0.604,0.35283,0.24949,269.848,86.307,APPROACH
0.605,0.35283,0.24949,269.848,86.399,APPROACH
0.606,0.35283,0.24949,269.848,86.492,APPROACH
0.607,0.35283,0.24949,269.848,86.586,APPROACH
0.608,0.35283,0.24949,269.848,86.68,APPROACH
0.609,0.35283,0.24949,269.848,86.775,APPROACH
0.61,0.35283,0.24949,269.848,86.871,APPROACH
0.611,0.35283,0.24949,269.848,86.967,APPROACH
0.612,0.35283,0.24949,269.848,87.063,APPROACH
0.613,0.35283,0.24949,269.848,87.16,APPROACH
0.614,0.35283,0.24949,269.848,87.257,APPROACH
0.615,0.35283,0.24949,269.848,87.355,APPROACH
0.616,0.35283,0.24949,269.848,87.453,APPROACH
0.617,0.35283,0.24949,269.848,87.551,APPROACH
0.618,0.35283,0.24949,269.848,87.649,APPROACH
0.619,0.35283,0.24949,269.848,87.748,APPROACH
0.62,0.35283,0.24949,269.848,87.847,APPROACH
0.621,0.35283,0.24949,269.848,87.946,APPROACH
0.622,0.35283,0.24949,269.848,88.045,APPROACH
0.623,0.35283,0.24949,269.848,88.145,APPROACH
0.624,0.35283,0.24949,269.848,88.244,APPROACH
0.625,0.35283,0.24949,269.848,88.344,APPROACH
0.626,0.35283,0.24949,269.848,88.443,APPROACH
0.627,0.35283,0.24949,269.848,88.543,APPROACH
0.628,0.35283,0.24949,269.848,88.643,APPROACH
0.629,0.35283,0.24949,269.848,88.743,APPROACH
0.63,0.35283,0.24949,269.848,88.842,APPROACH
0.631,0.35283,0.24949,269.848,88.942,APPROACH
0.632,0.35283,0.24949,269.848,89.042,APPROACH
0.633,0.35283,0.24949,269.848,89.141,APPROACH
0.634,0.3524,0.24915,269.369,88.935,APPROACH
0.635,0.3524,0.24915,269.369,89.034,APPROACH
0.636,0.3524,0.24915,269.369,89.133,APPROACH
0.637,0.3524,0.24915,269.369,89.232,APPROACH
0.638,0.3524,0.24915,269.369,89.331,APPROACH
0.639,0.3524,0.24915,269.369,89.43,APPROACH
0.64,0.3524,0.24915,269.369,89.528,APPROACH
0.641,0.3524,0.24915,269.369,89.626,APPROACH
0.642,0.3524,0.24915,269.369,89.724,APPROACH
0.643,0.3524,0.24915,269.369,89.822,APPROACH
0.644,0.3524,0.24915,269.369,89.92,APPROACH
0.645,0.3524,0.24915,269.369,90.017,APPROACH
0.646,0.3524,0.24915,269.369,90.114,APPROACH
0.647,0.3524,0.24915,269.369,90.21,APPROACH
0.648,0.3524,0.24915,269.369,90.307,APPROACH
0.649,0.3524,0.24915,269.369,90.403,APPROACH
0.65,0.3524,0.24915,269.369,90.498,APPROACH
0.651,0.3524,0.24915,269.369,90.593,APPROACH
0.652,0.3524,0.24915,269.369,90.688,APPROACH
0.653,0.3524,0.24915,269.369,90.783,APPROACH
0.654,0.3524,0.24915,269.369,90.877,APPROACH
0.655,0.3524,0.24915,269.369,90.971,APPROACH
0.656,0.3524,0.24915,269.369,91.064,APPROACH
0.657,0.3524,0.24915,269.369,91.157,APPROACH
0.658,0.3524,0.24915,269.369,91.249,APPROACH
0.659,0.3524,0.24915,269.369,91.341,APPROACH
0.66,0.3524,0.24915,269.369,91.433,APPROACH
0.661,0.3524,0.24915,269.369,91.524,APPROACH
0.662,0.3524,0.24915,269.369,91.615,APPROACH
0.663,0.3524,0.24915,269.369,91.705,APPROACH
0.664,0.3524,0.24915,269.369,91.794,APPROACH
0.665,0.3524,0.24915,269.369,91.884,APPROACH
0.666,0.3524,0.24915,269.369,91.972,APPROACH
0.667,0.34817,0.24879,267.462,88.166,APPROACH
0.668,0.34817,0.24879,267.462,88.253,APPROACH
0.669,0.34817,0.24879,267.462,88.34,APPROACH
0.67,0.34817,0.24879,267.462,88.427,APPROACH
0.671,0.34817,0.24879,267.462,88.513,APPROACH
0.672,0.34817,0.24879,267.462,88.598,APPROACH
0.673,0.34817,0.24879,267.462,88.683,APPROACH
0.674,0.34817,0.24879,267.462,88.767,APPROACH
0.675,0.34817,0.24879,267.462,88.851,APPROACH
0.676,0.34817,0.24879,267.462,88.934,APPROACH
0.677,0.34817,0.24879,267.462,89.017,APPROACH
0.678,0.34817,0.24879,267.462,89.099,APPROACH
0.679,0.34817,0.24879,267.462,89.18,APPROACH
0.68,0.34817,0.24879,267.462,89.261,APPROACH
0.681,0.34817,0.24879,267.462,89.341,APPROACH
0.682,0.34817,0.24879,267.462,89.421,APPROACH
0.683,0.34817,0.24879,267.462,89.499,APPROACH
0.684,0.34817,0.24879,267.462,89.578,APPROACH
0.685,0.34817,0.24879,267.462,89.655,APPROACH
0.686,0.34817,0.24879,267.462,89.732,APPROACH
0.687,0.34817,0.24879,267.462,89.809,APPROACH
0.688,0.34817,0.24879,267.462,89.885,APPROACH
0.689,0.34817,0.24879,267.462,89.96,APPROACH
0.69,0.34817,0.24879,267.462,90.034,APPROACH
0.691,0.34817,0.24879,267.462,90.108,APPROACH
0.692,0.34817,0.24879,267.462,90.181,APPROACH
0.693,0.34817,0.24879,267.462,90.253,APPROACH
0.694,0.34817,0.24879,267.462,90.325,APPROACH
0.695,0.34817,0.24879,267.462,90.396,APPROACH
0.696,0.34817,0.24879,267.462,90.467,APPROACH
0.697,0.34817,0.24879,267.462,90.537,APPROACH
0.698,0.34817,0.24879,267.462,90.606,APPROACH
0.699,0.34817,0.24879,267.462,90.674,APPROACH
0.7,0.34473,0.25204,269.258,86.446,APPROACH
0.701,0.34473,0.25204,269.258,86.513,APPROACH
0.702,0.34473,0.25204,269.258,86.579,APPROACH
0.703,0.34473,0.25204,269.258,86.645,APPROACH
0.704,0.34473,0.25204,269.258,86.71,APPROACH
0.705,0.34473,0.25204,269.258,86.774,APPROACH
0.706,0.34473,0.25204,269.258,86.838,APPROACH
0.707,0.34473,0.25204,269.258,86.901,APPROACH
0.708,0.34473,0.25204,269.258,86.963,APPROACH
0.709,0.34473,0.25204,269.258,87.024,APPROACH
0.71,0.34473,0.25204,269.258,87.085,APPROACH
0.711,0.34473,0.25204,269.258,87.145,APPROACH
0.712,0.34473,0.25204,269.258,87.204,APPROACH
0.713,0.34473,0.25204,269.258,87.263,APPROACH
0.714,0.34473,0.25204,269.258,87.321,APPROACH
0.715,0.34473,0.25204,269.258,87.378,APPROACH
0.716,0.34473,0.25204,269.258,87.435,APPROACH
0.717,0.34473,0.25204,269.258,87.491,APPROACH
0.718,0.34473,0.25204,269.258,87.546,APPROACH
0.719,0.34473,0.25204,269.258,87.6,APPROACH
0.72,0.34473,0.25204,269.258,87.654,APPROACH
0.721,0.34473,0.25204,269.258,87.707,APPROACH
0.722,0.34473,0.25204,269.258,87.759,APPROACH
0.723,0.34473,0.25204,269.258,87.811,APPROACH
0.724,0.34473,0.25204,269.258,87.862,APPROACH
0.725,0.34473,0.25204,269.258,87.912,APPROACH
0.726,0.34473,0.25204,269.258,87.961,APPROACH
0.727,0.34473,0.25204,269.258,88.01,APPROACH
0.728,0.34473,0.25204,269.258,88.058,APPROACH
0.729,0.34473,0.25204,269.258,88.105,APPROACH
0.73,0.34473,0.25204,269.258,88.152,APPROACH
0.731,0.34473,0.25204,269.258,88.197,APPROACH
0.732,0.34473,0.25204,269.258,88.243,APPROACH
0.733,0.34473,0.25204,269.258,88.287,APPROACH
0.734,0.34309,0.25073,267.457,87.185,APPROACH
0.735,0.34309,0.25073,267.457,87.228,APPROACH
0.736,0.34309,0.25073,267.457,87.271,APPROACH
0.737,0.34309,0.25073,267.457,87.312,APPROACH
0.738,0.34309,0.25073,267.457,87.353,APPROACH
0.739,0.34309,0.25073,267.457,87.393,APPROACH
0.74,0.34309,0.25073,267.457,87.433,APPROACH
0.741,0.34309,0.25073,267.457,87.472,APPROACH
0.742,0.34309,0.25073,267.457,87.51,APPROACH
0.743,0.34309,0.25073,267.457,87.547,APPROACH
0.744,0.34309,0.25073,267.457,87.584,APPROACH
0.745,0.34309,0.25073,267.457,87.62,APPROACH
0.746,0.34309,0.25073,267.457,87.655,APPROACH
0.747,0.34309,0.25073,267.457,87.69,APPROACH
0.748,0.34309,0.25073,267.457,87.724,APPROACH
0.749,0.34309,0.25073,267.457,87.757,APPROACH
0.75,0.34309,0.25073,267.457,87.79,APPROACH
0.751,0.34309,0.25073,267.457,87.822,APPROACH
0.752,0.34309,0.25073,267.457,87.853,APPROACH
0.753,0.34309,0.25073,267.457,87.883,APPROACH
0.754,0.34309,0.25073,267.457,87.913,APPROACH
0.755,0.34309,0.25073,267.457,87.942,APPROACH
0.756,0.34309,0.25073,267.457,87.971,APPROACH
0.757,0.34309,0.25073,267.457,87.999,APPROACH
0.758,0.34309,0.25073,267.457,88.026,APPROACH
0.759,0.34309,0.25073,267.457,88.053,APPROACH
0.76,0.34309,0.25073,267.457,88.078,APPROACH
0.761,0.34309,0.25073,267.457,88.104,APPROACH
0.762,0.34309,0.25073,267.457,88.128,APPROACH
0.763,0.34309,0.25073,267.457,88.152,APPROACH
0.764,0.34309,0.25073,267.457,88.175,APPROACH
0.765,0.34309,0.25073,267.457,88.198,APPROACH
0.766,0.34309,0.25073,267.457,88.22,APPROACH
0.767,0.348,0.25016,268.673,93.085,APPROACH
0.768,0.348,0.25016,268.673,93.106,APPROACH
0.769,0.348,0.25016,268.673,93.126,APPROACH
0.77,0.348,0.25016,268.673,93.145,APPROACH
0.771,0.348,0.25016,268.673,93.164,APPROACH
0.772,0.348,0.25016,268.673,93.182,APPROACH
0.773,0.348,0.25016,268.673,93.2,APPROACH
0.774,0.348,0.25016,268.673,93.217,APPROACH
0.775,0.348,0.25016,268.673,93.233,APPROACH
0.776,0.348,0.25016,268.673,93.249,APPROACH
0.777,0.348,0.25016,268.673,93.264,APPROACH
0.778,0.348,0.25016,268.673,93.278,APPROACH
0.779,0.348,0.25016,268.673,93.292,APPROACH
0.78,0.348,0.25016,268.673,93.306,APPROACH
0.781,0.348,0.25016,268.673,93.318,APPROACH
0.782,0.348,0.25016,268.673,93.331,APPROACH
0.783,0.348,0.25016,268.673,93.342,APPROACH
0.784,0.348,0.25016,268.673,93.353,APPROACH
0.785,0.348,0.25016,268.673,93.364,APPROACH
0.786,0.348,0.25016,268.673,93.373,APPROACH
0.787,0.348,0.25016,268.673,93.383,APPROACH
0.788,0.348,0.25016,268.673,93.391,APPROACH
0.789,0.348,0.25016,268.673,93.4,APPROACH
0.79,0.348,0.25016,268.673,93.407,APPROACH
0.791,0.348,0.25016,268.673,93.414,APPROACH
0.792,0.348,0.25016,268.673,93.421,APPROACH
0.793,0.348,0.25016,268.673,93.427,APPROACH
0.794,0.348,0.25016,268.673,93.432,APPROACH
0.795,0.348,0.25016,268.673,93.437,APPROACH
0.796,0.348,0.25016,268.673,93.441,APPROACH
0.797,0.348,0.25016,268.673,93.445,APPROACH
0.798,0.348,0.25016,268.673,93.448,APPROACH
0.799,0.348,0.25016,268.673,93.451,APPROACH
0.8,0.348,0.25016,268.673,93.453,APPROACH
0.801,0.35157,0.24907,268.981,97.191,APPROACH
0.802,0.35157,0.24907,268.981,97.192,APPROACH
0.803,0.35157,0.24907,268.981,97.193,APPROACH
0.804,0.35157,0.24907,268.981,97.193,APPROACH
0.805,0.35157,0.24907,268.981,97.193,APPROACH
0.806,0.35157,0.24907,268.981,97.192,APPROACH
0.807,0.35157,0.24907,268.981,97.191,APPROACH
0.808,0.35157,0.24907,268.981,97.189,APPROACH
0.809,0.35157,0.24907,268.981,97.187,APPROACH
0.81,0.35157,0.24907,268.981,97.185,APPROACH
0.811,0.35157,0.24907,268.981,97.181,APPROACH
0.812,0.35157,0.24907,268.981,97.178,APPROACH
0.813,0.35157,0.24907,268.981,97.174,APPROACH
0.814,0.35157,0.24907,268.981,97.169,APPROACH
0.815,0.35157,0.24907,268.981,97.164,APPROACH
0.816,0.35157,0.24907,268.981,97.159,APPROACH
0.817,0.35157,0.24907,268.981,97.153,APPROACH
0.818,0.35157,0.24907,268.981,97.147,APPROACH
0.819,0.35157,0.24907,268.981,97.14,APPROACH
0.82,0.35157,0.24907,268.981,97.133,APPROACH
0.821,0.35157,0.24907,268.981,97.126,APPROACH
0.822,0.35157,0.24907,268.981,97.118,APPROACH
0.823,0.35157,0.24907,268.981,97.109,APPROACH
0.824,0.35157,0.24907,268.981,97.101,APPROACH
0.825,0.35157,0.24907,268.981,97.092,APPROACH
0.826,0.35157,0.24907,268.981,97.082,APPROACH
0.827,0.35157,0.24907,268.981,97.072,APPROACH
0.828,0.35157,0.24907,268.981,97.062,APPROACH
0.829,0.35157,0.24907,268.981,97.051,APPROACH
0.83,0.35157,0.24907,268.981,97.04,APPROACH
0.831,0.35157,0.24907,268.981,97.028,APPROACH
0.832,0.35157,0.24907,268.981,97.017,APPROACH
0.833,0.35157,0.24907,268.981,97.004,APPROACH
0.834,0.35081,0.24867,268.329,96.394,APPROACH
0.835,0.35081,0.24867,268.329,96.381,APPROACH
0.836,0.35081,0.24867,268.329,96.368,APPROACH
0.837,0.35081,0.24867,268.329,96.355,APPROACH
0.838,0.35081,0.24867,268.329,96.341,APPROACH
0.839,0.35081,0.24867,268.329,96.326,APPROACH
0.84,0.35081,0.24867,268.329,96.312,APPROACH
0.841,0.35081,0.24867,268.329,96.297,APPROACH
0.842,0.35081,0.24867,268.329,96.281,APPROACH
0.843,0.35081,0.24867,268.329,96.266,APPROACH
0.844,0.35081,0.24867,268.329,96.25,APPROACH
0.845,0.35081,0.24867,268.329,96.234,APPROACH
0.846,0.35081,0.24867,268.329,96.217,APPROACH
0.847,0.35081,0.24867,268.329,96.2,APPROACH
0.848,0.35081,0.24867,268.329,96.183,APPROACH
0.849,0.35081,0.24867,268.329,96.166,APPROACH
0.85,0.35081,0.24867,268.329,96.148,APPROACH
0.851,0.35081,0.24867,268.329,96.13,APPROACH
0.852,0.35081,0.24867,268.329,96.112,APPROACH
0.853,0.35081,0.24867,268.329,96.093,APPROACH
0.854,0.35081,0.24867,268.329,96.075,APPROACH
0.855,0.35081,0.24867,268.329,96.056,APPROACH
0.856,0.35081,0.24867,268.329,96.036,APPROACH
0.857,0.35081,0.24867,268.329,96.017,APPROACH
0.858,0.35081,0.24867,268.329,95.997,APPROACH
0.859,0.35081,0.24867,268.329,95.977,APPROACH
0.86,0.35081,0.24867,268.329,95.957,APPROACH
0.861,0.35081,0.24867,268.329,95.936,APPROACH
0.862,0.35081,0.24867,268.329,95.935,APPROACH
0.863,0.35081,0.24867,268.329,95.97,APPROACH
0.864,0.35081,0.24867,268.329,96.021,APPROACH
0.865,0.35081,0.24867,268.329,96.079,APPROACH
0.866,0.35081,0.24867,268.329,96.138,APPROACH
0.867,0.35054,0.25163,270.975,95.004,APPROACH
0.868,0.35054,0.25163,270.975,95.061,APPROACH
0.869,0.35054,0.25163,270.975,95.115,APPROACH
0.87,0.35054,0.25163,270.975,95.166,APPROACH
0.871,0.35054,0.25163,270.975,95.215,APPROACH
0.872,0.35054,0.25163,270.975,95.261,APPROACH
0.873,0.35054,0.25163,270.975,95.303,APPROACH
0.874,0.35054,0.25163,270.975,95.343,APPROACH
0.875,0.35054,0.25163,270.975,95.38,APPROACH
0.876,0.35054,0.25163,270.975,95.415,APPROACH
0.877,0.35054,0.25163,270.975,95.446,APPROACH
0.878,0.35054,0.25163,270.975,95.475,APPROACH
0.879,0.35054,0.25163,270.975,95.501,APPROACH
0.88,0.35054,0.25163,270.975,95.525,APPROACH
0.881,0.35054,0.25163,270.975,95.546,APPROACH
0.882,0.35054,0.25163,270.975,95.565,APPROACH
0.883,0.35054,0.25163,270.975,95.581,APPROACH
0.884,0.35054,0.25163,270.975,95.594,APPROACH
0.885,0.35054,0.25163,270.975,95.606,APPROACH
0.886,0.35054,0.25163,270.975,95.615,APPROACH
0.887,0.35054,0.25163,270.975,95.621,APPROACH
0.888,0.35054,0.25163,270.975,95.626,APPROACH
0.889,0.35054,0.25163,270.975,95.628,APPROACH
0.89,0.35054,0.25163,270.975,95.628,APPROACH
0.891,0.35054,0.25163,270.975,95.626,APPROACH
0.892,0.35054,0.25163,270.975,95.622,APPROACH
0.893,0.35054,0.25163,270.975,95.615,APPROACH
0.894,0.35054,0.25163,270.975,95.607,APPROACH
0.895,0.35054,0.25163,270.975,95.596,APPROACH
0.896,0.35054,0.25163,270.975,95.584,APPROACH
0.897,0.35054,0.25163,270.975,95.57,APPROACH
0.898,0.35054,0.25163,270.975,95.554,APPROACH
0.899,0.35054,0.25163,270.975,95.536,APPROACH
0.9,0.35054,0.25163,270.975,95.516,APPROACH
0.901,0.34836,0.25132,269.883,93.521,APPROACH
0.902,0.34836,0.25132,269.883,93.497,APPROACH
0.903,0.34836,0.25132,269.883,93.472,APPROACH
0.904,0.34836,0.25132,269.883,93.445,APPROACH
0.905,0.34836,0.25132,269.883,93.417,APPROACH
0.906,0.34836,0.25132,269.883,93.387,APPROACH
0.907,0.34836,0.25132,269.883,93.355,APPROACH
0.908,0.34836,0.25132,269.883,93.322,APPROACH
0.909,0.34836,0.25132,269.883,93.287,APPROACH
0.91,0.34836,0.25132,269.883,93.251,APPROACH
0.911,0.34836,0.25132,269.883,93.213,APPROACH
0.912,0.34836,0.25132,269.883,93.174,APPROACH
0.913,0.34836,0.25132,269.883,93.134,APPROACH
0.914,0.34836,0.25132,269.883,93.092,APPROACH
0.915,0.34836,0.25132,269.883,93.048,APPROACH
0.916,0.34836,0.25132,269.883,93.004,APPROACH
0.917,0.34836,0.25132,269.883,92.958,APPROACH
0.918,0.34836,0.25132,269.883,92.911,APPROACH
0.919,0.34836,0.25132,269.883,92.862,APPROACH
0.92,0.34836,0.25132,269.883,92.813,APPROACH
0.921,0.34836,0.25132,269.883,92.762,APPROACH
0.922,0.34836,0.25132,269.883,92.71,APPROACH
0.923,0.34836,0.25132,269.883,92.657,APPROACH
0.924,0.34836,0.25132,269.883,92.602,APPROACH
0.925,0.34836,0.25132,269.883,92.547,APPROACH
0.926,0.34836,0.25132,269.883,92.491,APPROACH
0.927,0.34836,0.25132,269.883,92.433,APPROACH
0.928,0.34836,0.25132,269.883,92.375,APPROACH
0.929,0.34836,0.25132,269.883,92.315,APPROACH
0.93,0.34836,0.25132,269.883,92.255,APPROACH
0.931,0.34836,0.25132,269.883,92.193,APPROACH
0.932,0.34836,0.25132,269.883,92.131,APPROACH
0.933,0.34836,0.25132,269.883,92.068,APPROACH
0.934,0.34969,0.25185,270.86,93.099,APPROACH
0.935,0.34969,0.25185,270.86,93.034,APPROACH
0.936,0.34969,0.25185,270.86,92.968,APPROACH
0.937,0.34969,0.25185,270.86,92.901,APPROACH
0.938,0.34969,0.25185,270.86,92.834,APPROACH
0.939,0.34969,0.25185,270.86,92.766,APPROACH
0.94,0.34969,0.25185,270.86,92.697,APPROACH
0.941,0.34969,0.25185,270.86,92.627,APPROACH
0.942,0.34969,0.25185,270.86,92.557,APPROACH
0.943,0.34969,0.25185,270.86,92.486,APPROACH
0.944,0.34969,0.25185,270.86,92.414,APPROACH
0.945,0.34969,0.25185,270.86,92.341,APPROACH
0.946,0.34969,0.25185,270.86,92.268,APPROACH
0.947,0.34969,0.25185,270.86,92.194,APPROACH
0.948,0.34969,0.25185,270.86,92.12,APPROACH
0.949,0.34969,0.25185,270.86,92.045,APPROACH
0.95,0.34969,0.25185,270.86,91.969,APPROACH
0.951,0.34969,0.25185,270.86,91.893,APPROACH
0.952,0.34969,0.25185,270.86,91.817,APPROACH
0.953,0.34969,0.25185,270.86,91.74,APPROACH
0.954,0.34969,0.25185,270.86,91.662,APPROACH
0.955,0.34969,0.25185,270.86,91.579,APPROACH
0.956,0.34969,0.25185,270.86,91.49,APPROACH
0.957,0.34969,0.25185,270.86,91.397,APPROACH
0.958,0.34969,0.25185,270.86,91.298,APPROACH
0.959,0.34969,0.25185,270.86,91.194,APPROACH
0.96,0.34969,0.25185,270.86,91.085,APPROACH
0.961,0.34969,0.25185,270.86,90.971,APPROACH
0.962,0.34969,0.25185,270.86,90.853,APPROACH
0.963,0.34969,0.25185,270.86,90.73,APPROACH
0.964,0.34969,0.25185,270.86,90.602,APPROACH
0.965,0.34969,0.25185,270.86,90.47,APPROACH
0.966,0.34969,0.25185,270.86,90.333,APPROACH
0.967,0.35016,0.25116,270.394,90.862,APPROACH
0.968,0.35016,0.25116,270.394,90.717,APPROACH
0.969,0.35016,0.25116,270.394,90.568,APPROACH
0.97,0.35016,0.25116,270.394,90.415,APPROACH
0.971,0.35016,0.25116,270.394,90.258,APPROACH
0.972,0.35016,0.25116,270.394,90.097,APPROACH
0.973,0.35016,0.25116,270.394,89.933,APPROACH
0.974,0.35016,0.25116,270.394,89.764,APPROACH
0.975,0.35016,0.25116,270.394,89.592,APPROACH
0.976,0.35016,0.25116,270.394,89.417,APPROACH
0.977,0.35016,0.25116,270.394,89.238,APPROACH
0.978,0.35016,0.25116,270.394,89.056,APPROACH
0.979,0.35016,0.25116,270.394,88.87,APPROACH
0.98,0.35016,0.25116,270.394,88.682,APPROACH
0.981,0.35016,0.25116,270.394,88.49,APPROACH
0.982,0.35016,0.25116,270.394,88.295,APPROACH
0.983,0.35016,0.25116,270.394,88.097,APPROACH
0.984,0.35016,0.25116,270.394,87.896,APPROACH
0.985,0.35016,0.25116,270.394,87.692,APPROACH
0.986,0.35016,0.25116,270.394,87.486,APPROACH
0.987,0.35016,0.25116,270.394,87.277,APPROACH
0.988,0.35016,0.25116,270.394,87.065,APPROACH
0.989,0.35016,0.25116,270.394,86.851,APPROACH
0.99,0.35016,0.25116,270.394,86.634,APPROACH
0.991,0.35016,0.25116,270.394,86.414,APPROACH
0.992,0.35016,0.25116,270.394,86.193,APPROACH
0.993,0.35016,0.25116,270.394,85.969,APPROACH
0.994,0.35016,0.25116,270.394,85.743,APPROACH
0.995,0.35016,0.25116,270.394,85.514,APPROACH
0.996,0.35016,0.25116,270.394,85.283,APPROACH
0.997,0.35016,0.25116,270.394,85.051,APPROACH
0.998,0.35016,0.25116,270.394,84.816,APPROACH
0.999,0.35016,0.25116,270.394,84.579,APPROACH
1.0,0.35016,0.25116,270.394,84.341,APPROACH
1.001,0.34983,0.25271,271.718,83.289,APPROACH
1.002,0.34983,0.25271,271.718,83.047,APPROACH
1.003,0.34983,0.25271,271.718,82.803,APPROACH
1.004,0.34983,0.25271,271.718,82.557,APPROACH
1.005,0.34983,0.25271,271.718,82.31,APPROACH
1.006,0.34983,0.25271,271.718,82.154,APPROACH
1.007,0.34983,0.25271,271.718,82.018,APPROACH
1.008,0.34983,0.25271,271.718,81.885,APPROACH
1.009,0.34983,0.25271,271.718,81.752,APPROACH
1.01,0.34983,0.25271,271.718,81.619,APPROACH
1.011,0.34983,0.25271,271.718,81.486,APPROACH
1.012,0.34983,0.25271,271.718,81.353,APPROACH
1.013,0.34983,0.25271,271.718,81.219,APPROACH
1.014,0.34983,0.25271,271.718,81.084,APPROACH
1.015,0.34983,0.25271,271.718,80.948,APPROACH
1.016,0.34983,0.25271,271.718,80.811,APPROACH
1.017,0.34983,0.25271,271.718,80.673,APPROACH
1.018,0.34983,0.25271,271.718,80.533,APPROACH
1.019,0.34983,0.25271,271.718,80.393,APPROACH
1.02,0.34983,0.25271,271.718,80.251,APPROACH
1.021,0.34983,0.25271,271.718,80.108,APPROACH
1.022,0.34983,0.25271,271.718,79.964,APPROACH
1.023,0.34983,0.25271,271.718,79.818,APPROACH
1.024,0.34983,0.25271,271.718,79.672,APPROACH
1.025,0.34983,0.25271,271.718,79.525,APPROACH
1.026,0.34983,0.25271,271.718,79.377,APPROACH
1.027,0.34983,0.25271,271.718,79.228,APPROACH
1.028,0.34983,0.25271,271.718,79.078,APPROACH
1.029,0.34983,0.25271,271.718,78.927,APPROACH
1.03,0.34983,0.25271,271.718,78.775,APPROACH
1.031,0.34983,0.25271,271.718,78.622,APPROACH
1.032,0.34983,0.25271,271.718,78.469,APPROACH
1.033,0.34983,0.25271,271.718,78.315,APPROACH
1.034,0.35049,0.25269,271.936,78.794,APPROACH
1.035,0.35049,0.25269,271.936,78.638,APPROACH
1.036,0.35049,0.25269,271.936,78.482,APPROACH
1.037,0.35049,0.25269,271.936,78.325,APPROACH
1.038,0.35049,0.25269,271.936,78.167,APPROACH
1.039,0.35049,0.25269,271.936,78.008,APPROACH
1.04,0.35049,0.25269,271.936,77.849,APPROACH
1.041,0.35049,0.25269,271.936,77.689,APPROACH
1.042,0.35049,0.25269,271.936,77.529,APPROACH
1.043,0.35049,0.25269,271.936,77.368,APPROACH
1.044,0.35049,0.25269,271.936,77.206,APPROACH
1.045,0.35049,0.25269,271.936,77.044,APPROACH
1.046,0.35049,0.25269,271.936,76.881,APPROACH
1.047,0.35049,0.25269,271.936,76.717,APPROACH
1.048,0.35049,0.25269,271.936,76.553,APPROACH
1.049,0.35049,0.25269,271.936,76.389,APPROACH
1.05,0.35049,0.25269,271.936,76.224,APPROACH
1.051,0.35049,0.25269,271.936,76.058,APPROACH
1.052,0.35049,0.25269,271.936,75.892,APPROACH
1.053,0.35049,0.25269,271.936,75.725,APPROACH
1.054,0.35049,0.25269,271.936,75.557,APPROACH
1.055,0.35049,0.25269,271.936,75.389,APPROACH
1.056,0.35049,0.25269,271.936,75.22,APPROACH
1.057,0.35049,0.25269,271.936,75.05,APPROACH
1.058,0.35049,0.25269,271.936,74.88,APPROACH
1.059,0.35049,0.25269,271.936,74.71,APPROACH
1.06,0.35049,0.25269,271.936,74.539,APPROACH
1.061,0.35049,0.25269,271.936,74.368,APPROACH
1.062,0.35049,0.25269,271.936,74.197,APPROACH
1.063,0.35049,0.25269,271.936,74.026,APPROACH
1.064,0.35049,0.25269,271.936,73.854,APPROACH
1.065,0.35049,0.25269,271.936,73.682,APPROACH
1.066,0.35049,0.25269,271.936,73.51,APPROACH
1.067,0.3546,0.2517,272.572,77.552,APPROACH
1.068,0.3546,0.2517,272.572,77.379,APPROACH
1.069,0.3546,0.2517,272.572,77.207,APPROACH
1.07,0.3546,0.2517,272.572,77.034,APPROACH
1.071,0.3546,0.2517,272.572,76.861,APPROACH
1.072,0.3546,0.2517,272.572,76.688,APPROACH
1.073,0.3546,0.2517,272.572,76.515,APPROACH
1.074,0.3546,0.2517,272.572,76.342,APPROACH
1.075,0.3546,0.2517,272.572,76.168,APPROACH
1.076,0.3546,0.2517,272.572,75.995,APPROACH
1.077,0.3546,0.2517,272.572,75.821,APPROACH
1.078,0.3546,0.2517,272.572,75.647,APPROACH
1.079,0.3546,0.2517,272.572,75.474,APPROACH
1.08,0.3546,0.2517,272.572,75.3,APPROACH
1.081,0.3546,0.2517,272.572,75.126,APPROACH
1.082,0.3546,0.2517,272.572,74.952,APPROACH
1.083,0.3546,0.2517,272.572,74.779,APPROACH
1.084,0.3546,0.2517,272.572,74.605,APPROACH
1.085,0.3546,0.2517,272.572,74.431,APPROACH
1.086,0.3546,0.2517,272.572,74.257,APPROACH
1.087,0.3546,0.2517,272.572,74.083,APPROACH
1.088,0.3546,0.2517,272.572,73.91,APPROACH
1.089,0.3546,0.2517,272.572,73.736,APPROACH
1.09,0.3546,0.2517,272.572,73.563,APPROACH
1.091,0.3546,0.2517,272.572,73.389,APPROACH
1.092,0.3546,0.2517,272.572,73.216,APPROACH
1.093,0.3546,0.2517,272.572,73.042,APPROACH
1.094,0.3546,0.2517,272.572,72.869,APPROACH
1.095,0.3546,0.2517,272.572,72.696,APPROACH
1.096,0.3546,0.2517,272.572,72.523,APPROACH
1.097,0.3546,0.2517,272.572,72.351,APPROACH
1.098,0.3546,0.2517,272.572,72.178,APPROACH
1.099,0.3546,0.2517,272.572,72.005,APPROACH
1.1,0.3546,0.2517,272.572,71.833,APPROACH
1.101,0.35462,0.24949,270.539,72.381,APPROACH
1.102,0.35462,0.24949,270.539,72.209,APPROACH
1.103,0.35462,0.24949,270.539,72.037,APPROACH
1.104,0.35462,0.24949,270.539,71.865,APPROACH
1.105,0.35462,0.24949,270.539,71.694,APPROACH
1.106,0.35462,0.24949,270.539,71.523,APPROACH
1.107,0.35462,0.24949,270.539,71.352,APPROACH
1.108,0.35462,0.24949,270.539,71.181,APPROACH
1.109,0.35462,0.24949,270.539,71.011,APPROACH
1.11,0.35462,0.24949,270.539,70.84,APPROACH
1.111,0.35462,0.24949,270.539,70.67,APPROACH
1.112,0.35462,0.24949,270.539,70.501,APPROACH
1.113,0.35462,0.24949,270.539,70.331,APPROACH
1.114,0.35462,0.24949,270.539,70.162,APPROACH
1.115,0.35462,0.24949,270.539,69.993,APPROACH
1.116,0.35462,0.24949,270.539,69.824,APPROACH
1.117,0.35462,0.24949,270.539,69.656,APPROACH
1.118,0.35462,0.24949,270.539,69.488,APPROACH
1.119,0.35462,0.24949,270.539,69.32,APPROACH
1.12,0.35462,0.24949,270.539,69.152,APPROACH
1.121,0.35462,0.24949,270.539,68.985,APPROACH
1.122,0.35462,0.24949,270.539,68.818,APPROACH
1.123,0.35462,0.24949,270.539,68.652,APPROACH
1.124,0.35462,0.24949,270.539,68.486,APPROACH
1.125,0.35462,0.24949,270.539,68.32,APPROACH
1.126,0.35462,0.24949,270.539,68.154,APPROACH
1.127,0.35462,0.24949,270.539,67.989,APPROACH
1.128,0.35462,0.24949,270.539,67.824,APPROACH
1.129,0.35462,0.24949,270.539,67.66,APPROACH
1.13,0.35462,0.24949,270.539,67.495,APPROACH
1.131,0.35462,0.24949,270.539,67.332,APPROACH
1.132,0.35462,0.24949,270.539,67.168,APPROACH
1.133,0.35462,0.24949,270.539,67.005,APPROACH
1.134,0.35513,0.25092,272.047,66.869,APPROACH
1.135,0.35513,0.25092,272.047,66.707,APPROACH
1.136,0.35513,0.25092,272.047,66.545,APPROACH
1.137,0.35513,0.25092,272.047,66.383,APPROACH
1.138,0.35513,0.25092,272.047,66.222,APPROACH
1.139,0.35513,0.25092,272.047,66.062,APPROACH
1.14,0.35513,0.25092,272.047,65.902,APPROACH
1.141,0.35513,0.25092,272.047,65.742,APPROACH
1.142,0.35513,0.25092,272.047,65.582,APPROACH
1.143,0.35513,0.25092,272.047,65.423,APPROACH
1.144,0.35513,0.25092,272.047,65.265,APPROACH
1.145,0.35513,0.25092,272.047,65.107,APPROACH
1.146,0.35513,0.25092,272.047,64.949,APPROACH
1.147,0.35513,0.25092,272.047,64.792,APPROACH
1.148,0.35513,0.25092,272.047,64.635,APPROACH
1.149,0.35513,0.25092,272.047,64.479,APPROACH
1.15,0.35513,0.25092,272.047,64.323,APPROACH
1.151,0.35513,0.25092,272.047,64.168,APPROACH
1.152,0.35513,0.25092,272.047,64.013,APPROACH
1.153,0.35513,0.25092,272.047,63.859,APPROACH
1.154,0.35513,0.25092,272.047,63.705,APPROACH
1.155,0.35513,0.25092,272.047,63.551,APPROACH
1.156,0.35513,0.25092,272.047,63.398,APPROACH
1.157,0.35513,0.25092,272.047,63.246,APPROACH
1.158,0.35513,0.25092,272.047,63.094,APPROACH
1.159,0.35513,0.25092,272.047,62.942,APPROACH
1.16,0.35513,0.25092,272.047,62.791,APPROACH
1.161,0.35513,0.25092,272.047,62.641,APPROACH
1.162,0.35513,0.25092,272.047,62.491,APPROACH
1.163,0.35513,0.25092,272.047,62.341,APPROACH
1.164,0.35513,0.25092,272.047,62.192,APPROACH
1.165,0.35513,0.25092,272.047,62.044,APPROACH
1.166,0.35513,0.25092,272.047,61.896,APPROACH
1.167,0.3527,0.2492,269.532,59.988,APPROACH
1.168,0.3527,0.2492,269.532,59.841,APPROACH
1.169,0.3527,0.2492,269.532,59.695,APPROACH
1.17,0.3527,0.2492,269.532,59.549,APPROACH
1.171,0.3527,0.2492,269.532,59.404,APPROACH
1.172,0.3527,0.2492,269.532,59.259,APPROACH
1.173,0.3527,0.2492,269.532,59.115,APPROACH
1.174,0.3527,0.2492,269.532,58.971,APPROACH
1.175,0.3527,0.2492,269.532,58.828,APPROACH
1.176,0.3527,0.2492,269.532,58.685,APPROACH
1.177,0.3527,0.2492,269.532,58.543,APPROACH
1.178,0.3527,0.2492,269.532,58.402,APPROACH
1.179,0.3527,0.2492,269.532,58.261,APPROACH
1.18,0.3527,0.2492,269.532,58.12,APPROACH
1.181,0.3527,0.2492,269.532,57.981,APPROACH
1.182,0.3527,0.2492,269.532,57.841,APPROACH
1.183,0.3527,0.2492,269.532,57.703,APPROACH
1.184,0.3527,0.2492,269.532,57.565,APPROACH
1.185,0.3527,0.2492,269.532,57.427,APPROACH
1.186,0.3527,0.2492,269.532,57.29,APPROACH
1.187,0.3527,0.2492,269.532,57.154,APPROACH
1.188,0.3527,0.2492,269.532,57.018,APPROACH
1.189,0.3527,0.2492,269.532,56.883,APPROACH
1.19,0.3527,0.2492,269.532,56.748,APPROACH
1.191,0.3527,0.2492,269.532,56.614,APPROACH
1.192,0.3527,0.2492,269.532,56.481,APPROACH
1.193,0.3527,0.2492,269.532,56.348,APPROACH
1.194,0.3527,0.2492,269.532,56.216,APPROACH
1.195,0.3527,0.2492,269.532,56.084,APPROACH
1.196,0.3527,0.2492,269.532,55.953,APPROACH
1.197,0.3527,0.2492,269.532,55.823,APPROACH
1.198,0.3527,0.2492,269.532,55.693,APPROACH
1.199,0.3527,0.2492,269.532,55.564,APPROACH
1.2,0.3527,0.2492,269.532,55.436,APPROACH
1.201,0.35333,0.24906,269.644,55.955,APPROACH
1.202,0.35333,0.24906,269.644,55.827,APPROACH
1.203,0.35333,0.24906,269.644,55.701,APPROACH
1.204,0.35333,0.24906,269.644,55.575,APPROACH
1.205,0.35333,0.24906,269.644,55.449,APPROACH
1.206,0.35333,0.24906,269.644,55.324,APPROACH
1.207,0.35333,0.24906,269.644,55.2,APPROACH
1.208,0.35333,0.24906,269.644,55.077,APPROACH
1.209,0.35333,0.24906,269.644,54.954,APPROACH
1.21,0.35333,0.24906,269.644,54.832,APPROACH
1.211,0.35333,0.24906,269.644,54.71,APPROACH
1.212,0.35333,0.24906,269.644,54.589,APPROACH
1.213,0.35333,0.24906,269.644,54.469,APPROACH
1.214,0.35333,0.24906,269.644,54.349,APPROACH
1.215,0.35333,0.24906,269.644,54.23,APPROACH
1.216,0.35333,0.24906,269.644,54.111,APPROACH
1.217,0.35333,0.24906,269.644,53.994,APPROACH
1.218,0.35333,0.24906,269.644,53.877,APPROACH
1.219,0.35333,0.24906,269.644,53.76,APPROACH
1.22,0.35333,0.24906,269.644,53.644,APPROACH
1.221,0.35333,0.24906,269.644,53.529,APPROACH
1.222,0.35333,0.24906,269.644,53.415,APPROACH
1.223,0.35333,0.24906,269.644,53.301,APPROACH
1.224,0.35333,0.24906,269.644,53.188,APPROACH
1.225,0.35333,0.24906,269.644,53.075,APPROACH
1.226,0.35333,0.24906,269.644,52.963,APPROACH
1.227,0.35333,0.24906,269.644,52.852,APPROACH
1.228,0.35333,0.24906,269.644,52.742,APPROACH
1.229,0.35333,0.24906,269.644,52.632,APPROACH
1.23,0.35333,0.24906,269.644,52.523,APPROACH
1.231,0.35333,0.24906,269.644,52.414,APPROACH
1.232,0.35333,0.24906,269.644,52.307,APPROACH
1.233,0.35333,0.24906,269.644,52.2,APPROACH
1.234,0.34948,0.24984,268.918,48.186,APPROACH
1.235,0.34948,0.24984,268.918,48.08,APPROACH
1.236,0.34948,0.24984,268.918,47.975,APPROACH
1.237,0.34948,0.24984,268.918,47.871,APPROACH
1.238,0.34948,0.24984,268.918,47.767,APPROACH
1.239,0.34948,0.24984,268.918,47.664,APPROACH
1.24,0.34948,0.24984,268.918,47.562,APPROACH
1.241,0.34948,0.24984,268.918,47.461,APPROACH
1.242,0.34948,0.24984,268.918,47.36,APPROACH
1.243,0.34948,0.24984,268.918,47.259,APPROACH
1.244,0.34948,0.24984,268.918,47.16,APPROACH
1.245,0.34948,0.24984,268.918,47.061,APPROACH
1.246,0.34948,0.24984,268.918,46.963,APPROACH
1.247,0.34948,0.24984,268.918,46.865,APPROACH
1.248,0.34948,0.24984,268.918,46.769,APPROACH
1.249,0.34948,0.24984,268.918,46.673,APPROACH
1.25,0.34948,0.24984,268.918,46.577,APPROACH
1.251,0.34948,0.24984,268.918,46.483,APPROACH
1.252,0.34948,0.24984,268.918,46.389,APPROACH
1.253,0.34948,0.24984,268.918,46.296,APPROACH
1.254,0.34948,0.24984,268.918,46.203,APPROACH
1.255,0.34948,0.24984,268.918,46.111,APPROACH
1.256,0.34948,0.24984,268.918,46.02,APPROACH
1.257,0.34948,0.24984,268.918,45.93,APPROACH
1.258,0.34948,0.24984,268.918,45.84,APPROACH
1.259,0.34948,0.24984,268.918,45.751,APPROACH
1.26,0.34948,0.24984,268.918,45.663,APPROACH
1.261,0.34948,0.24984,268.918,45.576,APPROACH
1.262,0.34948,0.24984,268.918,45.489,APPROACH
1.263,0.34948,0.24984,268.918,45.403,APPROACH
1.264,0.34948,0.24984,268.918,45.318,APPROACH
1.265,0.34948,0.24984,268.918,45.233,APPROACH
1.266,0.34948,0.24984,268.918,45.149,APPROACH
1.267,0.35198,0.25089,270.826,47.104,APPROACH
1.268,0.35198,0.25089,270.826,47.022,APPROACH
1.269,0.35198,0.25089,270.826,46.94,APPROACH
1.27,0.35198,0.25089,270.826,46.859,APPROACH
1.271,0.35198,0.25089,270.826,46.779,APPROACH
1.272,0.35198,0.25089,270.826,46.699,APPROACH
1.273,0.35198,0.25089,270.826,46.621,APPROACH
1.274,0.35198,0.25089,270.826,46.543,APPROACH
1.275,0.35198,0.25089,270.826,46.465,APPROACH
1.276,0.35198,0.25089,270.826,46.389,APPROACH
1.277,0.35198,0.25089,270.826,46.313,APPROACH
1.278,0.35198,0.25089,270.826,46.238,APPROACH
1.279,0.35198,0.25089,270.826,46.163,APPROACH
1.28,0.35198,0.25089,270.826,46.09,APPROACH
1.281,0.35198,0.25089,270.826,46.017,APPROACH
1.282,0.35198,0.25089,270.826,45.945,APPROACH
1.283,0.35198,0.25089,270.826,45.873,APPROACH
1.284,0.35198,0.25089,270.826,45.803,APPROACH
1.285,0.35198,0.25089,270.826,45.733,APPROACH
1.286,0.35198,0.25089,270.826,45.663,APPROACH
1.287,0.35198,0.25089,270.826,45.595,APPROACH
1.288,0.35198,0.25089,270.826,45.527,APPROACH
1.289,0.35198,0.25089,270.826,45.459,APPROACH
1.29,0.35198,0.25089,270.826,45.393,APPROACH
1.291,0.35198,0.25089,270.826,45.327,APPROACH
1.292,0.35198,0.25089,270.826,45.262,APPROACH
1.293,0.35198,0.25089,270.826,45.197,APPROACH
1.294,0.35198,0.25089,270.826,45.133,APPROACH
1.295,0.35198,0.25089,270.826,45.07,APPROACH
1.296,0.35198,0.25089,270.826,45.007,APPROACH
1.297,0.35198,0.25089,270.826,44.943,APPROACH
1.298,0.35198,0.25089,270.826,44.877,APPROACH
1.299,0.35198,0.25089,270.826,44.812,APPROACH
1.3,0.35198,0.25089,270.826,44.746,APPROACH
1.301,0.35559,0.25074,272.062,48.156,APPROACH
1.302,0.35559,0.25074,272.062,48.091,APPROACH
1.303,0.35559,0.25074,272.062,48.027,APPROACH
1.304,0.35559,0.25074,272.062,47.963,APPROACH
1.305,0.35559,0.25074,272.062,47.9,APPROACH
1.306,0.35559,0.25074,272.062,47.837,APPROACH
1.307,0.35559,0.25074,272.062,47.776,APPROACH
1.308,0.35559,0.25074,272.062,47.715,APPROACH
1.309,0.35559,0.25074,272.062,47.655,APPROACH
1.31,0.35559,0.25074,272.062,47.595,APPROACH
1.311,0.35559,0.25074,272.062,47.537,APPROACH
1.312,0.35559,0.25074,272.062,47.479,APPROACH
1.313,0.35559,0.25074,272.062,47.422,APPROACH
1.314,0.35559,0.25074,272.062,47.366,APPROACH
1.315,0.35559,0.25074,272.062,47.31,APPROACH
1.316,0.35559,0.25074,272.062,47.256,APPROACH
1.317,0.35559,0.25074,272.062,47.202,APPROACH
1.318,0.35559,0.25074,272.062,47.149,APPROACH
1.319,0.35559,0.25074,272.062,47.096,APPROACH
1.32,0.35559,0.25074,272.062,47.044,APPROACH
1.321,0.35559,0.25074,272.062,46.991,APPROACH
1.322,0.35559,0.25074,272.062,46.94,APPROACH
1.323,0.35559,0.25074,272.062,46.888,APPROACH
1.324,0.35559,0.25074,272.062,46.838,APPROACH
1.325,0.35559,0.25074,272.062,46.788,APPROACH
1.326,0.35559,0.25074,272.062,46.738,APPROACH
1.327,0.35559,0.25074,272.062,46.689,APPROACH
1.328,0.35559,0.25074,272.062,46.64,APPROACH
1.329,0.35559,0.25074,272.062,46.592,APPROACH
1.33,0.35559,0.25074,272.062,46.544,APPROACH
1.331,0.35559,0.25074,272.062,46.497,APPROACH
1.332,0.35559,0.25074,272.062,46.451,APPROACH
1.333,0.35559,0.25074,272.062,46.405,APPROACH
1.334,0.35388,0.25042,271.108,44.842,APPROACH
1.335,0.35388,0.25042,271.108,44.797,APPROACH
1.336,0.35388,0.25042,271.108,44.752,APPROACH
1.337,0.35388,0.25042,271.108,44.708,APPROACH
1.338,0.35388,0.25042,271.108,44.664,APPROACH
1.339,0.35388,0.25042,271.108,44.621,APPROACH
1.34,0.35388,0.25042,271.108,44.578,APPROACH
1.341,0.35388,0.25042,271.108,44.536,APPROACH
1.342,0.35388,0.25042,271.108,44.494,APPROACH
1.343,0.35388,0.25042,271.108,44.452,APPROACH
1.344,0.35388,0.25042,271.108,44.411,APPROACH
1.345,0.35388,0.25042,271.108,44.37,APPROACH
1.346,0.35388,0.25042,271.108,44.33,APPROACH
1.347,0.35388,0.25042,271.108,44.29,APPROACH
1.348,0.35388,0.25042,271.108,44.249,APPROACH
1.349,0.35388,0.25042,271.108,44.208,APPROACH
1.35,0.35388,0.25042,271.108,44.167,APPROACH
1.351,0.35388,0.25042,271.108,44.126,APPROACH
1.352,0.35388,0.25042,271.108,44.085,APPROACH
1.353,0.35388,0.25042,271.108,44.044,APPROACH
1.354,0.35388,0.25042,271.108,44.003,APPROACH
1.355,0.35388,0.25042,271.108,43.963,APPROACH
1.356,0.35388,0.25042,271.108,43.923,APPROACH
1.357,0.35388,0.25042,271.108,43.883,APPROACH
1.358,0.35388,0.25042,271.108,43.844,APPROACH
1.359,0.35388,0.25042,271.108,43.805,APPROACH
1.36,0.35388,0.25042,271.108,43.767,APPROACH
1.361,0.35388,0.25042,271.108,43.729,APPROACH
1.362,0.35388,0.25042,271.108,43.691,APPROACH
1.363,0.35388,0.25042,271.108,43.654,APPROACH
1.364,0.35388,0.25042,271.108,43.617,APPROACH
1.365,0.35388,0.25042,271.108,43.581,APPROACH
1.366,0.35388,0.25042,271.108,43.545,APPROACH
1.367,0.35476,0.24954,270.639,44.616,APPROACH
1.368,0.35476,0.24954,270.639,44.58,APPROACH
1.369,0.35476,0.24954,270.639,44.546,APPROACH
1.37,0.35476,0.24954,270.639,44.511,APPROACH
1.371,0.35476,0.24954,270.639,44.477,APPROACH
1.372,0.35476,0.24954,270.639,44.443,APPROACH
1.373,0.35476,0.24954,270.639,44.41,APPROACH
1.374,0.35476,0.24954,270.639,44.377,APPROACH
1.375,0.35476,0.24954,270.639,44.344,APPROACH
1.376,0.35476,0.24954,270.639,44.312,APPROACH
1.377,0.35476,0.24954,270.639,44.28,APPROACH
1.378,0.35476,0.24954,270.639,44.248,APPROACH
1.379,0.35476,0.24954,270.639,44.216,APPROACH
1.38,0.35476,0.24954,270.639,44.184,APPROACH
1.381,0.35476,0.24954,270.639,44.153,APPROACH
1.382,0.35476,0.24954,270.639,44.121,APPROACH
1.383,0.35476,0.24954,270.639,44.09,APPROACH
1.384,0.35476,0.24954,270.639,44.058,APPROACH
1.385,0.35476,0.24954,270.639,44.027,APPROACH
1.386,0.35476,0.24954,270.639,43.996,APPROACH
1.387,0.35476,0.24954,270.639,43.965,APPROACH
1.388,0.35476,0.24954,270.639,43.934,APPROACH
1.389,0.35476,0.24954,270.639,43.904,APPROACH
1.39,0.35476,0.24954,270.639,43.874,APPROACH
1.391,0.35476,0.24954,270.639,43.844,APPROACH
1.392,0.35476,0.24954,270.639,43.815,APPROACH
1.393,0.35476,0.24954,270.639,43.786,APPROACH
1.394,0.35476,0.24954,270.639,43.757,APPROACH
1.395,0.35476,0.24954,270.639,43.729,APPROACH
1.396,0.35476,0.24954,270.639,43.701,APPROACH
1.397,0.35476,0.24954,270.639,43.673,APPROACH
1.398,0.35476,0.24954,270.639,43.645,APPROACH
1.399,0.35476,0.24954,270.639,43.618,APPROACH
1.4,0.35435,0.24749,268.589,43.856,APPROACH
1.401,0.35435,0.24749,268.589,43.829,APPROACH
1.402,0.35435,0.24749,268.589,43.803,APPROACH
1.403,0.35435,0.24749,268.589,43.776,APPROACH
1.404,0.35435,0.24749,268.589,43.75,APPROACH
1.405,0.35435,0.24749,268.589,43.723,APPROACH
1.406,0.35435,0.24749,268.589,43.697,APPROACH
1.407,0.35435,0.24749,268.589,43.671,APPROACH
1.408,0.35435,0.24749,268.589,43.645,APPROACH
1.409,0.35435,0.24749,268.589,43.62,APPROACH
1.41,0.35435,0.24749,268.589,43.594,APPROACH
1.411,0.35435,0.24749,268.589,43.569,APPROACH
1.412,0.35435,0.24749,268.589,43.544,APPROACH
1.413,0.35435,0.24749,268.589,43.519,APPROACH
1.414,0.35435,0.24749,268.589,43.494,APPROACH
1.415,0.35435,0.24749,268.589,43.47,APPROACH
1.416,0.35435,0.24749,268.589,43.446,APPROACH
1.417,0.35435,0.24749,268.589,43.422,APPROACH
1.418,0.35435,0.24749,268.589,43.399,APPROACH
1.419,0.35435,0.24749,268.589,43.375,APPROACH
1.42,0.35435,0.24749,268.589,43.352,APPROACH
1.421,0.35435,0.24749,268.589,43.329,APPROACH
1.422,0.35435,0.24749,268.589,43.306,APPROACH
1.423,0.35435,0.24749,268.589,43.283,APPROACH
1.424,0.35435,0.24749,268.589,43.261,APPROACH
1.425,0.35435,0.24749,268.589,43.239,APPROACH
1.426,0.35435,0.24749,268.589,43.216,APPROACH
1.427,0.35435,0.24749,268.589,43.194,APPROACH
1.428,0.35435,0.24749,268.589,43.172,APPROACH
1.429,0.35435,0.24749,268.589,43.15,APPROACH
1.43,0.35435,0.24749,268.589,43.128,APPROACH
1.431,0.35435,0.24749,268.589,43.107,APPROACH
1.432,0.35435,0.24749,268.589,43.086,APPROACH
1.433,0.35435,0.24749,268.589,43.064,APPROACH
1.434,0.35183,0.24762,267.743,40.608,APPROACH
1.435,0.35183,0.24762,267.743,40.587,APPROACH
1.436,0.35183,0.24762,267.743,40.566,APPROACH
1.437,0.35183,0.24762,267.743,40.546,APPROACH
1.438,0.35183,0.24762,267.743,40.526,APPROACH
1.439,0.35183,0.24762,267.743,40.506,APPROACH
1.44,0.35183,0.24762,267.743,40.486,APPROACH
1.441,0.35183,0.24762,267.743,40.466,APPROACH
1.442,0.35183,0.24762,267.743,40.446,APPROACH
1.443,0.35183,0.24762,267.743,40.427,APPROACH
1.444,0.35183,0.24762,267.743,40.407,APPROACH
1.445,0.35183,0.24762,267.743,40.388,APPROACH
1.446,0.35183,0.24762,267.743,40.369,APPROACH
1.447,0.35183,0.24762,267.743,40.35,APPROACH
1.448,0.35183,0.24762,267.743,40.331,APPROACH
1.449,0.35183,0.24762,267.743,40.312,APPROACH
1.45,0.35183,0.24762,267.743,40.294,APPROACH
1.451,0.35183,0.24762,267.743,40.275,APPROACH
1.452,0.35183,0.24762,267.743,40.257,APPROACH
1.453,0.35183,0.24762,267.743,40.239,APPROACH
1.454,0.35183,0.24762,267.743,40.221,APPROACH
1.455,0.35183,0.24762,267.743,40.203,APPROACH
1.456,0.35183,0.24762,267.743,40.185,APPROACH
1.457,0.35183,0.24762,267.743,40.167,APPROACH
1.458,0.35183,0.24762,267.743,40.15,APPROACH
1.459,0.35183,0.24762,267.743,40.132,APPROACH
1.46,0.35183,0.24762,267.743,40.115,APPROACH
1.461,0.35183,0.24762,267.743,40.098,APPROACH
1.462,0.35183,0.24762,267.743,40.081,APPROACH
1.463,0.35183,0.24762,267.743,40.064,APPROACH
1.464,0.35183,0.24762,267.743,40.047,APPROACH
1.465,0.35183,0.24762,267.743,40.031,APPROACH
1.466,0.35183,0.24762,267.743,40.014,APPROACH
1.467,0.3491,0.24748,266.584,37.457,APPROACH
1.468,0.3491,0.24748,266.584,37.44,APPROACH
1.469,0.3491,0.24748,266.584,37.424,APPROACH
1.47,0.3491,0.24748,266.584,37.408,APPROACH
1.471,0.3491,0.24748,266.584,37.392,APPROACH
1.472,0.3491,0.24748,266.584,37.376,APPROACH
1.473,0.3491,0.24748,266.584,37.36,APPROACH
1.474,0.3491,0.24748,266.584,37.344,APPROACH
1.475,0.3491,0.24748,266.584,37.329,APPROACH
1.476,0.3491,0.24748,266.584,37.313,APPROACH
1.477,0.3491,0.24748,266.584,37.298,APPROACH
1.478,0.3491,0.24748,266.584,37.282,APPROACH
1.479,0.3491,0.24748,266.584,37.267,APPROACH
1.48,0.3491,0.24748,266.584,37.158,APPROACH
1.481,0.3491,0.24748,266.584,36.933,APPROACH
1.482,0.3491,0.24748,266.584,36.658,APPROACH
1.483,0.3491,0.24748,266.584,36.366,APPROACH
1.484,0.3491,0.24748,266.584,36.073,APPROACH
1.485,0.3491,0.24748,266.584,35.784,APPROACH
1.486,0.3491,0.24748,266.584,35.503,APPROACH
1.487,0.3491,0.24748,266.584,35.228,APPROACH
1.488,0.3491,0.24748,266.584,34.961,APPROACH
1.489,0.3491,0.24748,266.584,34.7,APPROACH
1.49,0.3491,0.24748,266.584,34.445,APPROACH
1.491,0.3491,0.24748,266.584,34.196,APPROACH
1.492,0.3491,0.24748,266.584,33.952,APPROACH
1.493,0.3491,0.24748,266.584,33.713,APPROACH
1.494,0.3491,0.24748,266.584,33.479,APPROACH
1.495,0.3491,0.24748,266.584,33.25,APPROACH
1.496,0.3491,0.24748,266.584,33.025,APPROACH
1.497,0.3491,0.24748,266.584,32.804,APPROACH
1.498,0.3491,0.24748,266.584,32.588,APPROACH
1.499,0.3491,0.24748,266.584,32.376,APPROACH
1.5,0.3491,0.24748,266.584,32.168,APPROACH
1.501,0.34758,0.24585,264.51,31.031,APPROACH
1.502,0.34758,0.24585,264.51,30.831,APPROACH
1.503,0.34758,0.24585,264.51,30.636,APPROACH
1.504,0.34758,0.24585,264.51,30.445,APPROACH
1.505,0.34758,0.24585,264.51,30.257,APPROACH
1.506,0.34758,0.24585,264.51,30.074,APPROACH
1.507,0.34758,0.24585,264.51,29.894,APPROACH
1.508,0.34758,0.24585,264.51,29.718,APPROACH
1.509,0.34758,0.24585,264.51,29.546,APPROACH
1.51,0.34758,0.24585,264.51,29.378,APPROACH
1.511,0.34758,0.24585,264.51,29.213,APPROACH
1.512,0.34758,0.24585,264.51,29.052,APPROACH
1.513,0.34758,0.24585,264.51,28.895,APPROACH
1.514,0.34758,0.24585,264.51,28.741,APPROACH
1.515,0.34758,0.24585,264.51,28.591,APPROACH
1.516,0.34758,0.24585,264.51,28.444,APPROACH
1.517,0.34758,0.24585,264.51,28.301,APPROACH
1.518,0.34758,0.24585,264.51,28.16,APPROACH
1.519,0.34758,0.24585,264.51,28.024,APPROACH
1.52,0.34758,0.24585,264.51,27.89,APPROACH
1.521,0.34758,0.24585,264.51,27.76,APPROACH
1.522,0.34758,0.24585,264.51,27.633,APPROACH
1.523,0.34758,0.24585,264.51,27.509,APPROACH
1.524,0.34758,0.24585,264.51,27.389,APPROACH
1.525,0.34758,0.24585,264.51,27.271,APPROACH
1.526,0.34758,0.24585,264.51,27.156,APPROACH
1.527,0.34758,0.24585,264.51,27.045,APPROACH
1.528,0.34758,0.24585,264.51,26.936,APPROACH
1.529,0.34758,0.24585,264.51,26.831,APPROACH
1.53,0.34758,0.24585,264.51,26.728,APPROACH
1.531,0.34758,0.24585,264.51,26.628,APPROACH
1.532,0.34758,0.24585,264.51,26.531,APPROACH
1.533,0.34758,0.24585,264.51,26.438,APPROACH
1.534,0.34709,0.24763,265.987,25.329,APPROACH
1.535,0.34709,0.24763,265.987,25.242,APPROACH
1.536,0.34709,0.24763,265.987,25.159,APPROACH
1.537,0.34709,0.24763,265.987,25.08,APPROACH
1.538,0.34709,0.24763,265.987,25.003,APPROACH
1.539,0.34709,0.24763,265.987,24.93,APPROACH
1.54,0.34709,0.24763,265.987,24.859,APPROACH
1.541,0.34709,0.24763,265.987,24.791,APPROACH
1.542,0.34709,0.24763,265.987,24.726,APPROACH
1.543,0.34709,0.24763,265.987,24.663,APPROACH
1.544,0.34709,0.24763,265.987,24.602,APPROACH
1.545,0.34709,0.24763,265.987,24.543,APPROACH
1.546,0.34709,0.24763,265.987,24.487,APPROACH
1.547,0.34709,0.24763,265.987,24.433,APPROACH
1.548,0.34709,0.24763,265.987,24.381,APPROACH
1.549,0.34709,0.24763,265.987,24.332,APPROACH
1.55,0.34709,0.24763,265.987,24.284,APPROACH
1.551,0.34709,0.24763,265.987,24.239,APPROACH
1.552,0.34709,0.24763,265.987,24.195,APPROACH
1.553,0.34709,0.24763,265.987,24.154,APPROACH
1.554,0.34709,0.24763,265.987,24.115,APPROACH
1.555,0.34709,0.24763,265.987,24.077,APPROACH
1.556,0.34709,0.24763,265.987,24.042,APPROACH
1.557,0.34709,0.24763,265.987,24.008,APPROACH
1.558,0.34709,0.24763,265.987,23.977,APPROACH
1.559,0.34709,0.24763,265.987,23.947,APPROACH
1.56,0.34709,0.24763,265.987,23.919,APPROACH
1.561,0.34709,0.24763,265.987,23.894,APPROACH
1.562,0.34709,0.24763,265.987,23.87,APPROACH
1.563,0.34709,0.24763,265.987,23.848,APPROACH
1.564,0.34709,0.24763,265.987,23.828,APPROACH
1.565,0.34709,0.24763,265.987,23.81,APPROACH
1.566,0.34709,0.24763,265.987,23.793,APPROACH
1.567,0.35042,0.24826,267.799,26.741,APPROACH
1.568,0.35042,0.24826,267.799,26.728,APPROACH
1.569,0.35042,0.24826,267.799,26.716,APPROACH
1.57,0.35042,0.24826,267.799,26.707,APPROACH
1.571,0.35042,0.24826,267.799,26.699,APPROACH
1.572,0.35042,0.24826,267.799,26.692,APPROACH
1.573,0.35042,0.24826,267.799,26.687,APPROACH
1.574,0.35042,0.24826,267.799,26.684,APPROACH
1.575,0.35042,0.24826,267.799,26.682,APPROACH
1.576,0.35042,0.24826,267.799,26.681,APPROACH
1.577,0.35042,0.24826,267.799,26.682,APPROACH
1.578,0.35042,0.24826,267.799,26.684,APPROACH
1.579,0.35042,0.24826,267.799,26.688,APPROACH
1.58,0.35042,0.24826,267.799,26.693,APPROACH
1.581,0.35042,0.24826,267.799,26.7,APPROACH
1.582,0.35042,0.24826,267.799,26.707,APPROACH
1.583,0.35042,0.24826,267.799,26.716,APPROACH
1.584,0.35042,0.24826,267.799,26.727,APPROACH
1.585,0.35042,0.24826,267.799,26.738,APPROACH
1.586,0.35042,0.24826,267.799,26.751,APPROACH
1.587,0.35042,0.24826,267.799,26.765,APPROACH
1.588,0.35042,0.24826,267.799,26.78,APPROACH
1.589,0.35042,0.24826,267.799,26.797,APPROACH
1.59,0.35042,0.24826,267.799,26.814,APPROACH
1.591,0.35042,0.24826,267.799,26.833,APPROACH
1.592,0.35042,0.24826,267.799,26.853,APPROACH
1.593,0.35042,0.24826,267.799,26.874,APPROACH
1.594,0.35042,0.24826,267.799,26.897,APPROACH
1.595,0.35042,0.24826,267.799,26.92,APPROACH
1.596,0.35042,0.24826,267.799,26.944,APPROACH
1.597,0.35042,0.24826,267.799,26.97,APPROACH
1.598,0.35042,0.24826,267.799,26.996,APPROACH
1.599,0.35042,0.24826,267.799,27.024,APPROACH
1.6,0.35042,0.24826,267.799,27.052,APPROACH
1.601,0.35184,0.24899,269.015,28.196,APPROACH
1.602,0.35184,0.24899,269.015,28.226,APPROACH
1.603,0.35184,0.24899,269.015,28.257,APPROACH
1.604,0.35184,0.24899,269.015,28.289,APPROACH
1.605,0.35184,0.24899,269.015,28.323,APPROACH
1.606,0.35184,0.24899,269.015,28.357,APPROACH
1.607,0.35184,0.24899,269.015,28.391,APPROACH
1.608,0.35184,0.24899,269.015,28.427,APPROACH
1.609,0.35184,0.24899,269.015,28.464,APPROACH
1.61,0.35184,0.24899,269.015,28.501,APPROACH
1.611,0.35184,0.24899,269.015,28.539,APPROACH
1.612,0.35184,0.24899,269.015,28.579,APPROACH
1.613,0.35184,0.24899,269.015,28.618,APPROACH
1.614,0.35184,0.24899,269.015,28.659,APPROACH
1.615,0.35184,0.24899,269.015,28.701,APPROACH
1.616,0.35184,0.24899,269.015,28.743,APPROACH
1.617,0.35184,0.24899,269.015,28.786,APPROACH
1.618,0.35184,0.24899,269.015,28.83,APPROACH
1.619,0.35184,0.24899,269.015,28.874,APPROACH
1.62,0.35184,0.24899,269.015,28.919,APPROACH
1.621,0.35184,0.24899,269.015,28.965,APPROACH
1.622,0.35184,0.24899,269.015,29.012,APPROACH
1.623,0.35184,0.24899,269.015,29.059,APPROACH
1.624,0.35184,0.24899,269.015,29.107,APPROACH
1.625,0.35184,0.24899,269.015,29.156,APPROACH
1.626,0.35184,0.24899,269.015,29.205,APPROACH
1.627,0.35184,0.24899,269.015,29.255,APPROACH
1.628,0.35184,0.24899,269.015,29.305,APPROACH
1.629,0.35184,0.24899,269.015,29.356,APPROACH
1.63,0.35184,0.24899,269.015,29.408,APPROACH
1.631,0.35184,0.24899,269.015,29.46,APPROACH
1.632,0.35184,0.24899,269.015,29.513,APPROACH
1.633,0.35184,0.24899,269.015,29.566,APPROACH
1.634,0.34806,0.25109,269.558,25.363,APPROACH
1.635,0.34806,0.25109,269.558,25.418,APPROACH
1.636,0.34806,0.25109,269.558,25.473,APPROACH
1.637,0.34806,0.25109,269.558,25.528,APPROACH
1.638,0.34806,0.25109,269.558,25.585,APPROACH
1.639,0.34806,0.25109,269.558,25.641,APPROACH
1.64,0.34806,0.25109,269.558,25.698,APPROACH
1.641,0.34806,0.25109,269.558,25.756,APPROACH
1.642,0.34806,0.25109,269.558,25.814,APPROACH
1.643,0.34806,0.25109,269.558,25.873,APPROACH
1.644,0.34806,0.25109,269.558,25.932,APPROACH
1.645,0.34806,0.25109,269.558,25.992,APPROACH
1.646,0.34806,0.25109,269.558,26.052,APPROACH
1.647,0.34806,0.25109,269.558,26.112,APPROACH
1.648,0.34806,0.25109,269.558,26.173,APPROACH
1.649,0.34806,0.25109,269.558,26.235,APPROACH
1.65,0.34806,0.25109,269.558,26.296,APPROACH
1.651,0.34806,0.25109,269.558,26.359,APPROACH
1.652,0.34806,0.25109,269.558,26.421,APPROACH
1.653,0.34806,0.25109,269.558,26.484,APPROACH
1.654,0.34806,0.25109,269.558,26.548,APPROACH
1.655,0.34806,0.25109,269.558,26.611,APPROACH
1.656,0.34806,0.25109,269.558,26.676,APPROACH
1.657,0.34806,0.25109,269.558,26.74,APPROACH
1.658,0.34806,0.25109,269.558,26.805,APPROACH
1.659,0.34806,0.25109,269.558,26.87,APPROACH
1.66,0.34806,0.25109,269.558,26.936,APPROACH
1.661,0.34806,0.25109,269.558,27.002,APPROACH
1.662,0.34806,0.25109,269.558,27.068,APPROACH
1.663,0.34806,0.25109,269.558,27.134,APPROACH
1.664,0.34806,0.25109,269.558,27.201,APPROACH
1.665,0.34806,0.25109,269.558,27.268,APPROACH
1.666,0.34806,0.25109,269.558,27.336,APPROACH
1.667,0.3515,0.25214,271.805,30.339,APPROACH
1.668,0.3515,0.25214,271.805,30.407,APPROACH
1.669,0.3515,0.25214,271.805,30.475,APPROACH
1.67,0.3515,0.25214,271.805,30.544,APPROACH
1.671,0.3515,0.25214,271.805,30.612,APPROACH
1.672,0.3515,0.25214,271.805,30.681,APPROACH
1.673,0.3515,0.25214,271.805,30.75,APPROACH
1.674,0.3515,0.25214,271.805,30.82,APPROACH
1.675,0.3515,0.25214,271.805,30.889,APPROACH
1.676,0.3515,0.25214,271.805,30.959,APPROACH
1.677,0.3515,0.25214,271.805,31.029,APPROACH
1.678,0.3515,0.25214,271.805,31.099,APPROACH
1.679,0.3515,0.25214,271.805,31.169,APPROACH
1.68,0.3515,0.25214,271.805,31.24,APPROACH
1.681,0.3515,0.25214,271.805,31.31,APPROACH
1.682,0.3515,0.25214,271.805,31.381,APPROACH
1.683,0.3515,0.25214,271.805,31.452,APPROACH
1.684,0.3515,0.25214,271.805,31.523,APPROACH
1.685,0.3515,0.25214,271.805,31.594,APPROACH
1.686,0.3515,0.25214,271.805,31.665,APPROACH
1.687,0.3515,0.25214,271.805,31.737,APPROACH
1.688,0.3515,0.25214,271.805,31.808,APPROACH
1.689,0.3515,0.25214,271.805,31.88,APPROACH
1.69,0.3515,0.25214,271.805,31.952,APPROACH
1.691,0.3515,0.25214,271.805,32.024,APPROACH
1.692,0.3515,0.25214,271.805,32.096,APPROACH
1.693,0.3515,0.25214,271.805,32.168,APPROACH
1.694,0.3515,0.25214,271.805,32.24,APPROACH
1.695,0.3515,0.25214,271.805,32.312,APPROACH
1.696,0.3515,0.25214,271.805,32.384,APPROACH
1.697,0.3515,0.25214,271.805,32.456,APPROACH
1.698,0.3515,0.25214,271.805,32.528,APPROACH
1.699,0.3515,0.25214,271.805,32.601,PUSH
1.7,0.3515,0.25214,271.805,41.703,PUSH
1.701,0.35421,0.25285,273.486,45.186,PUSH
1.702,0.35421,0.25285,273.486,45.22,PUSH
1.703,0.35421,0.25285,273.486,45.241,PUSH
1.704,0.35421,0.25285,273.486,45.25,PUSH
1.705,0.35421,0.25285,273.486,45.25,PUSH
1.706,0.35421,0.25285,273.486,45.242,PUSH
1.707,0.35421,0.25285,273.486,45.226,PUSH
1.708,0.35421,0.25285,273.486,45.204,PUSH
1.709,0.35421,0.25285,273.486,45.176,PUSH
1.71,0.35421,0.25285,273.486,45.144,PUSH
1.711,0.35421,0.25285,273.486,45.107,PUSH
1.712,0.35421,0.25285,273.486,45.068,PUSH
1.713,0.35421,0.25285,273.486,45.025,PUSH
1.714,0.35421,0.25285,273.486,44.979,PUSH
1.715,0.35421,0.25285,273.486,44.931,PUSH
1.716,0.35421,0.25285,273.486,44.881,PUSH
1.717,0.35421,0.25285,273.486,44.829,PUSH
1.718,0.35421,0.25285,273.486,44.776,PUSH
1.719,0.35421,0.25285,273.486,44.721,PUSH
1.72,0.35421,0.25285,273.486,44.665,PUSH
1.721,0.35421,0.25285,273.486,44.608,PUSH
1.722,0.35421,0.25285,273.486,44.55,PUSH
1.723,0.35421,0.25285,273.486,44.491,PUSH
1.724,0.35421,0.25285,273.486,44.432,PUSH
1.725,0.35421,0.25285,273.486,44.372,PUSH
1.726,0.35421,0.25285,273.486,44.311,PUSH
1.727,0.35421,0.25285,273.486,44.25,PUSH
1.728,0.35421,0.25285,273.486,44.189,PUSH
1.729,0.35421,0.25285,273.486,44.127,PUSH
1.73,0.35421,0.25285,273.486,44.065,PUSH
1.731,0.35421,0.25285,273.486,44.003,PUSH
1.732,0.35421,0.25285,273.486,43.94,PUSH
1.733,0.35421,0.25285,273.486,43.877,PUSH
1.734,0.35298,0.24926,269.7,44.181,PUSH
1.735,0.35298,0.24926,269.7,44.117,PUSH
1.736,0.35298,0.24926,269.7,44.054,PUSH
1.737,0.35298,0.24926,269.7,43.99,PUSH
1.738,0.35298,0.24926,269.7,43.926,PUSH
1.739,0.35298,0.24926,269.7,43.862,PUSH
1.74,0.35298,0.24926,269.7,43.798,PUSH
1.741,0.35298,0.24926,269.7,43.734,PUSH
1.742,0.35298,0.24926,269.7,43.67,PUSH
1.743,0.35298,0.24926,269.7,43.606,PUSH
1.744,0.35298,0.24926,269.7,43.542,PUSH
1.745,0.35298,0.24926,269.7,43.477,PUSH
1.746,0.35298,0.24926,269.7,43.413,PUSH
1.747,0.35298,0.24926,269.7,43.349,PUSH
1.748,0.35298,0.24926,269.7,43.285,PUSH
1.749,0.35298,0.24926,269.7,43.22,PUSH
1.75,0.35298,0.24926,269.7,43.156,PUSH
1.751,0.35298,0.24926,269.7,43.092,PUSH
1.752,0.35298,0.24926,269.7,43.028,PUSH
1.753,0.35298,0.24926,269.7,42.963,PUSH
1.754,0.35298,0.24926,269.7,42.899,PUSH
1.755,0.35298,0.24926,269.7,42.835,PUSH
1.756,0.35298,0.24926,269.7,42.771,PUSH
1.757,0.35298,0.24926,269.7,42.707,PUSH
1.758,0.35298,0.24926,269.7,42.643,PUSH
1.759,0.35298,0.24926,269.7,42.579,PUSH
1.76,0.35298,0.24926,269.7,42.516,PUSH
1.761,0.35298,0.24926,269.7,42.452,PUSH
1.762,0.35298,0.24926,269.7,42.388,PUSH
1.763,0.35298,0.24926,269.7,42.325,PUSH
1.764,0.35298,0.24926,269.7,42.261,PUSH
1.765,0.35298,0.24926,269.7,42.198,PUSH
1.766,0.35298,0.24926,269.7,42.134,PUSH
1.767,0.35389,0.24736,268.288,44.484,PUSH
1.768,0.35389,0.24736,268.288,44.42,PUSH
1.769,0.35389,0.24736,268.288,44.356,PUSH
1.77,0.35389,0.24736,268.288,44.291,PUSH
1.771,0.35389,0.24736,268.288,44.227,PUSH
1.772,0.35389,0.24736,268.288,44.162,PUSH
1.773,0.35389,0.24736,268.288,44.096,PUSH
1.774,0.35389,0.24736,268.288,44.031,PUSH
1.775,0.35389,0.24736,268.288,43.966,PUSH
1.776,0.35389,0.24736,268.288,43.901,PUSH
1.777,0.35389,0.24736,268.288,43.835,PUSH
1.778,0.35389,0.24736,268.288,43.77,PUSH
1.779,0.35389,0.24736,268.288,43.704,PUSH
1.78,0.35389,0.24736,268.288,43.639,PUSH
1.781,0.35389,0.24736,268.288,43.574,PUSH
1.782,0.35389,0.24736,268.288,43.508,PUSH
1.783,0.35389,0.24736,268.288,43.443,PUSH
1.784,0.35389,0.24736,268.288,43.378,PUSH
1.785,0.35389,0.24736,268.288,43.313,PUSH
1.786,0.35389,0.24736,268.288,43.247,PUSH
1.787,0.35389,0.24736,268.288,43.182,PUSH
1.788,0.35389,0.24736,268.288,43.117,PUSH
1.789,0.35389,0.24736,268.288,43.052,PUSH
1.79,0.35389,0.24736,268.288,42.988,PUSH
1.791,0.35389,0.24736,268.288,42.923,PUSH
1.792,0.35389,0.24736,268.288,42.858,PUSH
1.793,0.35389,0.24736,268.288,42.794,PUSH
1.794,0.35389,0.24736,268.288,42.729,PUSH
1.795,0.35389,0.24736,268.288,42.665,PUSH
1.796,0.35389,0.24736,268.288,42.6,PUSH
1.797,0.35389,0.24736,268.288,42.536,PUSH
1.798,0.35389,0.24736,268.288,42.472,PUSH
1.799,0.35389,0.24736,268.288,42.408,PUSH
1.8,0.35389,0.24736,268.288,42.344,PUSH
1.801,0.35373,0.24918,269.907,40.977,PUSH
1.802,0.35373,0.24918,269.907,40.914,PUSH
1.803,0.35373,0.24918,269.907,40.851,PUSH
1.804,0.35373,0.24918,269.907,40.788,PUSH
1.805,0.35373,0.24918,269.907,40.725,PUSH
1.806,0.35373,0.24918,269.907,40.663,PUSH
1.807,0.35373,0.24918,269.907,40.601,PUSH
1.808,0.35373,0.24918,269.907,40.539,PUSH
1.809,0.35373,0.24918,269.907,40.477,PUSH
1.81,0.35373,0.24918,269.907,40.416,PUSH
1.811,0.35373,0.24918,269.907,40.354,PUSH
1.812,0.35373,0.24918,269.907,40.293,PUSH
1.813,0.35373,0.24918,269.907,40.232,PUSH
1.814,0.35373,0.24918,269.907,40.171,PUSH
1.815,0.35373,0.24918,269.907,40.11,PUSH
1.816,0.35373,0.24918,269.907,40.049,PUSH
1.817,0.35373,0.24918,269.907,39.989,PUSH
1.818,0.35373,0.24918,269.907,39.928,PUSH
1.819,0.35373,0.24918,269.907,39.868,PUSH
1.82,0.35373,0.24918,269.907,39.807,PUSH
1.821,0.35373,0.24918,269.907,39.747,PUSH
1.822,0.35373,0.24918,269.907,39.687,PUSH
1.823,0.35373,0.24918,269.907,39.627,PUSH
1.824,0.35373,0.24918,269.907,39.567,PUSH
1.825,0.35373,0.24918,269.907,39.507,PUSH
1.826,0.35373,0.24918,269.907,39.448,PUSH
1.827,0.35373,0.24918,269.907,39.388,PUSH
1.828,0.35373,0.24918,269.907,39.329,PUSH
1.829,0.35373,0.24918,269.907,39.269,PUSH
1.83,0.35373,0.24918,269.907,39.21,PUSH
1.831,0.35373,0.24918,269.907,39.151,PUSH
1.832,0.35373,0.24918,269.907,39.091,PUSH
1.833,0.35373,0.24918,269.907,39.032,PUSH
1.834,0.3546,0.24808,269.234,40.858,PUSH
1.835,0.3546,0.24808,269.234,40.799,PUSH
1.836,0.3546,0.24808,269.234,40.739,PUSH
1.837,0.3546,0.24808,269.234,40.679,PUSH
1.838,0.3546,0.24808,269.234,40.619,PUSH
1.839,0.3546,0.24808,269.234,40.559,PUSH
1.84,0.3546,0.24808,269.234,40.499,PUSH
1.841,0.3546,0.24808,269.234,40.439,PUSH
1.842,0.3546,0.24808,269.234,40.378,PUSH
1.843,0.3546,0.24808,269.234,40.318,PUSH
1.844,0.3546,0.24808,269.234,40.258,PUSH
1.845,0.3546,0.24808,269.234,40.198,PUSH
1.846,0.3546,0.24808,269.234,40.137,PUSH
1.847,0.3546,0.24808,269.234,40.077,PUSH
1.848,0.3546,0.24808,269.234,40.017,PUSH
1.849,0.3546,0.24808,269.234,39.957,PUSH
1.85,0.3546,0.24808,269.234,39.897,PUSH
1.851,0.3546,0.24808,269.234,39.837,PUSH
1.852,0.3546,0.24808,269.234,39.777,PUSH
1.853,0.3546,0.24808,269.234,39.717,PUSH
1.854,0.3546,0.24808,269.234,39.657,PUSH
1.855,0.3546,0.24808,269.234,39.597,PUSH
1.856,0.3546,0.24808,269.234,39.537,PUSH
1.857,0.3546,0.24808,269.234,39.478,PUSH
1.858,0.3546,0.24808,269.234,39.418,PUSH
1.859,0.3546,0.24808,269.234,39.359,PUSH
1.86,0.3546,0.24808,269.234,39.3,PUSH
1.861,0.3546,0.24808,269.234,39.24,PUSH
1.862,0.3546,0.24808,269.234,39.181,PUSH
1.863,0.3546,0.24808,269.234,39.122,PUSH
1.864,0.3546,0.24808,269.234,39.063,PUSH
1.865,0.3546,0.24808,269.234,39.004,PUSH
1.866,0.3546,0.24808,269.234,38.945,PUSH
1.867,0.35545,0.24927,270.661,39.37,PUSH
1.868,0.35545,0.24927,270.661,39.311,PUSH
1.869,0.35545,0.24927,270.661,39.253,PUSH
1.87,0.35545,0.24927,270.661,39.194,PUSH
1.871,0.35545,0.24927,270.661,39.135,PUSH
1.872,0.35545,0.24927,270.661,39.076,PUSH
1.873,0.35545,0.24927,270.661,39.018,PUSH
1.874,0.35545,0.24927,270.661,38.959,PUSH
1.875,0.35545,0.24927,270.661,38.9,PUSH
1.876,0.35545,0.24927,270.661,38.842,PUSH
1.877,0.35545,0.24927,270.661,38.783,PUSH
1.878,0.35545,0.24927,270.661,38.725,PUSH
1.879,0.35545,0.24927,270.661,38.667,PUSH
1.88,0.35545,0.24927,270.661,38.608,PUSH
1.881,0.35545,0.24927,270.661,38.55,PUSH
1.882,0.35545,0.24927,270.661,38.492,PUSH
1.883,0.35545,0.24927,270.661,38.434,PUSH
1.884,0.35545,0.24927,270.661,38.376,PUSH
1.885,0.35545,0.24927,270.661,38.318,PUSH
1.886,0.35545,0.24927,270.661,38.26,PUSH
1.887,0.35545,0.24927,270.661,38.203,PUSH
1.888,0.35545,0.24927,270.661,38.145,PUSH
1.889,0.35545,0.24927,270.661,38.087,PUSH
1.89,0.35545,0.24927,270.661,38.03,PUSH
1.891,0.35545,0.24927,270.661,37.973,PUSH
1.892,0.35545,0.24927,270.661,37.915,PUSH
1.893,0.35545,0.24927,270.661,37.858,PUSH
1.894,0.35545,0.24927,270.661,37.801,PUSH
1.895,0.35545,0.24927,270.661,37.744,PUSH
1.896,0.35545,0.24927,270.661,37.687,PUSH
1.897,0.35545,0.24927,270.661,37.63,PUSH
1.898,0.35545,0.24927,270.661,37.573,PUSH
1.899,0.35545,0.24927,270.661,37.516,PUSH
1.9,0.35346,0.24457,265.558,37.454,PUSH
1.901,0.35346,0.24457,265.558,37.398,PUSH
1.902,0.35346,0.24457,265.558,37.341,PUSH
1.903,0.35346,0.24457,265.558,37.285,PUSH
1.904,0.35346,0.24457,265.558,37.229,PUSH
1.905,0.35346,0.24457,265.558,37.172,PUSH
1.906,0.35346,0.24457,265.558,37.116,PUSH
1.907,0.35346,0.24457,265.558,37.06,PUSH
1.908,0.35346,0.24457,265.558,37.004,PUSH
1.909,0.35346,0.24457,265.558,36.948,PUSH
1.91,0.35346,0.24457,265.558,36.893,PUSH
1.911,0.35346,0.24457,265.558,36.837,PUSH
1.912,0.35346,0.24457,265.558,36.781,PUSH
1.913,0.35346,0.24457,265.558,36.726,PUSH
1.914,0.35346,0.24457,265.558,36.67,PUSH
1.915,0.35346,0.24457,265.558,36.615,PUSH
1.916,0.35346,0.24457,265.558,36.56,PUSH
1.917,0.35346,0.24457,265.558,36.505,PUSH
1.918,0.35346,0.24457,265.558,36.45,PUSH
1.919,0.35346,0.24457,265.558,36.395,PUSH
1.92,0.35346,0.24457,265.558,36.34,PUSH
1.921,0.35346,0.24457,265.558,36.285,PUSH
1.922,0.35346,0.24457,265.558,36.23,PUSH
1.923,0.35346,0.24457,265.558,36.175,PUSH
1.924,0.35346,0.24457,265.558,36.121,PUSH
1.925,0.35346,0.24457,265.558,36.066,PUSH
1.926,0.35346,0.24457,265.558,36.012,PUSH
1.927,0.35346,0.24457,265.558,35.957,PUSH
1.928,0.35346,0.24457,265.558,35.903,PUSH
1.929,0.35346,0.24457,265.558,35.849,PUSH
1.93,0.35346,0.24457,265.558,35.795,PUSH
1.931,0.35346,0.24457,265.558,35.741,PUSH
1.932,0.35346,0.24457,265.558,35.687,PUSH
1.933,0.35346,0.24457,265.558,35.633,PUSH
1.934,0.35141,0.24734,267.324,31.049,PUSH
1.935,0.35141,0.24734,267.324,30.997,PUSH
1.936,0.35141,0.24734,267.324,30.945,PUSH
1.937,0.35141,0.24734,267.324,30.895,PUSH
1.938,0.35141,0.24734,267.324,30.845,PUSH
1.939,0.35141,0.24734,267.324,30.795,PUSH
1.94,0.35141,0.24734,267.324,30.746,PUSH
1.941,0.35141,0.24734,267.324,30.697,PUSH
1.942,0.35141,0.24734,267.324,30.649,PUSH
1.943,0.35141,0.24734,267.324,30.601,PUSH
1.944,0.35141,0.24734,267.324,30.554,PUSH
1.945,0.35141,0.24734,267.324,30.506,PUSH
1.946,0.35141,0.24734,267.324,30.459,PUSH
1.947,0.35141,0.24734,267.324,30.412,PUSH
1.948,0.35141,0.24734,267.324,30.366,PUSH
1.949,0.35141,0.24734,267.324,30.319,PUSH
1.95,0.35141,0.24734,267.324,30.273,PUSH
1.951,0.35141,0.24734,267.324,30.227,PUSH
1.952,0.35141,0.24734,267.324,30.181,PUSH
1.953,0.35141,0.24734,267.324,30.135,PUSH
1.954,0.35141,0.24734,267.324,30.089,PUSH
1.955,0.35141,0.24734,267.324,30.043,PUSH
1.956,0.35141,0.24734,267.324,29.997,PUSH
1.957,0.35141,0.24734,267.324,29.952,PUSH
1.958,0.35141,0.24734,267.324,29.906,PUSH
1.959,0.35141,0.24734,267.324,29.861,PUSH
1.96,0.35141,0.24734,267.324,29.816,PUSH
1.961,0.35141,0.24734,267.324,29.771,PUSH
1.962,0.35141,0.24734,267.324,29.726,PUSH
1.963,0.35141,0.24734,267.324,29.681,PUSH
1.964,0.35141,0.24734,267.324,29.636,PUSH
1.965,0.35141,0.24734,267.324,29.591,PUSH
1.966,0.35141,0.24734,267.324,29.546,PUSH
1.967,0.35292,0.24844,268.915,30.988,PUSH
1.968,0.35292,0.24844,268.915,30.943,PUSH
1.969,0.35292,0.24844,268.915,30.898,PUSH
1.97,0.35292,0.24844,268.915,30.853,PUSH
1.971,0.35292,0.24844,268.915,30.807,PUSH
1.972,0.35292,0.24844,268.915,30.762,PUSH
1.973,0.35292,0.24844,268.915,30.716,PUSH
1.974,0.35292,0.24844,268.915,30.67,PUSH
1.975,0.35292,0.24844,268.915,30.625,PUSH
1.976,0.35292,0.24844,268.915,30.579,PUSH
1.977,0.35292,0.24844,268.915,30.533,PUSH
1.978,0.35292,0.24844,268.915,30.488,PUSH
1.979,0.35292,0.24844,268.915,30.442,PUSH
1.98,0.35292,0.24844,268.915,30.396,PUSH
1.981,0.35292,0.24844,268.915,30.351,PUSH
1.982,0.35292,0.24844,268.915,30.305,PUSH
1.983,0.35292,0.24844,268.915,30.26,PUSH
1.984,0.35292,0.24844,268.915,30.214,PUSH
1.985,0.35292,0.24844,268.915,30.169,PUSH
1.986,0.35292,0.24844,268.915,30.123,PUSH
1.987,0.35292,0.24844,268.915,30.078,PUSH
1.988,0.35292,0.24844,268.915,30.033,PUSH
1.989,0.35292,0.24844,268.915,29.988,PUSH
1.99,0.35292,0.24844,268.915,29.942,PUSH
1.991,0.35292,0.24844,268.915,29.897,PUSH
1.992,0.35292,0.24844,268.915,29.852,PUSH
1.993,0.35292,0.24844,268.915,29.807,PUSH
1.994,0.35292,0.24844,268.915,29.762,PUSH
1.995,0.35292,0.24844,268.915,29.718,PUSH
1.996,0.35292,0.24844,268.915,29.673,PUSH
1.997,0.35292,0.24844,268.915,29.628,PUSH
1.998,0.35292,0.24844,268.915,29.584,PUSH
1.999,0.35292,0.24844,268.915,29.539,PUSH
2.0,0.35292,0.24844,268.915,29.494,PUSH
2.001,0.35253,0.25121,271.33,27.323,PUSH
2.002,0.35253,0.25121,271.33,27.279,PUSH
2.003,0.35253,0.25121,271.33,27.236,PUSH
2.004,0.35253,0.25121,271.33,27.193,PUSH
2.005,0.35253,0.25121,271.33,27.151,PUSH
2.006,0.35253,0.25121,271.33,27.108,PUSH
2.007,0.35253,0.25121,271.33,27.066,PUSH
2.008,0.35253,0.25121,271.33,27.024,PUSH
2.009,0.35253,0.25121,271.33,26.983,PUSH
2.01,0.35253,0.25121,271.33,26.941,PUSH
2.011,0.35253,0.25121,271.33,26.9,PUSH
2.012,0.35253,0.25121,271.33,26.859,PUSH
2.013,0.35253,0.25121,271.33,26.818,PUSH
2.014,0.35253,0.25121,271.33,26.777,PUSH
2.015,0.35253,0.25121,271.33,26.736,PUSH
2.016,0.35253,0.25121,271.33,26.696,PUSH
2.017,0.35253,0.25121,271.33,26.655,PUSH
2.018,0.35253,0.25121,271.33,26.615,PUSH
2.019,0.35253,0.25121,271.33,26.574,PUSH
2.02,0.35253,0.25121,271.33,26.534,PUSH
2.021,0.35253,0.25121,271.33,26.494,PUSH
2.022,0.35253,0.25121,271.33,26.454,PUSH
2.023,0.35253,0.25121,271.33,26.414,PUSH
2.024,0.35253,0.25121,271.33,26.374,PUSH
2.025,0.35253,0.25121,271.33,26.334,PUSH
2.026,0.35253,0.25121,271.33,26.294,PUSH
2.027,0.35253,0.25121,271.33,26.254,PUSH
2.028,0.35253,0.25121,271.33,26.215,PUSH
2.029,0.35253,0.25121,271.33,26.175,PUSH
2.03,0.35253,0.25121,271.33,26.136,PUSH
2.031,0.35253,0.25121,271.33,26.096,PUSH
2.032,0.35253,0.25121,271.33,26.057,PUSH
2.033,0.35253,0.25121,271.33,26.017,PUSH
2.034,0.34964,0.25076,269.833,22.219,PUSH
2.035,0.34964,0.25076,269.833,22.181,PUSH
2.036,0.34964,0.25076,269.833,22.143,PUSH
2.037,0.34964,0.25076,269.833,22.107,PUSH
2.038,0.34964,0.25076,269.833,22.07,PUSH
2.039,0.34964,0.25076,269.833,22.035,PUSH
2.04,0.34964,0.25076,269.833,21.999,PUSH
2.041,0.34964,0.25076,269.833,21.964,PUSH
2.042,0.34964,0.25076,269.833,21.93,PUSH
2.043,0.34964,0.25076,269.833,21.895,PUSH
2.044,0.34964,0.25076,269.833,21.861,PUSH
2.045,0.34964,0.25076,269.833,21.827,PUSH
2.046,0.34964,0.25076,269.833,21.793,PUSH
2.047,0.34964,0.25076,269.833,21.76,PUSH
2.048,0.34964,0.25076,269.833,21.726,PUSH
2.049,0.34964,0.25076,269.833,21.693,PUSH
2.05,0.34964,0.25076,269.833,21.659,PUSH
2.051,0.34964,0.25076,269.833,21.626,PUSH
2.052,0.34964,0.25076,269.833,21.593,PUSH
2.053,0.34964,0.25076,269.833,21.56,PUSH
2.054,0.34964,0.25076,269.833,21.528,PUSH
2.055,0.34964,0.25076,269.833,21.495,PUSH
2.056,0.34964,0.25076,269.833,21.462,PUSH
2.057,0.34964,0.25076,269.833,21.43,PUSH
2.058,0.34964,0.25076,269.833,21.397,PUSH
2.059,0.34964,0.25076,269.833,21.365,PUSH
2.06,0.34964,0.25076,269.833,21.332,PUSH
2.061,0.34964,0.25076,269.833,21.3,PUSH
2.062,0.34964,0.25076,269.833,21.268,PUSH
2.063,0.34964,0.25076,269.833,21.236,PUSH
2.064,0.34964,0.25076,269.833,21.204,PUSH
2.065,0.34964,0.25076,269.833,21.172,PUSH
2.066,0.34964,0.25076,269.833,21.14,PUSH
2.067,0.35327,0.25073,271.166,26.146,PUSH
2.068,0.35327,0.25073,271.166,26.113,PUSH
2.069,0.35327,0.25073,271.166,26.078,PUSH
2.07,0.35327,0.25073,271.166,26.043,PUSH
2.071,0.35327,0.25073,271.166,26.008,PUSH
2.072,0.35327,0.25073,271.166,25.972,PUSH
2.073,0.35327,0.25073,271.166,25.936,PUSH
2.074,0.35327,0.25073,271.166,25.899,PUSH
2.075,0.35327,0.25073,271.166,25.862,PUSH
2.076,0.35327,0.25073,271.166,25.825,PUSH
2.077,0.35327,0.25073,271.166,25.788,PUSH
2.078,0.35327,0.25073,271.166,25.75,PUSH
2.079,0.35327,0.25073,271.166,25.713,PUSH
2.08,0.35327,0.25073,271.166,25.675,PUSH
2.081,0.35327,0.25073,271.166,25.637,PUSH
2.082,0.35327,0.25073,271.166,25.599,PUSH
2.083,0.35327,0.25073,271.166,25.562,PUSH
2.084,0.35327,0.25073,271.166,25.524,PUSH
2.085,0.35327,0.25073,271.166,25.486,PUSH
2.086,0.35327,0.25073,271.166,25.448,PUSH
2.087,0.35327,0.25073,271.166,25.41,PUSH
2.088,0.35327,0.25073,271.166,25.372,PUSH
2.089,0.35327,0.25073,271.166,25.334,PUSH
2.09,0.35327,0.25073,271.166,25.296,PUSH
2.091,0.35327,0.25073,271.166,25.259,PUSH
2.092,0.35327,0.25073,271.166,25.221,PUSH
2.093,0.35327,0.25073,271.166,25.183,PUSH
2.094,0.35327,0.25073,271.166,25.145,PUSH
2.095,0.35327,0.25073,271.166,25.108,PUSH
2.096,0.35327,0.25073,271.166,25.07,PUSH
2.097,0.35327,0.25073,271.166,25.032,PUSH
2.098,0.35327,0.25073,271.166,24.995,PUSH
2.099,0.35327,0.25073,271.166,24.957,PUSH
2.1,0.35327,0.25073,271.166,24.92,PUSH
2.101,0.35393,0.24994,270.683,26.237,PUSH
2.102,0.35393,0.24994,270.683,26.199,PUSH
2.103,0.35393,0.24994,270.683,26.161,PUSH
2.104,0.35393,0.24994,270.683,26.123,PUSH
2.105,0.35393,0.24994,270.683,26.085,PUSH
2.106,0.35393,0.24994,270.683,26.047,PUSH
2.107,0.35393,0.24994,270.683,26.008,PUSH
2.108,0.35393,0.24994,270.683,25.97,PUSH
2.109,0.35393,0.24994,270.683,25.931,PUSH
2.11,0.35393,0.24994,270.683,25.893,PUSH
2.111,0.35393,0.24994,270.683,25.854,PUSH
2.112,0.35393,0.24994,270.683,25.816,PUSH
2.113,0.35393,0.24994,270.683,25.777,PUSH
2.114,0.35393,0.24994,270.683,25.739,PUSH
2.115,0.35393,0.24994,270.683,25.7,PUSH
2.116,0.35393,0.24994,270.683,25.662,PUSH
2.117,0.35393,0.24994,270.683,25.623,PUSH
2.118,0.35393,0.24994,270.683,25.585,PUSH
2.119,0.35393,0.24994,270.683,25.546,PUSH
2.12,0.35393,0.24994,270.683,25.508,PUSH
2.121,0.35393,0.24994,270.683,25.47,PUSH
2.122,0.35393,0.24994,270.683,25.432,PUSH
2.123,0.35393,0.24994,270.683,25.393,PUSH
2.124,0.35393,0.24994,270.683,25.355,PUSH
2.125,0.35393,0.24994,270.683,25.317,PUSH
2.126,0.35393,0.24994,270.683,25.279,PUSH
2.127,0.35393,0.24994,270.683,25.241,PUSH
2.128,0.35393,0.24994,270.683,25.203,PUSH
2.129,0.35393,0.24994,270.683,25.165,PUSH
2.13,0.35393,0.24994,270.683,25.127,PUSH
2.131,0.35393,0.24994,270.683,25.09,PUSH
2.132,0.35393,0.24994,270.683,25.052,PUSH
2.133,0.35393,0.24994,270.683,25.014,PUSH
2.134,0.35289,0.24884,269.273,24.168,PUSH
2.135,0.35289,0.24884,269.273,24.131,PUSH
2.136,0.35289,0.24884,269.273,24.094,PUSH
2.137,0.35289,0.24884,269.273,24.057,PUSH
2.138,0.35289,0.24884,269.273,24.02,PUSH
2.139,0.35289,0.24884,269.273,23.983,PUSH
2.14,0.35289,0.24884,269.273,23.947,PUSH
2.141,0.35289,0.24884,269.273,23.91,PUSH
2.142,0.35289,0.24884,269.273,23.874,PUSH
2.143,0.35289,0.24884,269.273,23.838,PUSH
2.144,0.35289,0.24884,269.273,23.802,PUSH
2.145,0.35289,0.24884,269.273,23.766,PUSH
2.146,0.35289,0.24884,269.273,23.73,PUSH
2.147,0.35289,0.24884,269.273,23.694,PUSH
2.148,0.35289,0.24884,269.273,23.658,PUSH
2.149,0.35289,0.24884,269.273,23.622,PUSH
2.15,0.35289,0.24884,269.273,23.587,PUSH
2.151,0.35289,0.24884,269.273,23.551,PUSH
2.152,0.35289,0.24884,269.273,23.515,PUSH
2.153,0.35289,0.24884,269.273,23.48,PUSH
2.154,0.35289,0.24884,269.273,23.445,PUSH
2.155,0.35289,0.24884,269.273,23.409,PUSH
2.156,0.35289,0.24884,269.273,23.374,PUSH
2.157,0.35289,0.24884,269.273,23.339,PUSH
2.158,0.35289,0.24884,269.273,23.303,PUSH
2.159,0.35289,0.24884,269.273,23.268,PUSH
2.16,0.35289,0.24884,269.273,23.233,PUSH
2.161,0.35289,0.24884,269.273,23.198,PUSH
2.162,0.35289,0.24884,269.273,23.163,PUSH
2.163,0.35289,0.24884,269.273,23.128,PUSH
2.164,0.35289,0.24884,269.273,23.094,PUSH
2.165,0.35289,0.24884,269.273,23.059,PUSH
2.166,0.35289,0.24884,269.273,23.024,PUSH
2.167,0.35377,0.24744,268.319,24.998,PUSH
2.168,0.35377,0.24744,268.319,24.963,PUSH
2.169,0.35377,0.24744,268.319,24.928,PUSH
2.17,0.35377,0.24744,268.319,24.892,PUSH
2.171,0.35377,0.24744,268.319,24.856,PUSH
2.172,0.35377,0.24744,268.319,24.82,PUSH
2.173,0.35377,0.24744,268.319,24.784,PUSH
2.174,0.35377,0.24744,268.319,24.747,PUSH
2.175,0.35377,0.24744,268.319,24.711,PUSH
2.176,0.35377,0.24744,268.319,24.674,PUSH
2.177,0.35377,0.24744,268.319,24.638,PUSH
2.178,0.35377,0.24744,268.319,24.601,PUSH
2.179,0.35377,0.24744,268.319,24.565,PUSH
2.18,0.35377,0.24744,268.319,24.528,PUSH
2.181,0.35377,0.24744,268.319,24.492,PUSH
2.182,0.35377,0.24744,268.319,24.455,PUSH
2.183,0.35377,0.24744,268.319,24.419,PUSH
2.184,0.35377,0.24744,268.319,24.382,PUSH
2.185,0.35377,0.24744,268.319,24.346,PUSH
2.186,0.35377,0.24744,268.319,24.309,PUSH
2.187,0.35377,0.24744,268.319,24.273,PUSH
2.188,0.35377,0.24744,268.319,24.236,PUSH
2.189,0.35377,0.24744,268.319,24.2,PUSH
2.19,0.35377,0.24744,268.319,24.164,PUSH
2.191,0.35377,0.24744,268.319,24.127,PUSH
2.192,0.35377,0.24744,268.319,24.091,PUSH
2.193,0.35377,0.24744,268.319,24.055,PUSH
2.194,0.35377,0.24744,268.319,24.019,PUSH
2.195,0.35377,0.24744,268.319,23.983,PUSH
2.196,0.35377,0.24744,268.319,23.947,PUSH
2.197,0.35377,0.24744,268.319,23.911,PUSH
2.198,0.35377,0.24744,268.319,23.875,PUSH
2.199,0.35377,0.24744,268.319,23.839,PUSH
2.2,0.35377,0.24744,268.319,23.803,PUSH
2.201,0.35442,0.24296,264.448,27.261,PUSH
2.202,0.35442,0.24296,264.448,27.225,PUSH
2.203,0.35442,0.24296,264.448,27.187,PUSH
2.204,0.35442,0.24296,264.448,27.149,PUSH
2.205,0.35442,0.24296,264.448,27.111,PUSH
2.206,0.35442,0.24296,264.448,27.073,PUSH
2.207,0.35442,0.24296,264.448,27.034,PUSH
2.208,0.35442,0.24296,264.448,26.995,PUSH
2.209,0.35442,0.24296,264.448,26.956,PUSH
2.21,0.35442,0.24296,264.448,26.917,PUSH
2.211,0.35442,0.24296,264.448,26.877,PUSH
2.212,0.35442,0.24296,264.448,26.838,PUSH
2.213,0.35442,0.24296,264.448,26.798,PUSH
2.214,0.35442,0.24296,264.448,26.759,PUSH
2.215,0.35442,0.24296,264.448,26.719,PUSH
2.216,0.35442,0.24296,264.448,26.679,PUSH
2.217,0.35442,0.24296,264.448,26.64,PUSH
2.218,0.35442,0.24296,264.448,26.6,PUSH
2.219,0.35442,0.24296,264.448,26.56,PUSH
2.22,0.35442,0.24296,264.448,26.521,PUSH
2.221,0.35442,0.24296,264.448,26.481,PUSH
2.222,0.35442,0.24296,264.448,26.442,PUSH
2.223,0.35442,0.24296,264.448,26.402,PUSH
2.224,0.35442,0.24296,264.448,26.362,PUSH
2.225,0.35442,0.24296,264.448,26.323,PUSH
2.226,0.35442,0.24296,264.448,26.283,PUSH
2.227,0.35442,0.24296,264.448,26.244,PUSH
2.228,0.35442,0.24296,264.448,26.205,PUSH
2.229,0.35442,0.24296,264.448,26.165,PUSH
2.23,0.35442,0.24296,264.448,26.126,PUSH
2.231,0.35442,0.24296,264.448,26.087,PUSH
2.232,0.35442,0.24296,264.448,26.048,PUSH
2.233,0.35442,0.24296,264.448,26.009,PUSH
2.234,0.35111,0.24676,266.671,19.226,PUSH
2.235,0.35111,0.24676,266.671,19.189,PUSH
2.236,0.35111,0.24676,266.671,19.153,PUSH
2.237,0.35111,0.24676,266.671,19.118,PUSH
2.238,0.35111,0.24676,266.671,19.085,PUSH
2.239,0.35111,0.24676,266.671,19.051,PUSH
2.24,0.35111,0.24676,266.671,19.037,PUSH
2.241,0.35111,0.24676,266.671,19.03,PUSH
2.242,0.35111,0.24676,266.671,19.032,PUSH
2.243,0.35111,0.24676,266.671,19.031,PUSH
2.244,0.35111,0.24676,266.671,19.035,PUSH
2.245,0.35111,0.24676,266.671,19.041,PUSH
2.246,0.35111,0.24676,266.671,19.046,PUSH
2.247,0.35111,0.24676,266.671,19.049,PUSH
2.248,0.35111,0.24676,266.671,19.059,PUSH
2.249,0.35111,0.24676,266.671,19.073,PUSH
2.25,0.35111,0.24676,266.671,19.085,PUSH
2.251,0.35111,0.24676,266.671,19.099,PUSH
2.252,0.35111,0.24676,266.671,19.11,PUSH
2.253,0.35111,0.24676,266.671,19.117,PUSH
2.254,0.35111,0.24676,266.671,19.128,PUSH
2.255,0.35111,0.24676,266.671,19.14,PUSH
2.256,0.35111,0.24676,266.671,19.149,PUSH
2.257,0.35111,0.24676,266.671,19.153,PUSH
2.258,0.35111,0.24676,266.671,19.161,PUSH
2.259,0.35111,0.24676,266.671,19.165,PUSH
2.26,0.35111,0.24676,266.671,19.172,PUSH
2.261,0.35111,0.24676,266.671,19.175,PUSH
2.262,0.35111,0.24676,266.671,19.175,PUSH
2.263,0.35111,0.24676,266.671,19.178,PUSH
2.264,0.35111,0.24676,266.671,19.183,PUSH
2.265,0.35111,0.24676,266.671,19.187,PUSH
2.266,0.35111,0.24676,266.671,19.187,PUSH
2.267,0.35003,0.24501,264.645,18.698,PUSH
2.268,0.35003,0.24501,264.645,18.695,PUSH
2.269,0.35003,0.24501,264.645,18.69,PUSH
2.27,0.35003,0.24501,264.645,18.688,PUSH
2.271,0.35003,0.24501,264.645,18.687,PUSH
2.272,0.35003,0.24501,264.645,18.687,PUSH
2.273,0.35003,0.24501,264.645,18.683,PUSH
2.274,0.35003,0.24501,264.645,18.678,PUSH
2.275,0.35003,0.24501,264.645,18.671,PUSH
2.276,0.35003,0.24501,264.645,18.666,PUSH
2.277,0.35003,0.24501,264.645,18.663,PUSH
2.278,0.35003,0.24501,264.645,18.661,PUSH
2.279,0.35003,0.24501,264.645,18.657,PUSH
2.28,0.35003,0.24501,264.645,18.651,PUSH
2.281,0.35003,0.24501,264.645,18.646,PUSH
2.282,0.35003,0.24501,264.645,18.642,PUSH
2.283,0.35003,0.24501,264.645,18.635,PUSH
2.284,0.35003,0.24501,264.645,18.628,PUSH
2.285,0.35003,0.24501,264.645,18.619,PUSH
2.286,0.35003,0.24501,264.645,18.607,PUSH
2.287,0.35003,0.24501,264.645,18.598,PUSH
2.288,0.35003,0.24501,264.645,18.591,PUSH
2.289,0.35003,0.24501,264.645,18.58,PUSH
2.29,0.35003,0.24501,264.645,18.568,PUSH
2.291,0.35003,0.24501,264.645,18.557,PUSH
2.292,0.35003,0.24501,264.645,18.548,PUSH
2.293,0.35003,0.24501,264.645,18.538,PUSH
2.294,0.35003,0.24501,264.645,18.524,PUSH
2.295,0.35003,0.24501,264.645,18.514,PUSH
2.296,0.35003,0.24501,264.645,18.501,PUSH
2.297,0.35003,0.24501,264.645,18.485,PUSH
2.298,0.35003,0.24501,264.645,18.474,PUSH
2.299,0.35003,0.24501,264.645,18.464,PUSH
2.3,0.35166,0.2495,269.414,18.168,PUSH
2.301,0.35166,0.2495,269.414,18.153,PUSH
2.302,0.35166,0.2495,269.414,18.14,PUSH
2.303,0.35166,0.2495,269.414,18.125,PUSH
2.304,0.35166,0.2495,269.414,18.108,PUSH
2.305,0.35166,0.2495,269.414,18.093,PUSH
2.306,0.35166,0.2495,269.414,18.081,PUSH
2.307,0.35166,0.2495,269.414,18.067,PUSH
2.308,0.35166,0.2495,269.414,18.05,PUSH
2.309,0.35166,0.2495,269.414,18.035,PUSH
2.31,0.35166,0.2495,269.414,18.018,PUSH
2.311,0.35166,0.2495,269.414,18.0,PUSH
2.312,0.35166,0.2495,269.414,17.984,PUSH
2.313,0.35166,0.2495,269.414,17.971,PUSH
2.314,0.35166,0.2495,269.414,17.955,PUSH
2.315,0.35166,0.2495,269.414,17.938,PUSH
2.316,0.35166,0.2495,269.414,17.918,PUSH
2.317,0.35166,0.2495,269.414,17.901,PUSH
2.318,0.35166,0.2495,269.414,17.887,PUSH
2.319,0.35166,0.2495,269.414,17.871,PUSH
2.32,0.35166,0.2495,269.414,17.853,PUSH
2.321,0.35166,0.2495,269.414,17.837,PUSH
2.322,0.35166,0.2495,269.414,17.819,PUSH
2.323,0.35166,0.2495,269.414,17.804,PUSH
2.324,0.35166,0.2495,269.414,17.787,PUSH
2.325,0.35166,0.2495,269.414,17.768,PUSH
2.326,0.35166,0.2495,269.414,17.751,PUSH
2.327,0.35166,0.2495,269.414,17.733,PUSH
2.328,0.35166,0.2495,269.414,17.718,PUSH
2.329,0.35166,0.2495,269.414,17.701,PUSH
2.33,0.35166,0.2495,269.414,17.686,PUSH
2.331,0.35166,0.2495,269.414,17.669,PUSH
2.332,0.35166,0.2495,269.414,17.65,PUSH
2.333,0.35166,0.2495,269.414,17.634,PUSH
2.334,0.35119,0.24883,268.613,17.348,PUSH
2.335,0.35119,0.24883,268.613,17.333,PUSH
2.336,0.35119,0.24883,268.613,17.315,PUSH
2.337,0.35119,0.24883,268.613,17.296,PUSH
2.338,0.35119,0.24883,268.613,17.28,PUSH
2.339,0.35119,0.24883,268.613,17.267,PUSH
2.34,0.35119,0.24883,268.613,17.251,PUSH
2.341,0.35119,0.24883,268.613,17.233,PUSH
2.342,0.35119,0.24883,268.613,17.213,PUSH
2.343,0.35119,0.24883,268.613,17.197,PUSH
2.344,0.35119,0.24883,268.613,17.183,PUSH
2.345,0.35119,0.24883,268.613,17.166,PUSH
2.346,0.35119,0.24883,268.613,17.148,PUSH
2.347,0.35119,0.24883,268.613,17.132,PUSH
2.348,0.35119,0.24883,268.613,17.114,PUSH
2.349,0.35119,0.24883,268.613,17.095,PUSH
2.35,0.35119,0.24883,268.613,17.078,PUSH
2.351,0.35119,0.24883,268.613,17.064,PUSH
2.352,0.35119,0.24883,268.613,17.048,PUSH
2.353,0.35119,0.24883,268.613,17.03,PUSH
2.354,0.35119,0.24883,268.613,17.01,PUSH
2.355,0.35119,0.24883,268.613,16.993,PUSH
2.356,0.35119,0.24883,268.613,16.979,PUSH
2.357,0.35119,0.24883,268.613,16.963,PUSH
2.358,0.35119,0.24883,268.613,16.944,PUSH
2.359,0.35119,0.24883,268.613,16.928,PUSH
2.36,0.35119,0.24883,268.613,16.911,PUSH
2.361,0.35119,0.24883,268.613,16.895,PUSH
2.362,0.35119,0.24883,268.613,16.878,PUSH
2.363,0.35119,0.24883,268.613,16.859,PUSH
2.364,0.35119,0.24883,268.613,16.843,PUSH
2.365,0.35119,0.24883,268.613,16.825,PUSH
2.366,0.35119,0.24883,268.613,16.81,PUSH
2.367,0.35362,0.24865,269.377,20.179,PUSH
2.368,0.35362,0.24865,269.377,20.163,PUSH
2.369,0.35362,0.24865,269.377,20.145,PUSH
2.37,0.35362,0.24865,269.377,20.124,PUSH
2.371,0.35362,0.24865,269.377,20.106,PUSH
2.372,0.35362,0.24865,269.377,20.086,PUSH
2.373,0.35362,0.24865,269.377,20.068,PUSH
2.374,0.35362,0.24865,269.377,20.048,PUSH
2.375,0.35362,0.24865,269.377,20.026,PUSH
2.376,0.35362,0.24865,269.377,20.007,PUSH
2.377,0.35362,0.24865,269.377,19.99,PUSH
2.378,0.35362,0.24865,269.377,19.97,PUSH
2.379,0.35362,0.24865,269.377,19.949,PUSH
2.38,0.35362,0.24865,269.377,19.925,PUSH
2.381,0.35362,0.24865,269.377,19.905,PUSH
2.382,0.35362,0.24865,269.377,19.887,PUSH
2.383,0.35362,0.24865,269.377,19.867,PUSH
2.384,0.35362,0.24865,269.377,19.844,PUSH
2.385,0.35362,0.24865,269.377,19.825,PUSH
2.386,0.35362,0.24865,269.377,19.803,PUSH
2.387,0.35362,0.24865,269.377,19.786,PUSH
2.388,0.35362,0.24865,269.377,19.769,PUSH
2.389,0.35362,0.24865,269.377,19.752,PUSH
2.39,0.35362,0.24865,269.377,19.735,PUSH
2.391,0.35362,0.24865,269.377,19.719,PUSH
2.392,0.35362,0.24865,269.377,19.704,PUSH
2.393,0.35362,0.24865,269.377,19.687,PUSH
2.394,0.35362,0.24865,269.377,19.669,PUSH
2.395,0.35362,0.24865,269.377,19.653,PUSH
2.396,0.35362,0.24865,269.377,19.637,PUSH
2.397,0.35362,0.24865,269.377,19.622,PUSH
2.398,0.35362,0.24865,269.377,19.604,PUSH
2.399,0.35362,0.24865,269.377,19.586,PUSH
2.4,0.35362,0.24865,269.377,19.57,PUSH
2.401,0.35423,0.24808,269.09,20.706,PUSH
2.402,0.35423,0.24808,269.09,20.69,PUSH
2.403,0.35423,0.24808,269.09,20.673,PUSH
2.404,0.35423,0.24808,269.09,20.655,PUSH
2.405,0.35423,0.24808,269.09,20.638,PUSH
2.406,0.35423,0.24808,269.09,20.622,PUSH
2.407,0.35423,0.24808,269.09,20.606,PUSH
2.408,0.35423,0.24808,269.09,20.587,PUSH
2.409,0.35423,0.24808,269.09,20.568,PUSH
2.41,0.35423,0.24808,269.09,20.549,PUSH
2.411,0.35423,0.24808,269.09,20.53,PUSH
2.412,0.35423,0.24808,269.09,20.511,PUSH
2.413,0.35423,0.24808,269.09,20.491,PUSH
2.414,0.35423,0.24808,269.09,20.47,PUSH
2.415,0.35423,0.24808,269.09,20.449,PUSH
2.416,0.35423,0.24808,269.09,20.429,PUSH
2.417,0.35423,0.24808,269.09,20.408,PUSH
2.418,0.35423,0.24808,269.09,20.386,PUSH
2.419,0.35423,0.24808,269.09,20.365,PUSH
2.42,0.35423,0.24808,269.09,20.344,PUSH
2.421,0.35423,0.24808,269.09,20.321,PUSH
2.422,0.35423,0.24808,269.09,20.298,PUSH
2.423,0.35423,0.24808,269.09,20.277,PUSH
2.424,0.35423,0.24808,269.09,20.254,PUSH
2.425,0.35423,0.24808,269.09,20.231,PUSH
2.426,0.35423,0.24808,269.09,20.21,PUSH
2.427,0.35423,0.24808,269.09,20.187,PUSH
2.428,0.35423,0.24808,269.09,20.164,PUSH
2.429,0.35423,0.24808,269.09,20.14,PUSH
2.43,0.35423,0.24808,269.09,20.118,PUSH
2.431,0.35423,0.24808,269.09,20.095,PUSH
2.432,0.35423,0.24808,269.09,20.072,PUSH
2.433,0.35423,0.24808,269.09,20.05,PUSH
2.434,0.35119,0.24614,266.126,16.997,PUSH
2.435,0.35119,0.24614,266.126,16.975,PUSH
2.436,0.35119,0.24614,266.126,16.954,PUSH
2.437,0.35119,0.24614,266.126,16.933,PUSH
2.438,0.35119,0.24614,266.126,16.911,PUSH
2.439,0.35119,0.24614,266.126,16.889,PUSH
2.44,0.35119,0.24614,266.126,16.869,PUSH
2.441,0.35119,0.24614,266.126,16.848,PUSH
2.442,0.35119,0.24614,266.126,16.827,PUSH
2.443,0.35119,0.24614,266.126,16.808,PUSH
2.444,0.35119,0.24614,266.126,16.788,PUSH
2.445,0.35119,0.24614,266.126,16.767,PUSH
2.446,0.35119,0.24614,266.126,16.749,PUSH
2.447,0.35119,0.24614,266.126,16.73,PUSH
2.448,0.35119,0.24614,266.126,16.709,PUSH
2.449,0.35119,0.24614,266.126,16.689,PUSH
2.45,0.35119,0.24614,266.126,16.67,PUSH
2.451,0.35119,0.24614,266.126,16.651,PUSH
2.452,0.35119,0.24614,266.126,16.633,PUSH
2.453,0.35119,0.24614,266.126,16.614,PUSH
2.454,0.35119,0.24614,266.126,16.595,PUSH
2.455,0.35119,0.24614,266.126,16.575,PUSH
2.456,0.35119,0.24614,266.126,16.557,PUSH
2.457,0.35119,0.24614,266.126,16.538,PUSH
2.458,0.35119,0.24614,266.126,16.521,PUSH
2.459,0.35119,0.24614,266.126,16.503,PUSH
2.46,0.35119,0.24614,266.126,16.484,PUSH
2.461,0.35119,0.24614,266.126,16.464,PUSH
2.462,0.35119,0.24614,266.126,16.447,PUSH
2.463,0.35119,0.24614,266.126,16.428,PUSH
2.464,0.35119,0.24614,266.126,16.412,PUSH
2.465,0.35119,0.24614,266.126,16.394,PUSH
2.466,0.35119,0.24614,266.126,16.375,PUSH
2.467,0.35003,0.24682,266.32,14.401,PUSH
2.468,0.35003,0.24682,266.32,14.384,PUSH
2.469,0.35003,0.24682,266.32,14.369,PUSH
2.47,0.35003,0.24682,266.32,14.353,PUSH
2.471,0.35003,0.24682,266.32,14.336,PUSH
2.472,0.35003,0.24682,266.32,14.318,PUSH
2.473,0.35003,0.24682,266.32,14.304,PUSH
2.474,0.35003,0.24682,266.32,14.291,PUSH
2.475,0.35003,0.24682,266.32,14.282,PUSH
2.476,0.35003,0.24682,266.32,14.272,PUSH
2.477,0.35003,0.24682,266.32,14.261,PUSH
2.478,0.35003,0.24682,266.32,14.249,PUSH
2.479,0.35003,0.24682,266.32,14.237,PUSH
2.48,0.35003,0.24682,266.32,14.222,PUSH
2.481,0.35003,0.24682,266.32,14.209,PUSH
2.482,0.35003,0.24682,266.32,14.197,PUSH
2.483,0.35003,0.24682,266.32,14.185,PUSH
2.484,0.35003,0.24682,266.32,14.176,PUSH
2.485,0.35003,0.24682,266.32,14.165,PUSH
2.486,0.35003,0.24682,266.32,14.153,PUSH
2.487,0.35003,0.24682,266.32,14.14,PUSH
2.488,0.35003,0.24682,266.32,14.128,PUSH
2.489,0.35003,0.24682,266.32,14.115,PUSH
2.49,0.35003,0.24682,266.32,14.1,PUSH
2.491,0.35003,0.24682,266.32,14.087,PUSH
2.492,0.35003,0.24682,266.32,14.073,PUSH
2.493,0.35003,0.24682,266.32,14.061,PUSH
2.494,0.35003,0.24682,266.32,14.047,PUSH
2.495,0.35003,0.24682,266.32,14.032,PUSH
2.496,0.35003,0.24682,266.32,14.019,PUSH
2.497,0.35003,0.24682,266.32,14.005,PUSH
2.498,0.35003,0.24682,266.32,13.99,PUSH
2.499,0.35003,0.24682,266.32,13.978,PUSH
2.5,0.35003,0.24682,266.32,13.964,PUSH
2.501,0.3539,0.24472,265.863,20.394,PUSH
2.502,0.3539,0.24472,265.863,20.379,PUSH
2.503,0.3539,0.24472,265.863,20.362,PUSH
2.504,0.3539,0.24472,265.863,20.347,PUSH
2.505,0.3539,0.24472,265.863,20.33,PUSH
2.506,0.3539,0.24472,265.863,20.311,PUSH
2.507,0.3539,0.24472,265.863,20.295,PUSH
2.508,0.3539,0.24472,265.863,20.276,PUSH
2.509,0.3539,0.24472,265.863,20.256,PUSH
2.51,0.3539,0.24472,265.863,20.238,PUSH
2.511,0.3539,0.24472,265.863,20.219,PUSH
2.512,0.3539,0.24472,265.863,20.2,PUSH
2.513,0.3539,0.24472,265.863,20.181,PUSH
2.514,0.3539,0.24472,265.863,20.16,PUSH
2.515,0.3539,0.24472,265.863,20.141,PUSH
2.516,0.3539,0.24472,265.863,20.12,PUSH
2.517,0.3539,0.24472,265.863,20.099,PUSH
2.518,0.3539,0.24472,265.863,20.08,PUSH
2.519,0.3539,0.24472,265.863,20.061,PUSH
2.52,0.3539,0.24472,265.863,20.04,PUSH
2.521,0.3539,0.24472,265.863,20.019,PUSH
2.522,0.3539,0.24472,265.863,19.997,PUSH
2.523,0.3539,0.24472,265.863,19.977,PUSH
2.524,0.3539,0.24472,265.863,19.957,PUSH
2.525,0.3539,0.24472,265.863,19.937,PUSH
2.526,0.3539,0.24472,265.863,19.915,PUSH
2.527,0.3539,0.24472,265.863,19.895,PUSH
2.528,0.3539,0.24472,265.863,19.874,PUSH
2.529,0.3539,0.24472,265.863,19.855,PUSH
2.53,0.3539,0.24472,265.863,19.838,PUSH
2.531,0.3539,0.24472,265.863,19.821,PUSH
2.532,0.3539,0.24472,265.863,19.804,PUSH
2.533,0.3539,0.24472,265.863,19.788,PUSH
2.534,0.3552,0.24602,267.571,20.778,PUSH
2.535,0.3552,0.24602,267.571,20.759,PUSH
2.536,0.3552,0.24602,267.571,20.741,PUSH
2.537,0.3552,0.24602,267.571,20.721,PUSH
2.538,0.3552,0.24602,267.571,20.701,PUSH
2.539,0.3552,0.24602,267.571,20.68,PUSH
2.54,0.3552,0.24602,267.571,20.657,PUSH
2.541,0.3552,0.24602,267.571,20.636,PUSH
2.542,0.3552,0.24602,267.571,20.614,PUSH
2.543,0.3552,0.24602,267.571,20.594,PUSH
2.544,0.3552,0.24602,267.571,20.572,PUSH
2.545,0.3552,0.24602,267.571,20.549,PUSH
2.546,0.3552,0.24602,267.571,20.528,PUSH
2.547,0.3552,0.24602,267.571,20.506,PUSH
2.548,0.3552,0.24602,267.571,20.485,PUSH
2.549,0.3552,0.24602,267.571,20.463,PUSH
2.55,0.3552,0.24602,267.571,20.44,PUSH
2.551,0.3552,0.24602,267.571,20.419,PUSH
2.552,0.3552,0.24602,267.571,20.397,PUSH
2.553,0.3552,0.24602,267.571,20.376,PUSH
2.554,0.3552,0.24602,267.571,20.354,PUSH
2.555,0.3552,0.24602,267.571,20.331,PUSH
2.556,0.3552,0.24602,267.571,20.31,PUSH
2.557,0.3552,0.24602,267.571,20.288,PUSH
2.558,0.3552,0.24602,267.571,20.267,PUSH
2.559,0.3552,0.24602,267.571,20.245,PUSH
2.56,0.3552,0.24602,267.571,20.222,PUSH
2.561,0.3552,0.24602,267.571,20.201,PUSH
2.562,0.3552,0.24602,267.571,20.181,PUSH
2.563,0.3552,0.24602,267.571,20.16,PUSH
2.564,0.3552,0.24602,267.571,20.137,PUSH
2.565,0.3552,0.24602,267.571,20.114,PUSH
2.566,0.3552,0.24602,267.571,20.093,PUSH
2.567,0.35328,0.24404,264.994,18.614,PUSH
2.568,0.35328,0.24404,264.994,18.593,PUSH
2.569,0.35328,0.24404,264.994,18.571,PUSH
2.57,0.35328,0.24404,264.994,18.551,PUSH
2.571,0.35328,0.24404,264.994,18.529,PUSH
2.572,0.35328,0.24404,264.994,18.51,PUSH
2.573,0.35328,0.24404,264.994,18.489,PUSH
2.574,0.35328,0.24404,264.994,18.468,PUSH
2.575,0.35328,0.24404,264.994,18.448,PUSH
2.576,0.35328,0.24404,264.994,18.43,PUSH
2.577,0.35328,0.24404,264.994,18.41,PUSH
2.578,0.35328,0.24404,264.994,18.389,PUSH
2.579,0.35328,0.24404,264.994,18.368,PUSH
2.58,0.35328,0.24404,264.994,18.349,PUSH
2.581,0.35328,0.24404,264.994,18.331,PUSH
2.582,0.35328,0.24404,264.994,18.311,PUSH
2.583,0.35328,0.24404,264.994,18.29,PUSH
2.584,0.35328,0.24404,264.994,18.272,PUSH
2.585,0.35328,0.24404,264.994,18.252,PUSH
2.586,0.35328,0.24404,264.994,18.233,PUSH
2.587,0.35328,0.24404,264.994,18.214,PUSH
2.588,0.35328,0.24404,264.994,18.193,PUSH
2.589,0.35328,0.24404,264.994,18.174,PUSH
2.59,0.35328,0.24404,264.994,18.157,PUSH
2.591,0.35328,0.24404,264.994,18.138,PUSH
2.592,0.35328,0.24404,264.994,18.118,PUSH
2.593,0.35328,0.24404,264.994,18.097,PUSH
2.594,0.35328,0.24404,264.994,18.079,PUSH
2.595,0.35328,0.24404,264.994,18.061,PUSH
2.596,0.35328,0.24404,264.994,18.042,PUSH
2.597,0.35328,0.24404,264.994,18.022,PUSH
2.598,0.35328,0.24404,264.994,18.004,PUSH
2.599,0.35328,0.24404,264.994,17.985,PUSH
2.6,0.35328,0.24404,264.994,17.967,PUSH
2.601,0.35339,0.24235,263.484,19.07,PUSH
2.602,0.35339,0.24235,263.484,19.05,PUSH
2.603,0.35339,0.24235,263.484,19.031,PUSH
2.604,0.35339,0.24235,263.484,19.014,PUSH
2.605,0.35339,0.24235,263.484,18.995,PUSH
2.606,0.35339,0.24235,263.484,18.974,PUSH
2.607,0.35339,0.24235,263.484,18.956,PUSH
2.608,0.35339,0.24235,263.484,18.936,PUSH
2.609,0.35339,0.24235,263.484,18.917,PUSH
2.61,0.35339,0.24235,263.484,18.897,PUSH
2.611,0.35339,0.24235,263.484,18.877,PUSH
2.612,0.35339,0.24235,263.484,18.858,PUSH
2.613,0.35339,0.24235,263.484,18.84,PUSH
2.614,0.35339,0.24235,263.484,18.82,PUSH
2.615,0.35339,0.24235,263.484,18.799,PUSH
2.616,0.35339,0.24235,263.484,18.781,PUSH
2.617,0.35339,0.24235,263.484,18.761,PUSH
2.618,0.35339,0.24235,263.484,18.742,PUSH
2.619,0.35339,0.24235,263.484,18.722,PUSH
2.62,0.35339,0.24235,263.484,18.701,PUSH
2.621,0.35339,0.24235,263.484,18.682,PUSH
2.622,0.35339,0.24235,263.484,18.664,PUSH
2.623,0.35339,0.24235,263.484,18.645,PUSH
2.624,0.35339,0.24235,263.484,18.624,PUSH
2.625,0.35339,0.24235,263.484,18.605,PUSH
2.626,0.35339,0.24235,263.484,18.585,PUSH
2.627,0.35339,0.24235,263.484,18.567,PUSH
2.628,0.35339,0.24235,263.484,18.547,PUSH
2.629,0.35339,0.24235,263.484,18.526,PUSH
2.63,0.35339,0.24235,263.484,18.507,PUSH
2.631,0.35339,0.24235,263.484,18.49,PUSH
2.632,0.35339,0.24235,263.484,18.47,PUSH
2.633,0.35339,0.24235,263.484,18.45,PUSH
2.634,0.35437,0.24391,265.305,18.859,PUSH
2.635,0.35437,0.24391,265.305,18.839,PUSH
2.636,0.35437,0.24391,265.305,18.82,PUSH
2.637,0.35437,0.24391,265.305,18.8,PUSH
2.638,0.35437,0.24391,265.305,18.779,PUSH
2.639,0.35437,0.24391,265.305,18.76,PUSH
2.64,0.35437,0.24391,265.305,18.742,PUSH
2.641,0.35437,0.24391,265.305,18.723,PUSH
2.642,0.35437,0.24391,265.305,18.702,PUSH
2.643,0.35437,0.24391,265.305,18.683,PUSH
2.644,0.35437,0.24391,265.305,18.663,PUSH
2.645,0.35437,0.24391,265.305,18.645,PUSH
2.646,0.35437,0.24391,265.305,18.625,PUSH
2.647,0.35437,0.24391,265.305,18.604,PUSH
2.648,0.35437,0.24391,265.305,18.585,PUSH
2.649,0.35437,0.24391,265.305,18.567,PUSH
2.65,0.35437,0.24391,265.305,18.548,PUSH
2.651,0.35437,0.24391,265.305,18.527,PUSH
2.652,0.35437,0.24391,265.305,18.508,PUSH
2.653,0.35437,0.24391,265.305,18.488,PUSH
2.654,0.35437,0.24391,265.305,18.47,PUSH
2.655,0.35437,0.24391,265.305,18.45,PUSH
2.656,0.35437,0.24391,265.305,18.431,PUSH
2.657,0.35437,0.24391,265.305,18.412,PUSH
2.658,0.35437,0.24391,265.305,18.391,PUSH
2.659,0.35437,0.24391,265.305,18.372,PUSH
2.66,0.35437,0.24391,265.305,18.355,PUSH
2.661,0.35437,0.24391,265.305,18.335,PUSH
2.662,0.35437,0.24391,265.305,18.315,PUSH
2.663,0.35437,0.24391,265.305,18.297,PUSH
2.664,0.35437,0.24391,265.305,18.277,PUSH
2.665,0.35437,0.24391,265.305,18.258,PUSH
2.666,0.35437,0.24391,265.305,18.239,PUSH
2.667,0.35412,0.24227,263.693,18.829,PUSH
2.668,0.35412,0.24227,263.693,18.809,PUSH
2.669,0.35412,0.24227,263.693,18.789,PUSH
2.67,0.35412,0.24227,263.693,18.77,PUSH
2.671,0.35412,0.24227,263.693,18.752,PUSH
2.672,0.35412,0.24227,263.693,18.733,PUSH
2.673,0.35412,0.24227,263.693,18.712,PUSH
2.674,0.35412,0.24227,263.693,18.693,PUSH
2.675,0.35412,0.24227,263.693,18.673,PUSH
2.676,0.35412,0.24227,263.693,18.655,PUSH
2.677,0.35412,0.24227,263.693,18.635,PUSH
2.678,0.35412,0.24227,263.693,18.616,PUSH
2.679,0.35412,0.24227,263.693,18.596,PUSH
2.68,0.35412,0.24227,263.693,18.576,PUSH
2.681,0.35412,0.24227,263.693,18.557,PUSH
2.682,0.35412,0.24227,263.693,18.539,PUSH
2.683,0.35412,0.24227,263.693,18.519,PUSH
2.684,0.35412,0.24227,263.693,18.499,PUSH
2.685,0.35412,0.24227,263.693,18.48,PUSH
2.686,0.35412,0.24227,263.693,18.46,PUSH
2.687,0.35412,0.24227,263.693,18.442,PUSH
2.688,0.35412,0.24227,263.693,18.422,PUSH
2.689,0.35412,0.24227,263.693,18.403,PUSH
2.69,0.35412,0.24227,263.693,18.384,PUSH
2.691,0.35412,0.24227,263.693,18.363,PUSH
2.692,0.35412,0.24227,263.693,18.344,PUSH
2.693,0.35412,0.24227,263.693,18.327,PUSH
2.694,0.35412,0.24227,263.693,18.307,PUSH
2.695,0.35412,0.24227,263.693,18.287,PUSH
2.696,0.35412,0.24227,263.693,18.268,PUSH
2.697,0.35412,0.24227,263.693,18.248,PUSH
2.698,0.35412,0.24227,263.693,18.23,PUSH
2.699,0.35412,0.24227,263.693,18.21,PUSH
2.7,0.35412,0.24227,263.693,18.192,PUSH
2.701,0.35801,0.24262,265.57,23.178,PUSH
2.702,0.35801,0.24262,265.57,23.157,PUSH
2.703,0.35801,0.24262,265.57,23.137,PUSH
2.704,0.35801,0.24262,265.57,23.117,PUSH
2.705,0.35801,0.24262,265.57,23.095,PUSH
2.706,0.35801,0.24262,265.57,23.072,PUSH
2.707,0.35801,0.24262,265.57,23.05,PUSH
2.708,0.35801,0.24262,265.57,23.026,PUSH
2.709,0.35801,0.24262,265.57,23.004,PUSH
2.71,0.35801,0.24262,265.57,22.98,PUSH
2.711,0.35801,0.24262,265.57,22.957,PUSH
2.712,0.35801,0.24262,265.57,22.933,PUSH
2.713,0.35801,0.24262,265.57,22.907,PUSH
2.714,0.35801,0.24262,265.57,22.884,PUSH
2.715,0.35801,0.24262,265.57,22.861,PUSH
2.716,0.35801,0.24262,265.57,22.836,PUSH
2.717,0.35801,0.24262,265.57,22.811,PUSH
2.718,0.35801,0.24262,265.57,22.786,PUSH
2.719,0.35801,0.24262,265.57,22.761,PUSH
2.72,0.35801,0.24262,265.57,22.737,PUSH
2.721,0.35801,0.24262,265.57,22.712,PUSH
2.722,0.35801,0.24262,265.57,22.688,PUSH
2.723,0.35801,0.24262,265.57,22.663,PUSH
2.724,0.35801,0.24262,265.57,22.639,PUSH
2.725,0.35801,0.24262,265.57,22.614,PUSH
2.726,0.35801,0.24262,265.57,22.588,PUSH
2.727,0.35801,0.24262,265.57,22.563,PUSH
2.728,0.35801,0.24262,265.57,22.54,PUSH
2.729,0.35801,0.24262,265.57,22.514,PUSH
2.73,0.35801,0.24262,265.57,22.488,PUSH
2.731,0.35801,0.24262,265.57,22.464,PUSH
2.732,0.35801,0.24262,265.57,22.438,PUSH
2.733,0.35801,0.24262,265.57,22.414,PUSH
2.734,0.35272,0.24292,263.749,15.127,PUSH
2.735,0.35272,0.24292,263.749,15.104,PUSH
2.736,0.35272,0.24292,263.749,15.082,PUSH
2.737,0.35272,0.24292,263.749,15.061,PUSH
2.738,0.35272,0.24292,263.749,15.04,PUSH
2.739,0.35272,0.24292,263.749,15.018,PUSH
2.74,0.35272,0.24292,263.749,14.999,PUSH
2.741,0.35272,0.24292,263.749,14.982,PUSH
2.742,0.35272,0.24292,263.749,14.963,PUSH
2.743,0.35272,0.24292,263.749,14.944,PUSH
2.744,0.35272,0.24292,263.749,14.926,PUSH
2.745,0.35272,0.24292,263.749,14.908,PUSH
2.746,0.35272,0.24292,263.749,14.892,PUSH
2.747,0.35272,0.24292,263.749,14.874,PUSH
2.748,0.35272,0.24292,263.749,14.859,PUSH
2.749,0.35272,0.24292,263.749,14.842,PUSH
2.75,0.35272,0.24292,263.749,14.827,PUSH
2.751,0.35272,0.24292,263.749,14.811,PUSH
2.752,0.35272,0.24292,263.749,14.793,PUSH
2.753,0.35272,0.24292,263.749,14.778,PUSH
2.754,0.35272,0.24292,263.749,14.764,PUSH
2.755,0.35272,0.24292,263.749,14.749,PUSH
2.756,0.35272,0.24292,263.749,14.732,PUSH
2.757,0.35272,0.24292,263.749,14.718,PUSH
2.758,0.35272,0.24292,263.749,14.704,PUSH
2.759,0.35272,0.24292,263.749,14.689,PUSH
2.76,0.35272,0.24292,263.749,14.673,PUSH
2.761,0.35272,0.24292,263.749,14.659,PUSH
2.762,0.35272,0.24292,263.749,14.643,PUSH
2.763,0.35272,0.24292,263.749,14.629,PUSH
2.764,0.35272,0.24292,263.749,14.617,PUSH
2.765,0.35272,0.24292,263.749,14.602,PUSH
2.766,0.35272,0.24292,263.749,14.587,PUSH
2.767,0.35142,0.23842,259.091,15.402,PUSH
2.768,0.35142,0.23842,259.091,15.389,PUSH
2.769,0.35142,0.23842,259.091,15.375,PUSH
2.77,0.35142,0.23842,259.091,15.359,PUSH
2.771,0.35142,0.23842,259.091,15.345,PUSH
2.772,0.35142,0.23842,259.091,15.332,PUSH
2.773,0.35142,0.23842,259.091,15.317,PUSH
2.774,0.35142,0.23842,259.091,15.301,PUSH
2.775,0.35142,0.23842,259.091,15.287,PUSH
2.776,0.35142,0.23842,259.091,15.274,PUSH
2.777,0.35142,0.23842,259.091,15.259,PUSH
2.778,0.35142,0.23842,259.091,15.243,PUSH
2.779,0.35142,0.23842,259.091,15.229,PUSH
2.78,0.35142,0.23842,259.091,15.216,PUSH
2.781,0.35142,0.23842,259.091,15.201,PUSH
2.782,0.35142,0.23842,259.091,15.185,PUSH
2.783,0.35142,0.23842,259.091,15.171,PUSH
2.784,0.35142,0.23842,259.091,15.158,PUSH
2.785,0.35142,0.23842,259.091,15.143,PUSH
2.786,0.35142,0.23842,259.091,15.127,PUSH
2.787,0.35142,0.23842,259.091,15.113,PUSH
2.788,0.35142,0.23842,259.091,15.1,PUSH
2.789,0.35142,0.23842,259.091,15.086,PUSH
2.79,0.35142,0.23842,259.091,15.072,PUSH
2.791,0.35142,0.23842,259.091,15.057,PUSH
2.792,0.35142,0.23842,259.091,15.044,PUSH
2.793,0.35142,0.23842,259.091,15.029,PUSH
2.794,0.35142,0.23842,259.091,15.016,PUSH
2.795,0.35142,0.23842,259.091,15.001,PUSH
2.796,0.35142,0.23842,259.091,14.988,PUSH
2.797,0.35142,0.23842,259.091,14.973,PUSH
2.798,0.35142,0.23842,259.091,14.959,PUSH
2.799,0.35142,0.23842,259.091,14.945,PUSH
2.8,0.35147,0.23714,257.94,15.753,PUSH
2.801,0.35147,0.23714,257.94,15.738,PUSH
2.802,0.35147,0.23714,257.94,15.724,PUSH
2.803,0.35147,0.23714,257.94,15.709,PUSH
2.804,0.35147,0.23714,257.94,15.695,PUSH
2.805,0.35147,0.23714,257.94,15.683,PUSH
2.806,0.35147,0.23714,257.94,15.668,PUSH
2.807,0.35147,0.23714,257.94,15.652,PUSH
2.808,0.35147,0.23714,257.94,15.638,PUSH
2.809,0.35147,0.23714,257.94,15.624,PUSH
2.81,0.35147,0.23714,257.94,15.609,PUSH
2.811,0.35147,0.23714,257.94,15.593,PUSH
2.812,0.35147,0.23714,257.94,15.579,PUSH
2.813,0.35147,0.23714,257.94,15.566,PUSH
2.814,0.35147,0.23714,257.94,15.551,PUSH
2.815,0.35147,0.23714,257.94,15.537,PUSH
2.816,0.35147,0.23714,257.94,15.522,PUSH
2.817,0.35147,0.23714,257.94,15.508,PUSH
2.818,0.35147,0.23714,257.94,15.495,PUSH
2.819,0.35147,0.23714,257.94,15.48,PUSH
2.82,0.35147,0.23714,257.94,15.464,PUSH
2.821,0.35147,0.23714,257.94,15.45,PUSH
2.822,0.35147,0.23714,257.94,15.437,PUSH
2.823,0.35147,0.23714,257.94,15.422,PUSH
2.824,0.35147,0.23714,257.94,15.408,PUSH
2.825,0.35147,0.23714,257.94,15.393,PUSH
2.826,0.35147,0.23714,257.94,15.38,PUSH
2.827,0.35147,0.23714,257.94,15.365,PUSH
2.828,0.35147,0.23714,257.94,15.351,PUSH
2.829,0.35147,0.23714,257.94,15.338,PUSH
2.83,0.35147,0.23714,257.94,15.324,PUSH
2.831,0.35147,0.23714,257.94,15.308,PUSH
2.832,0.35147,0.23714,257.94,15.294,PUSH
2.833,0.35147,0.23714,257.94,15.281,PUSH
2.834,0.35605,0.2355,258.278,22.492,PUSH
2.835,0.35605,0.2355,258.278,22.477,PUSH
2.836,0.35605,0.2355,258.278,22.459,PUSH
2.837,0.35605,0.2355,258.278,22.442,PUSH
2.838,0.35605,0.2355,258.278,22.424,PUSH
2.839,0.35605,0.2355,258.278,22.405,PUSH
2.84,0.35605,0.2355,258.278,22.387,PUSH
2.841,0.35605,0.2355,258.278,22.367,PUSH
2.842,0.35605,0.2355,258.278,22.346,PUSH
2.843,0.35605,0.2355,258.278,22.325,PUSH
2.844,0.35605,0.2355,258.278,22.305,PUSH
2.845,0.35605,0.2355,258.278,22.283,PUSH
2.846,0.35605,0.2355,258.278,22.263,PUSH
2.847,0.35605,0.2355,258.278,22.24,PUSH
2.848,0.35605,0.2355,258.278,22.219,PUSH
2.849,0.35605,0.2355,258.278,22.198,PUSH
2.85,0.35605,0.2355,258.278,22.175,PUSH
2.851,0.35605,0.2355,258.278,22.152,PUSH
2.852,0.35605,0.2355,258.278,22.129,PUSH
2.853,0.35605,0.2355,258.278,22.108,PUSH
2.854,0.35605,0.2355,258.278,22.084,PUSH
2.855,0.35605,0.2355,258.278,22.062,PUSH
2.856,0.35605,0.2355,258.278,22.039,PUSH
2.857,0.35605,0.2355,258.278,22.016,PUSH
2.858,0.35605,0.2355,258.278,21.992,PUSH
2.859,0.35605,0.2355,258.278,21.97,PUSH
2.86,0.35605,0.2355,258.278,21.948,PUSH
2.861,0.35605,0.2355,258.278,21.924,PUSH
2.862,0.35605,0.2355,258.278,21.9,PUSH
2.863,0.35605,0.2355,258.278,21.877,PUSH
2.864,0.35605,0.2355,258.278,21.854,PUSH
2.865,0.35605,0.2355,258.278,21.83,PUSH
2.866,0.35605,0.2355,258.278,21.808,PUSH
2.867,0.35478,0.23408,256.466,20.926,PUSH
2.868,0.35478,0.23408,256.466,20.903,PUSH
2.869,0.35478,0.23408,256.466,20.88,PUSH
2.87,0.35478,0.23408,256.466,20.857,PUSH
2.871,0.35478,0.23408,256.466,20.834,PUSH
2.872,0.35478,0.23408,256.466,20.812,PUSH
2.873,0.35478,0.23408,256.466,20.791,PUSH
2.874,0.35478,0.23408,256.466,20.768,PUSH
2.875,0.35478,0.23408,256.466,20.744,PUSH
2.876,0.35478,0.23408,256.466,20.722,PUSH
2.877,0.35478,0.23408,256.466,20.7,PUSH
2.878,0.35478,0.23408,256.466,20.677,PUSH
2.879,0.35478,0.23408,256.466,20.653,PUSH
2.88,0.35478,0.23408,256.466,20.631,PUSH
2.881,0.35478,0.23408,256.466,20.61,PUSH
2.882,0.35478,0.23408,256.466,20.587,PUSH
2.883,0.35478,0.23408,256.466,20.565,PUSH
2.884,0.35478,0.23408,256.466,20.543,PUSH
2.885,0.35478,0.23408,256.466,20.521,PUSH
2.886,0.35478,0.23408,256.466,20.498,PUSH
2.887,0.35478,0.23408,256.466,20.477,PUSH
2.888,0.35478,0.23408,256.466,20.457,PUSH
2.889,0.35478,0.23408,256.466,20.435,PUSH
2.89,0.35478,0.23408,256.466,20.412,PUSH
2.891,0.35478,0.23408,256.466,20.39,PUSH
2.892,0.35478,0.23408,256.466,20.369,PUSH
2.893,0.35478,0.23408,256.466,20.347,PUSH
2.894,0.35478,0.23408,256.466,20.326,PUSH
2.895,0.35478,0.23408,256.466,20.304,PUSH
2.896,0.35478,0.23408,256.466,20.283,PUSH
2.897,0.35478,0.23408,256.466,20.263,PUSH
2.898,0.35478,0.23408,256.466,20.242,PUSH
2.899,0.35478,0.23408,256.466,20.219,PUSH
2.9,0.35478,0.23408,256.466,20.198,PUSH
2.901,0.3533,0.23707,258.594,16.37,PUSH
2.902,0.3533,0.23707,258.594,16.35,PUSH
2.903,0.3533,0.23707,258.594,16.33,PUSH
2.904,0.3533,0.23707,258.594,16.31,PUSH
2.905,0.3533,0.23707,258.594,16.292,PUSH
2.906,0.3533,0.23707,258.594,16.275,PUSH
2.907,0.3533,0.23707,258.594,16.257,PUSH
2.908,0.3533,0.23707,258.594,16.237,PUSH
2.909,0.3533,0.23707,258.594,16.22,PUSH
2.91,0.3533,0.23707,258.594,16.204,PUSH
2.911,0.3533,0.23707,258.594,16.186,PUSH
2.912,0.3533,0.23707,258.594,16.167,PUSH
2.913,0.3533,0.23707,258.594,16.15,PUSH
2.914,0.3533,0.23707,258.594,16.134,PUSH
2.915,0.3533,0.23707,258.594,16.117,PUSH
2.916,0.3533,0.23707,258.594,16.098,PUSH
2.917,0.3533,0.23707,258.594,16.081,PUSH
2.918,0.3533,0.23707,258.594,16.066,PUSH
2.919,0.3533,0.23707,258.594,16.048,PUSH
2.92,0.3533,0.23707,258.594,16.03,PUSH
2.921,0.3533,0.23707,258.594,16.013,PUSH
2.922,0.3533,0.23707,258.594,15.998,PUSH
2.923,0.3533,0.23707,258.594,15.981,PUSH
2.924,0.3533,0.23707,258.594,15.963,PUSH
2.925,0.3533,0.23707,258.594,15.946,PUSH
2.926,0.3533,0.23707,258.594,15.931,PUSH
2.927,0.3533,0.23707,258.594,15.914,PUSH
2.928,0.3533,0.23707,258.594,15.899,PUSH
2.929,0.3533,0.23707,258.594,15.882,PUSH
2.93,0.3533,0.23707,258.594,15.867,PUSH
2.931,0.3533,0.23707,258.594,15.852,PUSH
2.932,0.3533,0.23707,258.594,15.836,PUSH
2.933,0.3533,0.23707,258.594,15.819,PUSH
2.934,0.3534,0.23751,259.042,15.666,PUSH
2.935,0.3534,0.23751,259.042,15.652,PUSH
2.936,0.3534,0.23751,259.042,15.635,PUSH
2.937,0.3534,0.23751,259.042,15.621,PUSH
2.938,0.3534,0.23751,259.042,15.604,PUSH
2.939,0.3534,0.23751,259.042,15.589,PUSH
2.94,0.3534,0.23751,259.042,15.575,PUSH
2.941,0.3534,0.23751,259.042,15.559,PUSH
2.942,0.3534,0.23751,259.042,15.543,PUSH
2.943,0.3534,0.23751,259.042,15.527,PUSH
2.944,0.3534,0.23751,259.042,15.513,PUSH
2.945,0.3534,0.23751,259.042,15.497,PUSH
2.946,0.3534,0.23751,259.042,15.482,PUSH
2.947,0.3534,0.23751,259.042,15.466,PUSH
2.948,0.3534,0.23751,259.042,15.451,PUSH
2.949,0.3534,0.23751,259.042,15.435,PUSH
2.95,0.3534,0.23751,259.042,15.42,PUSH
2.951,0.3534,0.23751,259.042,15.406,PUSH
2.952,0.3534,0.23751,259.042,15.39,PUSH
2.953,0.3534,0.23751,259.042,15.376,PUSH
2.954,0.3534,0.23751,259.042,15.36,PUSH
2.955,0.3534,0.23751,259.042,15.346,PUSH
2.956,0.3534,0.23751,259.042,15.33,PUSH
2.957,0.3534,0.23751,259.042,15.315,PUSH
2.958,0.3534,0.23751,259.042,15.301,PUSH
2.959,0.3534,0.23751,259.042,15.286,PUSH
2.96,0.3534,0.23751,259.042,15.269,PUSH
2.961,0.3534,0.23751,259.042,15.254,PUSH
2.962,0.3534,0.23751,259.042,15.24,PUSH
2.963,0.3534,0.23751,259.042,15.224,PUSH
2.964,0.3534,0.23751,259.042,15.21,PUSH
2.965,0.3534,0.23751,259.042,15.194,PUSH
2.966,0.3534,0.23751,259.042,15.179,PUSH
2.967,0.35104,0.2398,260.216,10.657,PUSH
2.968,0.35104,0.2398,260.216,10.644,PUSH
2.969,0.35104,0.2398,260.216,10.632,PUSH
2.97,0.35104,0.2398,260.216,10.618,PUSH
2.971,0.35104,0.2398,260.216,10.604,PUSH
2.972,0.35104,0.2398,260.216,10.592,PUSH
2.973,0.35104,0.2398,260.216,10.582,PUSH
2.974,0.35104,0.2398,260.216,10.57,PUSH
2.975,0.35104,0.2398,260.216,10.557,PUSH
2.976,0.35104,0.2398,260.216,10.545,PUSH
2.977,0.35104,0.2398,260.216,10.536,PUSH
2.978,0.35104,0.2398,260.216,10.524,PUSH
2.979,0.35104,0.2398,260.216,10.512,PUSH
2.98,0.35104,0.2398,260.216,10.501,PUSH
2.981,0.35104,0.2398,260.216,10.489,PUSH
2.982,0.35104,0.2398,260.216,10.478,PUSH
2.983,0.35104,0.2398,260.216,10.466,PUSH
2.984,0.35104,0.2398,260.216,10.456,PUSH
2.985,0.35104,0.2398,260.216,10.447,PUSH
2.986,0.35104,0.2398,260.216,10.437,PUSH
2.987,0.35104,0.2398,260.216,10.425,PUSH
2.988,0.35104,0.2398,260.216,10.413,PUSH
2.989,0.35104,0.2398,260.216,10.402,PUSH
2.99,0.35104,0.2398,260.216,10.392,PUSH
2.991,0.35104,0.2398,260.216,10.381,PUSH
2.992,0.35104,0.2398,260.216,10.371,PUSH
2.993,0.35104,0.2398,260.216,10.36,PUSH
2.994,0.35104,0.2398,260.216,10.348,PUSH
2.995,0.35104,0.2398,260.216,10.338,PUSH
2.996,0.35104,0.2398,260.216,10.328,PUSH
2.997,0.35104,0.2398,260.216,10.318,PUSH
2.998,0.35104,0.2398,260.216,10.306,PUSH
2.999,0.35104,0.2398,260.216,10.295,PUSH
3.0,0.35104,0.2398,260.216,10.286,PUSH
3.001,0.34893,0.23598,255.877,9.583,PUSH
3.002,0.34893,0.23598,255.877,9.571,PUSH
3.003,0.34893,0.23598,255.877,9.561,PUSH
3.004,0.34893,0.23598,255.877,9.552,PUSH
3.005,0.34893,0.23598,255.877,9.542,PUSH
3.006,0.34893,0.23598,255.877,9.531,PUSH
3.007,0.34893,0.23598,255.877,9.521,PUSH
3.008,0.34893,0.23598,255.877,9.512,PUSH
3.009,0.34893,0.23598,255.877,9.502,PUSH
3.01,0.34893,0.23598,255.877,9.491,PUSH
3.011,0.34893,0.23598,255.877,9.481,PUSH
3.012,0.34893,0.23598,255.877,9.472,PUSH
3.013,0.34893,0.23598,255.877,9.463,PUSH
3.014,0.34893,0.23598,255.877,9.451,PUSH
3.015,0.34893,0.23598,255.877,9.442,PUSH
3.016,0.34893,0.23598,255.877,9.433,PUSH
3.017,0.34893,0.23598,255.877,9.424,PUSH
3.018,0.34893,0.23598,255.877,9.412,PUSH
3.019,0.34893,0.23598,255.877,9.403,PUSH
3.02,0.34893,0.23598,255.877,9.394,PUSH
3.021,0.34893,0.23598,255.877,9.385,PUSH
3.022,0.34893,0.23598,255.877,9.374,PUSH
3.023,0.34893,0.23598,255.877,9.364,PUSH
3.024,0.34893,0.23598,255.877,9.356,PUSH
3.025,0.34893,0.23598,255.877,9.346,PUSH
3.026,0.34893,0.23598,255.877,9.335,PUSH
3.027,0.34893,0.23598,255.877,9.325,PUSH
3.028,0.34893,0.23598,255.877,9.317,PUSH
3.029,0.34893,0.23598,255.877,9.307,PUSH
3.03,0.34893,0.23598,255.877,9.296,PUSH
3.031,0.34893,0.23598,255.877,9.287,PUSH
3.032,0.34893,0.23598,255.877,9.279,PUSH
3.033,0.34893,0.23598,255.877,9.269,PUSH
3.034,0.34915,0.23591,255.899,9.612,PUSH
3.035,0.34915,0.23591,255.899,9.602,PUSH
3.036,0.34915,0.23591,255.899,9.594,PUSH
3.037,0.34915,0.23591,255.899,9.584,PUSH
3.038,0.34915,0.23591,255.899,9.573,PUSH
3.039,0.34915,0.23591,255.899,9.563,PUSH
3.04,0.34915,0.23591,255.899,9.554,PUSH
3.041,0.34915,0.23591,255.899,9.544,PUSH
3.042,0.34915,0.23591,255.899,9.533,PUSH
3.043,0.34915,0.23591,255.899,9.523,PUSH
3.044,0.34915,0.23591,255.899,9.515,PUSH
3.045,0.34915,0.23591,255.899,9.505,PUSH
3.046,0.34915,0.23591,255.899,9.493,PUSH
3.047,0.34915,0.23591,255.899,9.484,PUSH
3.048,0.34915,0.23591,255.899,9.475,PUSH
3.049,0.34915,0.23591,255.899,9.465,PUSH
3.05,0.34915,0.23591,255.899,9.454,PUSH
3.051,0.34915,0.23591,255.899,9.444,PUSH
3.052,0.34915,0.23591,255.899,9.435,PUSH
3.053,0.34915,0.23591,255.899,9.425,PUSH
3.054,0.34915,0.23591,255.899,9.414,PUSH
3.055,0.34915,0.23591,255.899,9.404,PUSH
3.056,0.34915,0.23591,255.899,9.396,PUSH
3.057,0.34915,0.23591,255.899,9.386,PUSH
3.058,0.34915,0.23591,255.899,9.374,PUSH
3.059,0.34915,0.23591,255.899,9.365,PUSH
3.06,0.34915,0.23591,255.899,9.356,PUSH
3.061,0.34915,0.23591,255.899,9.346,PUSH
3.062,0.34915,0.23591,255.899,9.335,PUSH
3.063,0.34915,0.23591,255.899,9.325,PUSH
3.064,0.34915,0.23591,255.899,9.314,PUSH
3.065,0.34915,0.23591,255.899,9.305,PUSH
3.066,0.34915,0.23591,255.899,9.296,PUSH
3.067,0.34787,0.23768,257.043,6.528,PUSH
3.068,0.34787,0.23768,257.043,6.518,PUSH
3.069,0.34787,0.23768,257.043,6.51,PUSH
3.07,0.34787,0.23768,257.043,6.5,PUSH
3.071,0.34787,0.23768,257.043,6.493,PUSH
3.072,0.34787,0.23768,257.043,6.484,PUSH
3.073,0.34787,0.23768,257.043,6.477,PUSH
3.074,0.34787,0.23768,257.043,6.469,PUSH
3.075,0.34787,0.23768,257.043,6.46,PUSH
3.076,0.34787,0.23768,257.043,6.453,PUSH
3.077,0.34787,0.23768,257.043,6.447,PUSH
3.078,0.34787,0.23768,257.043,6.44,PUSH
3.079,0.34787,0.23768,257.043,6.432,PUSH
3.08,0.34787,0.23768,257.043,6.425,PUSH
3.081,0.34787,0.23768,257.043,6.418,PUSH
3.082,0.34787,0.23768,257.043,6.411,PUSH
3.083,0.34787,0.23768,257.043,6.404,PUSH
3.084,0.34787,0.23768,257.043,6.396,PUSH
3.085,0.34787,0.23768,257.043,6.389,PUSH
3.086,0.34787,0.23768,257.043,6.383,PUSH
3.087,0.34787,0.23768,257.043,6.377,PUSH
3.088,0.34787,0.23768,257.043,6.369,PUSH
3.089,0.34787,0.23768,257.043,6.363,PUSH
3.09,0.34787,0.23768,257.043,6.355,PUSH
3.091,0.34787,0.23768,257.043,6.349,PUSH
3.092,0.34787,0.23768,257.043,6.342,PUSH
3.093,0.34787,0.23768,257.043,6.334,PUSH
3.094,0.34787,0.23768,257.043,6.327,PUSH
3.095,0.34787,0.23768,257.043,6.322,PUSH
3.096,0.34787,0.23768,257.043,6.315,PUSH
3.097,0.34787,0.23768,257.043,6.308,PUSH
3.098,0.34787,0.23768,257.043,6.302,PUSH
3.099,0.34787,0.23768,257.043,6.294,PUSH
3.1,0.34787,0.23768,257.043,6.288,PUSH
3.101,0.34644,0.23477,253.801,5.957,PUSH
3.102,0.34644,0.23477,253.801,5.952,PUSH
3.103,0.34644,0.23477,253.801,5.945,PUSH
3.104,0.34644,0.23477,253.801,5.937,PUSH
3.105,0.34644,0.23477,253.801,5.931,PUSH
3.106,0.34644,0.23477,253.801,5.926,PUSH
3.107,0.34644,0.23477,253.801,5.92,PUSH
3.108,0.34644,0.23477,253.801,5.913,PUSH
3.109,0.34644,0.23477,253.801,5.907,PUSH
3.11,0.34644,0.23477,253.801,5.9,PUSH
3.111,0.34644,0.23477,253.801,5.894,PUSH
3.112,0.34644,0.23477,253.801,5.888,PUSH
3.113,0.34644,0.23477,253.801,5.88,PUSH
3.114,0.34644,0.23477,253.801,5.874,PUSH
3.115,0.34644,0.23477,253.801,5.869,PUSH
3.116,0.34644,0.23477,253.801,5.863,PUSH
3.117,0.34644,0.23477,253.801,5.856,PUSH
3.118,0.34644,0.23477,253.801,5.851,PUSH
3.119,0.34644,0.23477,253.801,5.844,PUSH
3.12,0.34644,0.23477,253.801,5.838,PUSH
3.121,0.34644,0.23477,253.801,5.832,PUSH
3.122,0.34644,0.23477,253.801,5.825,PUSH
3.123,0.34644,0.23477,253.801,5.818,PUSH
3.124,0.34644,0.23477,253.801,5.814,PUSH
3.125,0.34644,0.23477,253.801,5.808,PUSH
3.126,0.34644,0.23477,253.801,5.801,PUSH
3.127,0.34644,0.23477,253.801,5.795,PUSH
3.128,0.34644,0.23477,253.801,5.789,PUSH
3.129,0.34644,0.23477,253.801,5.783,PUSH
3.13,0.34644,0.23477,253.801,5.777,PUSH
3.131,0.34644,0.23477,253.801,5.769,PUSH
3.132,0.34644,0.23477,253.801,5.763,PUSH
3.133,0.34644,0.23477,253.801,5.758,PUSH
3.134,0.3482,0.2349,254.6,8.095,PUSH
3.135,0.3482,0.2349,254.6,8.088,PUSH
3.136,0.3482,0.2349,254.6,8.082,PUSH
3.137,0.3482,0.2349,254.6,8.074,PUSH
3.138,0.3482,0.2349,254.6,8.067,PUSH
3.139,0.3482,0.2349,254.6,8.059,PUSH
3.14,0.3482,0.2349,254.6,8.052,PUSH
3.141,0.3482,0.2349,254.6,8.043,PUSH
3.142,0.3482,0.2349,254.6,8.034,PUSH
3.143,0.3482,0.2349,254.6,8.026,PUSH
3.144,0.3482,0.2349,254.6,8.019,PUSH
3.145,0.3482,0.2349,254.6,8.01,PUSH
3.146,0.3482,0.2349,254.6,8.001,PUSH
3.147,0.3482,0.2349,254.6,7.993,PUSH
3.148,0.3482,0.2349,254.6,7.985,PUSH
3.149,0.3482,0.2349,254.6,7.977,PUSH
3.15,0.3482,0.2349,254.6,7.968,PUSH
3.151,0.3482,0.2349,254.6,7.958,PUSH
3.152,0.3482,0.2349,254.6,7.949,PUSH
3.153,0.3482,0.2349,254.6,7.941,PUSH
3.154,0.3482,0.2349,254.6,7.935,PUSH
3.155,0.3482,0.2349,254.6,7.927,PUSH
3.156,0.3482,0.2349,254.6,7.918,PUSH
3.157,0.3482,0.2349,254.6,7.908,PUSH
3.158,0.3482,0.2349,254.6,7.9,PUSH
3.159,0.3482,0.2349,254.6,7.892,PUSH
3.16,0.3482,0.2349,254.6,7.883,PUSH
3.161,0.3482,0.2349,254.6,7.874,PUSH
3.162,0.3482,0.2349,254.6,7.866,PUSH
3.163,0.3482,0.2349,254.6,7.858,PUSH
3.164,0.3482,0.2349,254.6,7.85,PUSH
3.165,0.3482,0.2349,254.6,7.841,PUSH
3.166,0.3482,0.2349,254.6,7.832,PUSH
3.167,0.3483,0.23113,251.166,10.144,PUSH
3.168,0.3483,0.23113,251.166,10.135,PUSH
3.169,0.3483,0.23113,251.166,10.125,PUSH
3.17,0.3483,0.23113,251.166,10.116,PUSH
3.171,0.3483,0.23113,251.166,10.106,PUSH
3.172,0.3483,0.23113,251.166,10.096,PUSH
3.173,0.3483,0.23113,251.166,10.086,PUSH
3.174,0.3483,0.23113,251.166,10.074,PUSH
3.175,0.3483,0.23113,251.166,10.063,PUSH
3.176,0.3483,0.23113,251.166,10.054,PUSH
3.177,0.3483,0.23113,251.166,10.043,PUSH
3.178,0.3483,0.23113,251.166,10.031,PUSH
3.179,0.3483,0.23113,251.166,10.02,PUSH
3.18,0.3483,0.23113,251.166,10.011,PUSH
3.181,0.3483,0.23113,251.166,10.0,PUSH
3.182,0.3483,0.23113,251.166,9.988,PUSH
3.183,0.3483,0.23113,251.166,9.977,PUSH
3.184,0.3483,0.23113,251.166,9.965,PUSH
3.185,0.3483,0.23113,251.166,9.955,PUSH
3.186,0.3483,0.23113,251.166,9.943,PUSH
3.187,0.3483,0.23113,251.166,9.933,PUSH
3.188,0.3483,0.23113,251.166,9.921,PUSH
3.189,0.3483,0.23113,251.166,9.911,PUSH
3.19,0.3483,0.23113,251.166,9.899,PUSH
3.191,0.3483,0.23113,251.166,9.889,PUSH
3.192,0.3483,0.23113,251.166,9.878,PUSH
3.193,0.3483,0.23113,251.166,9.865,PUSH
3.194,0.3483,0.23113,251.166,9.854,PUSH
3.195,0.3483,0.23113,251.166,9.844,PUSH
3.196,0.3483,0.23113,251.166,9.833,PUSH
3.197,0.3483,0.23113,251.166,9.821,PUSH
3.198,0.3483,0.23113,251.166,9.811,PUSH
3.199,0.3483,0.23113,251.166,9.801,PUSH
3.2,0.3483,0.23113,251.166,9.79,PUSH
3.201,0.35007,0.22923,250.125,13.352,PUSH
3.202,0.35007,0.22923,250.125,13.339,PUSH
3.203,0.35007,0.22923,250.125,13.326,PUSH
3.204,0.35007,0.22923,250.125,13.314,PUSH
3.205,0.35007,0.22923,250.125,13.303,PUSH
3.206,0.35007,0.22923,250.125,13.29,PUSH
3.207,0.35007,0.22923,250.125,13.276,PUSH
3.208,0.35007,0.22923,250.125,13.261,PUSH
3.209,0.35007,0.22923,250.125,13.247,PUSH
3.21,0.35007,0.22923,250.125,13.233,PUSH
3.211,0.35007,0.22923,250.125,13.219,PUSH
3.212,0.35007,0.22923,250.125,13.205,PUSH
3.213,0.35007,0.22923,250.125,13.19,PUSH
3.214,0.35007,0.22923,250.125,13.177,PUSH
3.215,0.35007,0.22923,250.125,13.162,PUSH
3.216,0.35007,0.22923,250.125,13.148,PUSH
3.217,0.35007,0.22923,250.125,13.133,PUSH
3.218,0.35007,0.22923,250.125,13.119,PUSH
3.219,0.35007,0.22923,250.125,13.104,PUSH
3.22,0.35007,0.22923,250.125,13.09,PUSH
3.221,0.35007,0.22923,250.125,13.076,PUSH
3.222,0.35007,0.22923,250.125,13.062,PUSH
3.223,0.35007,0.22923,250.125,13.047,PUSH
3.224,0.35007,0.22923,250.125,13.032,PUSH
3.225,0.35007,0.22923,250.125,13.017,PUSH
3.226,0.35007,0.22923,250.125,13.002,PUSH
3.227,0.35007,0.22923,250.125,12.989,PUSH
3.228,0.35007,0.22923,250.125,12.975,PUSH
3.229,0.35007,0.22923,250.125,12.959,PUSH
3.23,0.35007,0.22923,250.125,12.944,PUSH
3.231,0.35007,0.22923,250.125,12.929,PUSH
3.232,0.35007,0.22923,250.125,12.915,PUSH
3.233,0.35007,0.22923,250.125,12.899,PUSH
3.234,0.35349,0.2278,250.208,18.438,PUSH
3.235,0.35349,0.2278,250.208,18.422,PUSH
3.236,0.35349,0.2278,250.208,18.406,PUSH
3.237,0.35349,0.2278,250.208,18.388,PUSH
3.238,0.35349,0.2278,250.208,18.371,PUSH
3.239,0.35349,0.2278,250.208,18.354,PUSH
3.24,0.35349,0.2278,250.208,18.335,PUSH
3.241,0.35349,0.2278,250.208,18.316,PUSH
3.242,0.35349,0.2278,250.208,18.297,PUSH
3.243,0.35349,0.2278,250.208,18.279,PUSH
3.244,0.35349,0.2278,250.208,18.259,PUSH
3.245,0.35349,0.2278,250.208,18.238,PUSH
3.246,0.35349,0.2278,250.208,18.219,PUSH
3.247,0.35349,0.2278,250.208,18.2,PUSH
3.248,0.35349,0.2278,250.208,18.18,PUSH
3.249,0.35349,0.2278,250.208,18.16,PUSH
3.25,0.35349,0.2278,250.208,18.142,PUSH
3.251,0.35349,0.2278,250.208,18.122,PUSH
3.252,0.35349,0.2278,250.208,18.101,PUSH
3.253,0.35349,0.2278,250.208,18.081,PUSH
3.254,0.35349,0.2278,250.208,18.062,PUSH
3.255,0.35349,0.2278,250.208,18.042,PUSH
3.256,0.35349,0.2278,250.208,18.02,PUSH
3.257,0.35349,0.2278,250.208,18.0,PUSH
3.258,0.35349,0.2278,250.208,17.981,PUSH
3.259,0.35349,0.2278,250.208,17.96,PUSH
3.26,0.35349,0.2278,250.208,17.941,PUSH
3.261,0.35349,0.2278,250.208,17.92,PUSH
3.262,0.35349,0.2278,250.208,17.9,PUSH
3.263,0.35349,0.2278,250.208,17.879,PUSH
3.264,0.35349,0.2278,250.208,17.86,PUSH
3.265,0.35349,0.2278,250.208,17.839,PUSH
3.266,0.35349,0.2278,250.208,17.819,PUSH
3.267,0.35231,0.22884,250.667,15.549,PUSH
3.268,0.35231,0.22884,250.667,15.529,PUSH
3.269,0.35231,0.22884,250.667,15.508,PUSH
3.27,0.35231,0.22884,250.667,15.489,PUSH
3.271,0.35231,0.22884,250.667,15.469,PUSH
3.272,0.35231,0.22884,250.667,15.451,PUSH
3.273,0.35231,0.22884,250.667,15.434,PUSH
3.274,0.35231,0.22884,250.667,15.416,PUSH
3.275,0.35231,0.22884,250.667,15.396,PUSH
3.276,0.35231,0.22884,250.667,15.376,PUSH
3.277,0.35231,0.22884,250.667,15.357,PUSH
3.278,0.35231,0.22884,250.667,15.34,PUSH
3.279,0.35231,0.22884,250.667,15.321,PUSH
3.28,0.35231,0.22884,250.667,15.301,PUSH
3.281,0.35231,0.22884,250.667,15.283,PUSH
3.282,0.35231,0.22884,250.667,15.266,PUSH
3.283,0.35231,0.22884,250.667,15.248,PUSH
3.284,0.35231,0.22884,250.667,15.228,PUSH
3.285,0.35231,0.22884,250.667,15.208,PUSH
3.286,0.35231,0.22884,250.667,15.19,PUSH
3.287,0.35231,0.22884,250.667,15.172,PUSH
3.288,0.35231,0.22884,250.667,15.154,PUSH
3.289,0.35231,0.22884,250.667,15.137,PUSH
3.29,0.35231,0.22884,250.667,15.118,PUSH
3.291,0.35231,0.22884,250.667,15.099,PUSH
3.292,0.35231,0.22884,250.667,15.081,PUSH
3.293,0.35231,0.22884,250.667,15.064,PUSH
3.294,0.35231,0.22884,250.667,15.046,PUSH
3.295,0.35231,0.22884,250.667,15.027,PUSH
3.296,0.35231,0.22884,250.667,15.009,PUSH
3.297,0.35231,0.22884,250.667,14.99,PUSH
3.298,0.35231,0.22884,250.667,14.972,PUSH
3.299,0.35231,0.22884,250.667,14.954,PUSH
3.3,0.34885,0.22973,250.095,9.68,PUSH
3.301,0.34885,0.22973,250.095,9.663,PUSH
3.302,0.34885,0.22973,250.095,9.648,PUSH
3.303,0.34885,0.22973,250.095,9.632,PUSH
3.304,0.34885,0.22973,250.095,9.616,PUSH
3.305,0.34885,0.22973,250.095,9.602,PUSH
3.306,0.34885,0.22973,250.095,9.59,PUSH
3.307,0.34885,0.22973,250.095,9.576,PUSH
3.308,0.34885,0.22973,250.095,9.562,PUSH
3.309,0.34885,0.22973,250.095,9.548,PUSH
3.31,0.34885,0.22973,250.095,9.535,PUSH
3.311,0.34885,0.22973,250.095,9.521,PUSH
3.312,0.34885,0.22973,250.095,9.508,PUSH
3.313,0.34885,0.22973,250.095,9.495,PUSH
3.314,0.34885,0.22973,250.095,9.481,PUSH
3.315,0.34885,0.22973,250.095,9.469,PUSH
3.316,0.34885,0.22973,250.095,9.455,PUSH
3.317,0.34885,0.22973,250.095,9.441,PUSH
3.318,0.34885,0.22973,250.095,9.429,PUSH
3.319,0.34885,0.22973,250.095,9.416,PUSH
3.32,0.34885,0.22973,250.095,9.404,PUSH
3.321,0.34885,0.22973,250.095,9.391,PUSH
3.322,0.34885,0.22973,250.095,9.378,PUSH
3.323,0.34885,0.22973,250.095,9.366,PUSH
3.324,0.34885,0.22973,250.095,9.353,PUSH
3.325,0.34885,0.22973,250.095,9.341,PUSH
3.326,0.34885,0.22973,250.095,9.329,PUSH
3.327,0.34885,0.22973,250.095,9.316,PUSH
3.328,0.34885,0.22973,250.095,9.304,PUSH
3.329,0.34885,0.22973,250.095,9.292,PUSH
3.33,0.34885,0.22973,250.095,9.28,PUSH
3.331,0.34885,0.22973,250.095,9.268,PUSH
3.332,0.34885,0.22973,250.095,9.255,PUSH
3.333,0.34885,0.22973,250.095,9.244,PUSH
3.334,0.3488,0.23008,250.399,8.952,PUSH
3.335,0.3488,0.23008,250.399,8.941,PUSH
3.336,0.3488,0.23008,250.399,8.929,PUSH
3.337,0.3488,0.23008,250.399,8.916,PUSH
3.338,0.3488,0.23008,250.399,8.905,PUSH
3.339,0.3488,0.23008,250.399,8.895,PUSH
3.34,0.3488,0.23008,250.399,8.883,PUSH
3.341,0.3488,0.23008,250.399,8.872,PUSH
3.342,0.3488,0.23008,250.399,8.861,PUSH
3.343,0.3488,0.23008,250.399,8.849,PUSH
3.344,0.3488,0.23008,250.399,8.836,PUSH
3.345,0.3488,0.23008,250.399,8.825,PUSH
3.346,0.3488,0.23008,250.399,8.815,PUSH
3.347,0.3488,0.23008,250.399,8.804,PUSH
3.348,0.3488,0.23008,250.399,8.793,PUSH
3.349,0.3488,0.23008,250.399,8.781,PUSH
3.35,0.3488,0.23008,250.399,8.769,PUSH
3.351,0.3488,0.23008,250.399,8.759,PUSH
3.352,0.3488,0.23008,250.399,8.748,PUSH
3.353,0.3488,0.23008,250.399,8.737,PUSH
3.354,0.3488,0.23008,250.399,8.726,PUSH
3.355,0.3488,0.23008,250.399,8.714,PUSH
3.356,0.3488,0.23008,250.399,8.702,PUSH
3.357,0.3488,0.23008,250.399,8.691,PUSH
3.358,0.3488,0.23008,250.399,8.679,PUSH
3.359,0.3488,0.23008,250.399,8.669,PUSH
3.36,0.3488,0.23008,250.399,8.658,PUSH
3.361,0.3488,0.23008,250.399,8.646,PUSH
3.362,0.3488,0.23008,250.399,8.635,PUSH
3.363,0.3488,0.23008,250.399,8.625,PUSH
3.364,0.3488,0.23008,250.399,8.615,PUSH
3.365,0.3488,0.23008,250.399,8.603,PUSH
3.366,0.3488,0.23008,250.399,8.592,PUSH
3.367,0.34967,0.22929,250.019,10.245,PUSH
3.368,0.34967,0.22929,250.019,10.235,PUSH
3.369,0.34967,0.22929,250.019,10.224,PUSH
3.37,0.34967,0.22929,250.019,10.212,PUSH
3.371,0.34967,0.22929,250.019,10.199,PUSH
3.372,0.34967,0.22929,250.019,10.187,PUSH
3.373,0.34967,0.22929,250.019,10.176,PUSH
3.374,0.34967,0.22929,250.019,10.164,PUSH
3.375,0.34967,0.22929,250.019,10.151,PUSH
3.376,0.34967,0.22929,250.019,10.139,PUSH
3.377,0.34967,0.22929,250.019,10.127,PUSH
3.378,0.34967,0.22929,250.019,10.115,PUSH
3.379,0.34967,0.22929,250.019,10.103,PUSH
3.38,0.34967,0.22929,250.019,10.09,PUSH
3.381,0.34967,0.22929,250.019,10.078,PUSH
3.382,0.34967,0.22929,250.019,10.067,PUSH
3.383,0.34967,0.22929,250.019,10.055,PUSH
3.384,0.34967,0.22929,250.019,10.042,PUSH
3.385,0.34967,0.22929,250.019,10.029,PUSH
3.386,0.34967,0.22929,250.019,10.016,PUSH
3.387,0.34967,0.22929,250.019,10.005,PUSH
3.388,0.34967,0.22929,250.019,9.993,PUSH
3.389,0.34967,0.22929,250.019,9.98,PUSH
3.39,0.34967,0.22929,250.019,9.968,PUSH
3.391,0.34967,0.22929,250.019,9.956,PUSH
3.392,0.34967,0.22929,250.019,9.944,PUSH
3.393,0.34967,0.22929,250.019,9.932,PUSH
3.394,0.34967,0.22929,250.019,9.919,PUSH
3.395,0.34967,0.22929,250.019,9.907,PUSH
3.396,0.34967,0.22929,250.019,9.896,PUSH
3.397,0.34967,0.22929,250.019,9.884,PUSH
3.398,0.34967,0.22929,250.019,9.871,PUSH
3.399,0.34967,0.22929,250.019,9.858,PUSH
3.4,0.34967,0.22929,250.019,9.846,PUSH
3.401,0.34799,0.22872,248.825,7.865,PUSH
3.402,0.34799,0.22872,248.825,7.853,PUSH
3.403,0.34799,0.22872,248.825,7.841,PUSH
3.404,0.34799,0.22872,248.825,7.83,PUSH
3.405,0.34799,0.22872,248.825,7.819,PUSH
3.406,0.34799,0.22872,248.825,7.807,PUSH
3.407,0.34799,0.22872,248.825,7.796,PUSH
3.408,0.34799,0.22872,248.825,7.787,PUSH
3.409,0.34799,0.22872,248.825,7.777,PUSH
3.41,0.34799,0.22872,248.825,7.766,PUSH
3.411,0.34799,0.22872,248.825,7.755,PUSH
3.412,0.34799,0.22872,248.825,7.744,PUSH
3.413,0.34799,0.22872,248.825,7.733,PUSH
3.414,0.34799,0.22872,248.825,7.723,PUSH
3.415,0.34799,0.22872,248.825,7.712,PUSH
3.416,0.34799,0.22872,248.825,7.701,PUSH
3.417,0.34799,0.22872,248.825,7.69,PUSH
3.418,0.34799,0.22872,248.825,7.679,PUSH
3.419,0.34799,0.22872,248.825,7.668,PUSH
3.42,0.34799,0.22872,248.825,7.658,PUSH
3.421,0.34799,0.22872,248.825,7.647,PUSH
3.422,0.34799,0.22872,248.825,7.637,PUSH
3.423,0.34799,0.22872,248.825,7.626,PUSH
3.424,0.34799,0.22872,248.825,7.615,PUSH
3.425,0.34799,0.22872,248.825,7.605,PUSH
3.426,0.34799,0.22872,248.825,7.595,PUSH
3.427,0.34799,0.22872,248.825,7.583,PUSH
3.428,0.34799,0.22872,248.825,7.573,PUSH
3.429,0.34799,0.22872,248.825,7.564,PUSH
3.43,0.34799,0.22872,248.825,7.555,PUSH
3.431,0.34799,0.22872,248.825,7.545,PUSH
3.432,0.34799,0.22872,248.825,7.534,PUSH
3.433,0.34799,0.22872,248.825,7.524,PUSH
3.434,0.34836,0.2256,246.111,9.885,PUSH
3.435,0.34836,0.2256,246.111,9.874,PUSH
3.436,0.34836,0.2256,246.111,9.863,PUSH
3.437,0.34836,0.2256,246.111,9.851,PUSH
3.438,0.34836,0.2256,246.111,9.84,PUSH
3.439,0.34836,0.2256,246.111,9.828,PUSH
3.44,0.34836,0.2256,246.111,9.817,PUSH
3.441,0.34836,0.2256,246.111,9.805,PUSH
3.442,0.34836,0.2256,246.111,9.792,PUSH
3.443,0.34836,0.2256,246.111,9.781,PUSH
3.444,0.34836,0.2256,246.111,9.77,PUSH
3.445,0.34836,0.2256,246.111,9.759,PUSH
3.446,0.34836,0.2256,246.111,9.746,PUSH
3.447,0.34836,0.2256,246.111,9.733,PUSH
3.448,0.34836,0.2256,246.111,9.721,PUSH
3.449,0.34836,0.2256,246.111,9.71,PUSH
3.45,0.34836,0.2256,246.111,9.699,PUSH
3.451,0.34836,0.2256,246.111,9.686,PUSH
3.452,0.34836,0.2256,246.111,9.675,PUSH
3.453,0.34836,0.2256,246.111,9.662,PUSH
3.454,0.34836,0.2256,246.111,9.651,PUSH
3.455,0.34836,0.2256,246.111,9.639,PUSH
3.456,0.34836,0.2256,246.111,9.626,PUSH
3.457,0.34836,0.2256,246.111,9.615,PUSH
3.458,0.34836,0.2256,246.111,9.602,PUSH
3.459,0.34836,0.2256,246.111,9.591,PUSH
3.46,0.34836,0.2256,246.111,9.578,PUSH
3.461,0.34836,0.2256,246.111,9.566,PUSH
3.462,0.34836,0.2256,246.111,9.554,PUSH
3.463,0.34836,0.2256,246.111,9.543,PUSH
3.464,0.34836,0.2256,246.111,9.531,PUSH
3.465,0.34836,0.2256,246.111,9.519,PUSH
3.466,0.34836,0.2256,246.111,9.506,PUSH
3.467,0.34397,0.225,243.833,3.747,PUSH
3.468,0.34397,0.225,243.833,3.737,PUSH
3.469,0.34397,0.225,243.833,3.728,PUSH
3.47,0.34397,0.225,243.833,3.718,PUSH
3.471,0.34397,0.225,243.833,3.709,PUSH
3.472,0.34397,0.225,243.833,3.701,PUSH
3.473,0.34397,0.225,243.833,3.694,PUSH
3.474,0.34397,0.225,243.833,3.687,PUSH
3.475,0.34397,0.225,243.833,3.68,PUSH
3.476,0.34397,0.225,243.833,3.672,PUSH
3.477,0.34397,0.225,243.833,3.664,PUSH
3.478,0.34397,0.225,243.833,3.657,PUSH
3.479,0.34397,0.225,243.833,3.65,PUSH
3.48,0.34397,0.225,243.833,3.642,PUSH
3.481,0.34397,0.225,243.833,3.635,PUSH
3.482,0.34397,0.225,243.833,3.628,PUSH
3.483,0.34397,0.225,243.833,3.621,PUSH
3.484,0.34397,0.225,243.833,3.614,PUSH
3.485,0.34397,0.225,243.833,3.607,PUSH
3.486,0.34397,0.225,243.833,3.6,PUSH
3.487,0.34397,0.225,243.833,3.593,PUSH
3.488,0.34397,0.225,243.833,3.586,PUSH
3.489,0.34397,0.225,243.833,3.579,PUSH
3.49,0.34397,0.225,243.833,3.573,PUSH
3.491,0.34397,0.225,243.833,3.566,PUSH
3.492,0.34397,0.225,243.833,3.559,PUSH
3.493,0.34397,0.225,243.833,3.554,PUSH
3.494,0.34397,0.225,243.833,3.549,PUSH
3.495,0.34397,0.225,243.833,3.543,PUSH
3.496,0.34397,0.225,243.833,3.537,PUSH
3.497,0.34397,0.225,243.833,3.531,PUSH
3.498,0.34397,0.225,243.833,3.524,PUSH
3.499,0.34397,0.225,243.833,3.52,PUSH
3.5,0.34397,0.225,243.833,3.514,PUSH
3.501,0.34208,0.22204,240.379,2.59,PUSH
3.502,0.34208,0.22204,240.379,2.584,PUSH
3.503,0.34208,0.22204,240.379,2.579,PUSH
3.504,0.34208,0.22204,240.379,2.573,PUSH
3.505,0.34208,0.22204,240.379,2.568,PUSH
3.506,0.34208,0.22204,240.379,2.563,PUSH
3.507,0.34208,0.22204,240.379,2.557,PUSH
3.508,0.34208,0.22204,240.379,2.552,PUSH
3.509,0.34208,0.22204,240.379,2.546,PUSH
3.51,0.34208,0.22204,240.379,2.541,PUSH
3.511,0.34208,0.22204,240.379,2.537,PUSH
3.512,0.34208,0.22204,240.379,2.533,PUSH
3.513,0.34208,0.22204,240.379,2.529,PUSH
3.514,0.34208,0.22204,240.379,2.524,PUSH
3.515,0.34208,0.22204,240.379,2.519,PUSH
3.516,0.34208,0.22204,240.379,2.515,PUSH
3.517,0.34208,0.22204,240.379,2.511,PUSH
3.518,0.34208,0.22204,240.379,2.507,PUSH
3.519,0.34208,0.22204,240.379,2.503,PUSH
3.52,0.34208,0.22204,240.379,2.499,PUSH
3.521,0.34208,0.22204,240.379,2.494,PUSH
3.522,0.34208,0.22204,240.379,2.489,PUSH
3.523,0.34208,0.22204,240.379,2.485,PUSH
3.524,0.34208,0.22204,240.379,2.48,PUSH
3.525,0.34208,0.22204,240.379,2.475,PUSH
3.526,0.34208,0.22204,240.379,2.471,PUSH
3.527,0.34208,0.22204,240.379,2.468,PUSH
3.528,0.34208,0.22204,240.379,2.464,PUSH
3.529,0.34208,0.22204,240.379,2.459,PUSH
3.53,0.34208,0.22204,240.379,2.455,PUSH
3.531,0.34208,0.22204,240.379,2.45,PUSH
3.532,0.34208,0.22204,240.379,2.447,PUSH
3.533,0.34208,0.22204,240.379,2.443,PUSH
3.534,0.34321,0.22465,243.219,2.505,PUSH
3.535,0.34321,0.22465,243.219,2.501,PUSH
3.536,0.34321,0.22465,243.219,2.497,PUSH
3.537,0.34321,0.22465,243.219,2.492,PUSH
3.538,0.34321,0.22465,243.219,2.488,PUSH
3.539,0.34321,0.22465,243.219,2.483,PUSH
3.54,0.34321,0.22465,243.219,2.479,PUSH
3.541,0.34321,0.22465,243.219,2.474,PUSH
3.542,0.34321,0.22465,243.219,2.469,PUSH
3.543,0.34321,0.22465,243.219,2.465,PUSH
3.544,0.34321,0.22465,243.219,2.462,PUSH
3.545,0.34321,0.22465,243.219,2.458,PUSH
3.546,0.34321,0.22465,243.219,2.454,PUSH
3.547,0.34321,0.22465,243.219,2.45,PUSH
3.548,0.34321,0.22465,243.219,2.446,PUSH
3.549,0.34321,0.22465,243.219,2.441,PUSH
3.55,0.34321,0.22465,243.219,2.437,PUSH
3.551,0.34321,0.22465,243.219,2.432,PUSH
3.552,0.34321,0.22465,243.219,2.428,PUSH
3.553,0.34321,0.22465,243.219,2.423,PUSH
3.554,0.34321,0.22465,243.219,2.419,PUSH
3.555,0.34321,0.22465,243.219,2.415,PUSH
3.556,0.34321,0.22465,243.219,2.41,PUSH
3.557,0.34321,0.22465,243.219,2.405,PUSH
3.558,0.34321,0.22465,243.219,2.401,PUSH
3.559,0.34321,0.22465,243.219,2.397,PUSH
3.56,0.34321,0.22465,243.219,2.394,PUSH
3.561,0.34321,0.22465,243.219,2.39,PUSH
3.562,0.34321,0.22465,243.219,2.386,PUSH
3.563,0.34321,0.22465,243.219,2.382,PUSH
3.564,0.34321,0.22465,243.219,2.378,PUSH
3.565,0.34321,0.22465,243.219,2.373,PUSH
3.566,0.34321,0.22465,243.219,2.369,PUSH
3.567,0.34295,0.22702,245.315,0.648,PUSH
3.568,0.34295,0.22702,245.315,0.644,PUSH
3.569,0.34295,0.22702,245.315,0.641,PUSH
3.57,0.34295,0.22702,245.315,0.637,PUSH
3.571,0.34295,0.22702,245.315,0.634,PUSH
3.572,0.34295,0.22702,245.315,0.63,PUSH
3.573,0.34295,0.22702,245.315,0.627,PUSH
3.574,0.34295,0.22702,245.315,0.625,PUSH
3.575,0.34295,0.22702,245.315,0.623,PUSH
3.576,0.34295,0.22702,245.315,0.621,PUSH
3.577,0.34295,0.22702,245.315,0.619,PUSH
3.578,0.34295,0.22702,245.315,0.617,PUSH
3.579,0.34295,0.22702,245.315,0.614,PUSH
3.58,0.34295,0.22702,245.315,0.613,PUSH
3.581,0.34295,0.22702,245.315,0.611,PUSH
3.582,0.34295,0.22702,245.315,0.609,PUSH
3.583,0.34295,0.22702,245.315,0.608,PUSH
3.584,0.34295,0.22702,245.315,0.605,PUSH
3.585,0.34295,0.22702,245.315,0.603,PUSH
3.586,0.34295,0.22702,245.315,0.602,PUSH
3.587,0.34295,0.22702,245.315,0.601,PUSH
3.588,0.34295,0.22702,245.315,0.599,PUSH
3.589,0.34295,0.22702,245.315,0.597,PUSH
3.59,0.34295,0.22702,245.315,0.595,PUSH
3.591,0.34295,0.22702,245.315,0.593,PUSH
3.592,0.34295,0.22702,245.315,0.592,PUSH
3.593,0.34295,0.22702,245.315,0.59,PUSH
3.594,0.34295,0.22702,245.315,0.589,PUSH
3.595,0.34295,0.22702,245.315,0.587,PUSH
3.596,0.34295,0.22702,245.315,0.585,PUSH
3.597,0.34295,0.22702,245.315,0.583,PUSH
3.598,0.34295,0.22702,245.315,0.582,PUSH
3.599,0.34295,0.22702,245.315,0.581,PUSH
3.6,0.34295,0.22702,245.315,0.58,PUSH
3.601,0.34139,0.23045,247.913,3.481,PUSH
3.602,0.34139,0.23045,247.913,3.482,PUSH
3.603,0.34139,0.23045,247.913,3.482,PUSH
3.604,0.34139,0.23045,247.913,3.481,PUSH
3.605,0.34139,0.23045,247.913,3.48,PUSH
3.606,0.34139,0.23045,247.913,3.478,PUSH
3.607,0.34139,0.23045,247.913,3.477,PUSH
3.608,0.34139,0.23045,247.913,3.475,PUSH
3.609,0.34139,0.23045,247.913,3.473,PUSH
3.61,0.34139,0.23045,247.913,3.471,PUSH
3.611,0.34139,0.23045,247.913,3.469,PUSH
3.612,0.34139,0.23045,247.913,3.467,PUSH
3.613,0.34139,0.23045,247.913,3.464,PUSH
3.614,0.34139,0.23045,247.913,3.462,PUSH
3.615,0.34139,0.23045,247.913,3.459,PUSH
3.616,0.34139,0.23045,247.913,3.456,PUSH
3.617,0.34139,0.23045,247.913,3.454,PUSH
3.618,0.34139,0.23045,247.913,3.451,PUSH
3.619,0.34139,0.23045,247.913,3.449,PUSH
3.62,0.34139,0.23045,247.913,3.446,PUSH
3.621,0.34139,0.23045,247.913,3.443,PUSH
3.622,0.34139,0.23045,247.913,3.44,PUSH
3.623,0.34139,0.23045,247.913,3.438,PUSH
3.624,0.34139,0.23045,247.913,3.435,PUSH
3.625,0.34139,0.23045,247.913,3.432,PUSH
3.626,0.34139,0.23045,247.913,3.429,PUSH
3.627,0.34139,0.23045,247.913,3.426,PUSH
3.628,0.34139,0.23045,247.913,3.423,PUSH
3.629,0.34139,0.23045,247.913,3.42,PUSH
3.63,0.34139,0.23045,247.913,3.417,PUSH
3.631,0.34139,0.23045,247.913,3.413,PUSH
3.632,0.34139,0.23045,247.913,3.41,PUSH
3.633,0.34139,0.23045,247.913,3.407,PUSH
3.634,0.3431,0.22823,246.485,0.164,PUSH
3.635,0.3431,0.22823,246.485,0.166,PUSH
3.636,0.3431,0.22823,246.485,0.168,PUSH
3.637,0.3431,0.22823,246.485,0.169,PUSH
3.638,0.3431,0.22823,246.485,0.171,PUSH
3.639,0.3431,0.22823,246.485,0.171,PUSH
3.64,0.3431,0.22823,246.485,0.172,PUSH
3.641,0.3431,0.22823,246.485,0.173,PUSH
3.642,0.3431,0.22823,246.485,0.173,PUSH
3.643,0.3431,0.22823,246.485,0.172,PUSH
3.644,0.3431,0.22823,246.485,0.172,PUSH
3.645,0.3431,0.22823,246.485,0.173,PUSH
3.646,0.3431,0.22823,246.485,0.173,PUSH
3.647,0.3431,0.22823,246.485,0.173,PUSH
3.648,0.3431,0.22823,246.485,0.173,PUSH
3.649,0.3431,0.22823,246.485,0.173,PUSH
3.65,0.3431,0.22823,246.485,0.172,PUSH
3.651,0.3431,0.22823,246.485,0.172,PUSH
3.652,0.3431,0.22823,246.485,0.171,PUSH
3.653,0.3431,0.22823,246.485,0.171,PUSH
3.654,0.3431,0.22823,246.485,0.171,PUSH
3.655,0.3431,0.22823,246.485,0.17,PUSH
3.656,0.3431,0.22823,246.485,0.17,PUSH
3.657,0.3431,0.22823,246.485,0.169,PUSH
3.658,0.3431,0.22823,246.485,0.169,PUSH
3.659,0.3431,0.22823,246.485,0.168,PUSH
3.66,0.3431,0.22823,246.485,0.167,PUSH
3.661,0.3431,0.22823,246.485,0.166,PUSH
3.662,0.3431,0.22823,246.485,0.166,PUSH
3.663,0.3431,0.22823,246.485,0.165,PUSH
3.664,0.3431,0.22823,246.485,0.164,PUSH
3.665,0.3431,0.22823,246.485,0.164,PUSH
3.666,0.3431,0.22823,246.485,0.164,PUSH
3.667,0.3424,0.22878,246.736,1.101,PUSH
3.668,0.3424,0.22878,246.736,1.101,PUSH
3.669,0.3424,0.22878,246.736,1.101,PUSH
3.67,0.3424,0.22878,246.736,1.102,PUSH
3.671,0.3424,0.22878,246.736,1.102,PUSH
3.672,0.3424,0.22878,246.736,1.102,PUSH
3.673,0.3424,0.22878,246.736,1.102,PUSH
3.674,0.3424,0.22878,246.736,1.102,PUSH
3.675,0.3424,0.22878,246.736,1.102,PUSH
3.676,0.3424,0.22878,246.736,1.102,PUSH
3.677,0.3424,0.22878,246.736,1.102,PUSH
3.678,0.3424,0.22878,246.736,1.102,PUSH
3.679,0.3424,0.22878,246.736,1.102,PUSH
3.68,0.3424,0.22878,246.736,1.1,PUSH
3.681,0.3424,0.22878,246.736,1.099,PUSH
3.682,0.3424,0.22878,246.736,1.099,PUSH
3.683,0.3424,0.22878,246.736,1.098,PUSH
3.684,0.3424,0.22878,246.736,1.097,PUSH
3.685,0.3424,0.22878,246.736,1.097,PUSH
3.686,0.3424,0.22878,246.736,1.096,PUSH
3.687,0.3424,0.22878,246.736,1.095,PUSH
3.688,0.3424,0.22878,246.736,1.094,PUSH
3.689,0.3424,0.22878,246.736,1.093,PUSH
3.69,0.3424,0.22878,246.736,1.093,PUSH
3.691,0.3424,0.22878,246.736,1.092,PUSH
3.692,0.3424,0.22878,246.736,1.091,PUSH
3.693,0.3424,0.22878,246.736,1.09,PUSH
3.694,0.3424,0.22878,246.736,1.089,PUSH
3.695,0.3424,0.22878,246.736,1.088,PUSH
3.696,0.3424,0.22878,246.736,1.087,PUSH
3.697,0.3424,0.22878,246.736,1.086,PUSH
3.698,0.3424,0.22878,246.736,1.085,PUSH
3.699,0.3424,0.22878,246.736,1.084,PUSH
3.7,0.34256,0.22697,245.12,0.141,PUSH
3.701,0.34256,0.22697,245.12,0.142,PUSH
3.702,0.34256,0.22697,245.12,0.142,PUSH
3.703,0.34256,0.22697,245.12,0.142,PUSH
3.704,0.34256,0.22697,245.12,0.143,PUSH
3.705,0.34256,0.22697,245.12,0.143,PUSH
3.706,0.34256,0.22697,245.12,0.143,PUSH
3.707,0.34256,0.22697,245.12,0.143,PUSH
3.708,0.34256,0.22697,245.12,0.143,PUSH
3.709,0.34256,0.22697,245.12,0.142,PUSH
3.71,0.34256,0.22697,245.12,0.143,PUSH
3.711,0.34256,0.22697,245.12,0.143,PUSH
3.712,0.34256,0.22697,245.12,0.142,PUSH
3.713,0.34256,0.22697,245.12,0.142,PUSH
3.714,0.34256,0.22697,245.12,0.142,PUSH
3.715,0.34256,0.22697,245.12,0.141,PUSH
3.716,0.34256,0.22697,245.12,0.14,PUSH
3.717,0.34256,0.22697,245.12,0.139,PUSH
3.718,0.34256,0.22697,245.12,0.139,PUSH
3.719,0.34256,0.22697,245.12,0.138,PUSH
3.72,0.34256,0.22697,245.12,0.137,PUSH
3.721,0.34256,0.22697,245.12,0.136,PUSH
3.722,0.34256,0.22697,245.12,0.135,PUSH
3.723,0.34256,0.22697,245.12,0.134,PUSH
3.724,0.34256,0.22697,245.12,0.133,PUSH
3.725,0.34256,0.22697,245.12,0.133,PUSH
3.726,0.34256,0.22697,245.12,0.132,PUSH
3.727,0.34256,0.22697,245.12,0.132,PUSH
3.728,0.34256,0.22697,245.12,0.131,PUSH
3.729,0.34256,0.22697,245.12,0.13,PUSH
3.73,0.34256,0.22697,245.12,0.13,PUSH
3.731,0.34256,0.22697,245.12,0.13,PUSH
3.732,0.34256,0.22697,245.12,0.129,PUSH
3.733,0.34256,0.22697,245.12,0.129,PUSH
3.734,0.34392,0.22666,245.347,2.175,PUSH
3.735,0.34392,0.22666,245.347,2.174,PUSH
3.736,0.34392,0.22666,245.347,2.173,PUSH
3.737,0.34392,0.22666,245.347,2.171,PUSH
3.738,0.34392,0.22666,245.347,2.169,PUSH
3.739,0.34392,0.22666,245.347,2.166,PUSH
3.74,0.34392,0.22666,245.347,2.164,PUSH
3.741,0.34392,0.22666,245.347,2.161,PUSH
3.742,0.34392,0.22666,245.347,2.158,PUSH
3.743,0.34392,0.22666,245.347,2.156,PUSH
3.744,0.34392,0.22666,245.347,2.154,PUSH
3.745,0.34392,0.22666,245.347,2.151,PUSH
3.746,0.34392,0.22666,245.347,2.148,PUSH
3.747,0.34392,0.22666,245.347,2.146,PUSH
3.748,0.34392,0.22666,245.347,2.143,PUSH
3.749,0.34392,0.22666,245.347,2.139,PUSH
3.75,0.34392,0.22666,245.347,2.136,PUSH
3.751,0.34392,0.22666,245.347,2.133,PUSH
3.752,0.34392,0.22666,245.347,2.131,PUSH
3.753,0.34392,0.22666,245.347,2.128,PUSH
3.754,0.34392,0.22666,245.347,2.125,PUSH
3.755,0.34392,0.22666,245.347,2.121,PUSH
3.756,0.34392,0.22666,245.347,2.118,PUSH
3.757,0.34392,0.22666,245.347,2.115,PUSH
3.758,0.34392,0.22666,245.347,2.112,PUSH
3.759,0.34392,0.22666,245.347,2.109,PUSH
3.76,0.34392,0.22666,245.347,2.105,PUSH
3.761,0.34392,0.22666,245.347,2.102,PUSH
3.762,0.34392,0.22666,245.347,2.099,PUSH
3.763,0.34392,0.22666,245.347,2.096,PUSH
3.764,0.34392,0.22666,245.347,2.094,PUSH
3.765,0.34392,0.22666,245.347,2.091,PUSH
3.766,0.34392,0.22666,245.347,2.088,PUSH
3.767,0.34513,0.22747,246.563,3.268,PUSH
3.768,0.34513,0.22747,246.563,3.264,PUSH
3.769,0.34513,0.22747,246.563,3.26,PUSH
3.77,0.34513,0.22747,246.563,3.256,PUSH
3.771,0.34513,0.22747,246.563,3.252,PUSH
3.772,0.34513,0.22747,246.563,3.247,PUSH
3.773,0.34513,0.22747,246.563,3.243,PUSH
3.774,0.34513,0.22747,246.563,3.239,PUSH
3.775,0.34513,0.22747,246.563,3.234,PUSH
3.776,0.34513,0.22747,246.563,3.23,PUSH
3.777,0.34513,0.22747,246.563,3.225,PUSH
3.778,0.34513,0.22747,246.563,3.22,PUSH
3.779,0.34513,0.22747,246.563,3.216,PUSH
3.78,0.34513,0.22747,246.563,3.211,PUSH
3.781,0.34513,0.22747,246.563,3.206,PUSH
3.782,0.34513,0.22747,246.563,3.201,PUSH
3.783,0.34513,0.22747,246.563,3.197,PUSH
3.784,0.34513,0.22747,246.563,3.192,PUSH
3.785,0.34513,0.22747,246.563,3.188,PUSH
3.786,0.34513,0.22747,246.563,3.183,PUSH
3.787,0.34513,0.22747,246.563,3.178,PUSH
3.788,0.34513,0.22747,246.563,3.174,PUSH
3.789,0.34513,0.22747,246.563,3.17,PUSH
3.79,0.34513,0.22747,246.563,3.166,PUSH
3.791,0.34513,0.22747,246.563,3.162,PUSH
3.792,0.34513,0.22747,246.563,3.157,PUSH
3.793,0.34513,0.22747,246.563,3.153,PUSH
3.794,0.34513,0.22747,246.563,3.148,PUSH
3.795,0.34513,0.22747,246.563,3.143,PUSH
3.796,0.34513,0.22747,246.563,3.138,PUSH
3.797,0.34513,0.22747,246.563,3.133,PUSH
3.798,0.34513,0.22747,246.563,3.128,PUSH
3.799,0.34513,0.22747,246.563,3.124,PUSH
3.8,0.34448,0.22644,245.362,2.811,PUSH
3.801,0.34448,0.22644,245.362,2.806,PUSH
3.802,0.34448,0.22644,245.362,2.801,PUSH
3.803,0.34448,0.22644,245.362,2.797,PUSH
3.804,0.34448,0.22644,245.362,2.792,PUSH
3.805,0.34448,0.22644,245.362,2.787,PUSH
3.806,0.34448,0.22644,245.362,2.782,PUSH
3.807,0.34448,0.22644,245.362,2.778,PUSH
3.808,0.34448,0.22644,245.362,2.773,PUSH
3.809,0.34448,0.22644,245.362,2.768,PUSH
3.81,0.34448,0.22644,245.362,2.764,PUSH
3.811,0.34448,0.22644,245.362,2.759,PUSH
3.812,0.34448,0.22644,245.362,2.754,PUSH
3.813,0.34448,0.22644,245.362,2.75,PUSH
3.814,0.34448,0.22644,245.362,2.745,PUSH
3.815,0.34448,0.22644,245.362,2.74,PUSH
3.816,0.34448,0.22644,245.362,2.736,PUSH
3.817,0.34448,0.22644,245.362,2.731,PUSH
3.818,0.34448,0.22644,245.362,2.726,PUSH
3.819,0.34448,0.22644,245.362,2.722,PUSH
3.82,0.34448,0.22644,245.362,2.717,PUSH
3.821,0.34448,0.22644,245.362,2.712,PUSH
3.822,0.34448,0.22644,245.362,2.708,PUSH
3.823,0.34448,0.22644,245.362,2.703,PUSH
3.824,0.34448,0.22644,245.362,2.698,PUSH
3.825,0.34448,0.22644,245.362,2.694,PUSH
3.826,0.34448,0.22644,245.362,2.689,PUSH
3.827,0.34448,0.22644,245.362,2.684,PUSH
3.828,0.34448,0.22644,245.362,2.68,PUSH
3.829,0.34448,0.22644,245.362,2.675,PUSH
3.83,0.34448,0.22644,245.362,2.67,PUSH
3.831,0.34448,0.22644,245.362,2.666,PUSH
3.832,0.34448,0.22644,245.362,2.661,PUSH
3.833,0.34448,0.22644,245.362,2.657,PUSH
3.834,0.347,0.22515,245.156,6.807,PUSH
3.835,0.347,0.22515,245.156,6.801,PUSH
3.836,0.347,0.22515,245.156,6.795,PUSH
3.837,0.347,0.22515,245.156,6.788,PUSH
3.838,0.347,0.22515,245.156,6.782,PUSH
3.839,0.347,0.22515,245.156,6.774,PUSH
3.84,0.347,0.22515,245.156,6.766,PUSH
3.841,0.347,0.22515,245.156,6.759,PUSH
3.842,0.347,0.22515,245.156,6.752,PUSH
3.843,0.347,0.22515,245.156,6.745,PUSH
3.844,0.347,0.22515,245.156,6.737,PUSH
3.845,0.347,0.22515,245.156,6.729,PUSH
3.846,0.347,0.22515,245.156,6.721,PUSH
3.847,0.347,0.22515,245.156,6.714,PUSH
3.848,0.347,0.22515,245.156,6.707,PUSH
3.849,0.347,0.22515,245.156,6.699,PUSH
3.85,0.347,0.22515,245.156,6.691,PUSH
3.851,0.347,0.22515,245.156,6.683,PUSH
3.852,0.347,0.22515,245.156,6.674,PUSH
3.853,0.347,0.22515,245.156,6.666,PUSH
3.854,0.347,0.22515,245.156,6.658,PUSH
3.855,0.347,0.22515,245.156,6.65,PUSH
3.856,0.347,0.22515,245.156,6.642,PUSH
3.857,0.347,0.22515,245.156,6.633,PUSH
3.858,0.347,0.22515,245.156,6.625,PUSH
3.859,0.347,0.22515,245.156,6.617,PUSH
3.86,0.347,0.22515,245.156,6.608,PUSH
3.861,0.347,0.22515,245.156,6.599,PUSH
3.862,0.347,0.22515,245.156,6.592,PUSH
3.863,0.347,0.22515,245.156,6.584,PUSH
3.864,0.347,0.22515,245.156,6.576,PUSH
3.865,0.347,0.22515,245.156,6.567,PUSH
3.866,0.347,0.22515,245.156,6.559,PUSH
3.867,0.34371,0.22346,242.313,3.061,PUSH
3.868,0.34371,0.22346,242.313,3.053,PUSH
3.869,0.34371,0.22346,242.313,3.046,PUSH
3.87,0.34371,0.22346,242.313,3.039,PUSH
3.871,0.34371,0.22346,242.313,3.033,PUSH
3.872,0.34371,0.22346,242.313,3.026,PUSH
3.873,0.34371,0.22346,242.313,3.02,PUSH
3.874,0.34371,0.22346,242.313,3.013,PUSH
3.875,0.34371,0.22346,242.313,3.007,PUSH
3.876,0.34371,0.22346,242.313,3.002,PUSH
3.877,0.34371,0.22346,242.313,2.997,PUSH
3.878,0.34371,0.22346,242.313,2.992,PUSH
3.879,0.34371,0.22346,242.313,2.987,PUSH
3.88,0.34371,0.22346,242.313,2.981,PUSH
3.881,0.34371,0.22346,242.313,2.976,PUSH
3.882,0.34371,0.22346,242.313,2.97,PUSH
3.883,0.34371,0.22346,242.313,2.964,PUSH
3.884,0.34371,0.22346,242.313,2.959,PUSH
3.885,0.34371,0.22346,242.313,2.953,PUSH
3.886,0.34371,0.22346,242.313,2.948,PUSH
3.887,0.34371,0.22346,242.313,2.942,PUSH
3.888,0.34371,0.22346,242.313,2.937,PUSH
3.889,0.34371,0.22346,242.313,2.931,PUSH
3.89,0.34371,0.22346,242.313,2.926,PUSH
3.891,0.34371,0.22346,242.313,2.921,PUSH
3.892,0.34371,0.22346,242.313,2.915,PUSH
3.893,0.34371,0.22346,242.313,2.91,PUSH
3.894,0.34371,0.22346,242.313,2.905,PUSH
3.895,0.34371,0.22346,242.313,2.9,PUSH
3.896,0.34371,0.22346,242.313,2.895,PUSH
3.897,0.34371,0.22346,242.313,2.89,PUSH
3.898,0.34371,0.22346,242.313,2.884,PUSH
3.899,0.34371,0.22346,242.313,2.879,PUSH
3.9,0.34371,0.22346,242.313,2.874,PUSH
3.901,0.34248,0.22383,242.188,0.981,PUSH
3.902,0.34248,0.22383,242.188,0.976,PUSH
3.903,0.34248,0.22383,242.188,0.972,PUSH
3.904,0.34248,0.22383,242.188,0.968,PUSH
3.905,0.34248,0.22383,242.188,0.964,PUSH
3.906,0.34248,0.22383,242.188,0.961,PUSH
3.907,0.34248,0.22383,242.188,0.957,PUSH
3.908,0.34248,0.22383,242.188,0.954,PUSH
3.909,0.34248,0.22383,242.188,0.95,PUSH
3.91,0.34248,0.22383,242.188,0.947,PUSH
3.911,0.34248,0.22383,242.188,0.944,PUSH
3.912,0.34248,0.22383,242.188,0.94,PUSH
3.913,0.34248,0.22383,242.188,0.937,PUSH
3.914,0.34248,0.22383,242.188,0.934,PUSH
3.915,0.34248,0.22383,242.188,0.931,PUSH
3.916,0.34248,0.22383,242.188,0.928,PUSH
3.917,0.34248,0.22383,242.188,0.925,PUSH
3.918,0.34248,0.22383,242.188,0.923,PUSH
3.919,0.34248,0.22383,242.188,0.92,PUSH
3.92,0.34248,0.22383,242.188,0.917,PUSH
3.921,0.34248,0.22383,242.188,0.914,PUSH
3.922,0.34248,0.22383,242.188,0.912,PUSH
3.923,0.34248,0.22383,242.188,0.909,PUSH
3.924,0.34248,0.22383,242.188,0.906,PUSH
3.925,0.34248,0.22383,242.188,0.903,PUSH
3.926,0.34248,0.22383,242.188,0.901,PUSH
3.927,0.34248,0.22383,242.188,0.898,PUSH
3.928,0.34248,0.22383,242.188,0.896,PUSH
3.929,0.34248,0.22383,242.188,0.893,PUSH
3.93,0.34248,0.22383,242.188,0.891,PUSH
3.931,0.34248,0.22383,242.188,0.888,PUSH
3.932,0.34248,0.22383,242.188,0.886,PUSH
3.933,0.34248,0.22383,242.188,0.884,PUSH
3.934,0.344,0.22268,241.706,3.606,PUSH
3.935,0.344,0.22268,241.706,3.603,PUSH
3.936,0.344,0.22268,241.706,3.6,PUSH
3.937,0.344,0.22268,241.706,3.597,PUSH
3.938,0.344,0.22268,241.706,3.594,PUSH
3.939,0.344,0.22268,241.706,3.59,PUSH
3.94,0.344,0.22268,241.706,3.586,PUSH
3.941,0.344,0.22268,241.706,3.582,PUSH
3.942,0.344,0.22268,241.706,3.578,PUSH
3.943,0.344,0.22268,241.706,3.573,PUSH
3.944,0.344,0.22268,241.706,3.569,PUSH
3.945,0.344,0.22268,241.706,3.564,PUSH
3.946,0.344,0.22268,241.706,3.559,PUSH
3.947,0.344,0.22268,241.706,3.555,PUSH
3.948,0.344,0.22268,241.706,3.55,PUSH
3.949,0.344,0.22268,241.706,3.545,PUSH
3.95,0.344,0.22268,241.706,3.54,PUSH
3.951,0.344,0.22268,241.706,3.535,PUSH
3.952,0.344,0.22268,241.706,3.53,PUSH
3.953,0.344,0.22268,241.706,3.525,PUSH
3.954,0.344,0.22268,241.706,3.52,PUSH
3.955,0.344,0.22268,241.706,3.515,PUSH
3.956,0.344,0.22268,241.706,3.51,PUSH
3.957,0.344,0.22268,241.706,3.505,PUSH
3.958,0.344,0.22268,241.706,3.5,PUSH
3.959,0.344,0.22268,241.706,3.496,PUSH
3.96,0.344,0.22268,241.706,3.491,PUSH
3.961,0.344,0.22268,241.706,3.485,PUSH
3.962,0.344,0.22268,241.706,3.481,PUSH
3.963,0.344,0.22268,241.706,3.476,PUSH
3.964,0.344,0.22268,241.706,3.47,PUSH
3.965,0.344,0.22268,241.706,3.466,PUSH
3.966,0.344,0.22268,241.706,3.461,PUSH
3.967,0.34582,0.22605,245.521,3.994,PUSH
3.968,0.34582,0.22605,245.521,3.989,PUSH
3.969,0.34582,0.22605,245.521,3.983,PUSH
3.97,0.34582,0.22605,245.521,3.978,PUSH
3.971,0.34582,0.22605,245.521,3.973,PUSH
3.972,0.34582,0.22605,245.521,3.967,PUSH
3.973,0.34582,0.22605,245.521,3.961,PUSH
3.974,0.34582,0.22605,245.521,3.956,PUSH
3.975,0.34582,0.22605,245.521,3.95,PUSH
3.976,0.34582,0.22605,245.521,3.944,PUSH
3.977,0.34582,0.22605,245.521,3.938,PUSH
3.978,0.34582,0.22605,245.521,3.933,PUSH
3.979,0.34582,0.22605,245.521,3.927,PUSH
3.98,0.34582,0.22605,245.521,3.921,PUSH
3.981,0.34582,0.22605,245.521,3.915,PUSH
3.982,0.34582,0.22605,245.521,3.909,PUSH
3.983,0.34582,0.22605,245.521,3.904,PUSH
3.984,0.34582,0.22605,245.521,3.898,PUSH
3.985,0.34582,0.22605,245.521,3.892,PUSH
3.986,0.34582,0.22605,245.521,3.886,PUSH
3.987,0.34582,0.22605,245.521,3.88,PUSH
3.988,0.34582,0.22605,245.521,3.874,PUSH
3.989,0.34582,0.22605,245.521,3.869,PUSH
3.99,0.34582,0.22605,245.521,3.863,PUSH
3.991,0.34582,0.22605,245.521,3.857,PUSH
3.992,0.34582,0.22605,245.521,3.852,PUSH
3.993,0.34582,0.22605,245.521,3.846,PUSH
3.994,0.34582,0.22605,245.521,3.84,PUSH
3.995,0.34582,0.22605,245.521,3.835,PUSH
3.996,0.34582,0.22605,245.521,3.829,PUSH
3.997,0.34582,0.22605,245.521,3.823,PUSH
3.998,0.34582,0.22605,245.521,3.817,PUSH
3.999,0.34582,0.22605,245.521,3.812,PUSH
4.0,0.34582,0.22605,245.521,3.806,PUSH
4.001,0.34215,0.22178,240.16,1.257,PUSH
4.002,0.34215,0.22178,240.16,1.252,PUSH
4.003,0.34215,0.22178,240.16,1.247,PUSH
4.004,0.34215,0.22178,240.16,1.242,PUSH
4.005,0.34215,0.22178,240.16,1.238,PUSH
4.006,0.34215,0.22178,240.16,1.234,PUSH
4.007,0.34215,0.22178,240.16,1.229,PUSH
4.008,0.34215,0.22178,240.16,1.226,PUSH
4.009,0.34215,0.22178,240.16,1.223,PUSH
4.01,0.34215,0.22178,240.16,1.22,PUSH
4.011,0.34215,0.22178,240.16,1.217,PUSH
4.012,0.34215,0.22178,240.16,1.214,PUSH
4.013,0.34215,0.22178,240.16,1.211,PUSH
4.014,0.34215,0.22178,240.16,1.208,PUSH
4.015,0.34215,0.22178,240.16,1.205,PUSH
4.016,0.34215,0.22178,240.16,1.202,PUSH
4.017,0.34215,0.22178,240.16,1.199,PUSH
4.018,0.34215,0.22178,240.16,1.195,PUSH
4.019,0.34215,0.22178,240.16,1.192,PUSH
4.02,0.34215,0.22178,240.16,1.189,PUSH
4.021,0.34215,0.22178,240.16,1.187,PUSH
4.022,0.34215,0.22178,240.16,1.184,PUSH
4.023,0.34215,0.22178,240.16,1.181,PUSH
4.024,0.34215,0.22178,240.16,1.178,PUSH
4.025,0.34215,0.22178,240.16,1.175,PUSH
4.026,0.34215,0.22178,240.16,1.172,PUSH
4.027,0.34215,0.22178,240.16,1.169,PUSH
4.028,0.34215,0.22178,240.16,1.166,PUSH
4.029,0.34215,0.22178,240.16,1.164,PUSH
4.03,0.34215,0.22178,240.16,1.161,PUSH
4.031,0.34215,0.22178,240.16,1.158,PUSH
4.032,0.34215,0.22178,240.16,1.155,PUSH
4.033,0.34215,0.22178,240.16,1.152,PUSH
4.034,0.34154,0.2215,239.669,0.468,PUSH
4.035,0.34154,0.2215,239.669,0.465,PUSH
4.036,0.34154,0.2215,239.669,0.463,PUSH
4.037,0.34154,0.2215,239.669,0.46,PUSH
4.038,0.34154,0.2215,239.669,0.459,PUSH
4.039,0.34154,0.2215,239.669,0.457,PUSH
4.04,0.34154,0.2215,239.669,0.455,PUSH
4.041,0.34154,0.2215,239.669,0.452,PUSH
4.042,0.34154,0.2215,239.669,0.45,PUSH
4.043,0.34154,0.2215,239.669,0.447,PUSH
4.044,0.34154,0.2215,239.669,0.444,PUSH
4.045,0.34154,0.2215,239.669,0.441,PUSH
4.046,0.34154,0.2215,239.669,0.438,PUSH
4.047,0.34154,0.2215,239.669,0.435,PUSH
4.048,0.34154,0.2215,239.669,0.432,PUSH
4.049,0.34154,0.2215,239.669,0.43,PUSH
4.05,0.34154,0.2215,239.669,0.428,PUSH
4.051,0.34154,0.2215,239.669,0.426,PUSH
4.052,0.34154,0.2215,239.669,0.424,PUSH
4.053,0.34154,0.2215,239.669,0.422,PUSH
4.054,0.34154,0.2215,239.669,0.419,PUSH
4.055,0.34154,0.2215,239.669,0.417,PUSH
4.056,0.34154,0.2215,239.669,0.415,PUSH
4.057,0.34154,0.2215,239.669,0.412,PUSH
4.058,0.34154,0.2215,239.669,0.41,PUSH
4.059,0.34154,0.2215,239.669,0.408,PUSH
4.06,0.34154,0.2215,239.669,0.406,PUSH
4.061,0.34154,0.2215,239.669,0.404,PUSH
4.062,0.34154,0.2215,239.669,0.403,PUSH
4.063,0.34154,0.2215,239.669,0.401,PUSH
4.064,0.34154,0.2215,239.669,0.4,PUSH
4.065,0.34154,0.2215,239.669,0.398,PUSH
4.066,0.34154,0.2215,239.669,0.396,PUSH
4.067,0.34518,0.22116,240.772,5.552,PUSH
4.068,0.34518,0.22116,240.772,5.549,PUSH
4.069,0.34518,0.22116,240.772,5.545,PUSH
4.07,0.34518,0.22116,240.772,5.541,PUSH
4.071,0.34518,0.22116,240.772,5.536,PUSH
4.072,0.34518,0.22116,240.772,5.531,PUSH
4.073,0.34518,0.22116,240.772,5.525,PUSH
4.074,0.34518,0.22116,240.772,5.519,PUSH
4.075,0.34518,0.22116,240.772,5.513,PUSH
4.076,0.34518,0.22116,240.772,5.507,PUSH
4.077,0.34518,0.22116,240.772,5.501,PUSH
4.078,0.34518,0.22116,240.772,5.493,PUSH
4.079,0.34518,0.22116,240.772,5.486,PUSH
4.08,0.34518,0.22116,240.772,5.478,PUSH
4.081,0.34518,0.22116,240.772,5.471,PUSH
4.082,0.34518,0.22116,240.772,5.464,PUSH
4.083,0.34518,0.22116,240.772,5.457,PUSH
4.084,0.34518,0.22116,240.772,5.45,PUSH
4.085,0.34518,0.22116,240.772,5.443,PUSH
4.086,0.34518,0.22116,240.772,5.436,PUSH
4.087,0.34518,0.22116,240.772,5.43,PUSH
4.088,0.34518,0.22116,240.772,5.425,PUSH
4.089,0.34518,0.22116,240.772,5.421,PUSH
4.09,0.34518,0.22116,240.772,5.418,PUSH
4.091,0.34518,0.22116,240.772,5.414,PUSH
4.092,0.34518,0.22116,240.772,5.41,PUSH
4.093,0.34518,0.22116,240.772,5.405,PUSH
4.094,0.34518,0.22116,240.772,5.399,PUSH
4.095,0.34518,0.22116,240.772,5.392,PUSH
4.096,0.34518,0.22116,240.772,5.384,PUSH
4.097,0.34518,0.22116,240.772,5.376,PUSH
4.098,0.34518,0.22116,240.772,5.368,PUSH
4.099,0.34518,0.22116,240.772,5.359,PUSH
4.1,0.34518,0.22116,240.772,5.351,PUSH
4.101,0.34372,0.22569,244.38,0.8,PUSH
4.102,0.34372,0.22569,244.38,0.794,PUSH
4.103,0.34372,0.22569,244.38,0.787,PUSH
4.104,0.34372,0.22569,244.38,0.782,PUSH
4.105,0.34372,0.22569,244.38,0.777,PUSH
4.106,0.34372,0.22569,244.38,0.772,PUSH
4.107,0.34372,0.22569,244.38,0.768,PUSH
4.108,0.34372,0.22569,244.38,0.763,PUSH
4.109,0.34372,0.22569,244.38,0.76,PUSH
4.11,0.34372,0.22569,244.38,0.757,PUSH
4.111,0.34372,0.22569,244.38,0.754,PUSH
4.112,0.34372,0.22569,244.38,0.752,PUSH
4.113,0.34372,0.22569,244.38,0.75,PUSH
4.114,0.34372,0.22569,244.38,0.749,PUSH
4.115,0.34372,0.22569,244.38,0.746,PUSH
4.116,0.34372,0.22569,244.38,0.744,PUSH
4.117,0.34372,0.22569,244.38,0.74,PUSH
4.118,0.34372,0.22569,244.38,0.729,PUSH
4.119,0.34372,0.22569,244.38,0.714,PUSH
4.12,0.34372,0.22569,244.38,0.698,PUSH
4.121,0.34372,0.22569,244.38,0.68,PUSH
4.122,0.34372,0.22569,244.38,0.663,PUSH
4.123,0.34372,0.22569,244.38,0.645,PUSH
4.124,0.34372,0.22569,244.38,0.627,PUSH
4.125,0.34372,0.22569,244.38,0.61,PUSH
4.126,0.34372,0.22569,244.38,0.592,PUSH
4.127,0.34372,0.22569,244.38,0.575,PUSH
4.128,0.34372,0.22569,244.38,0.558,PUSH
4.129,0.34372,0.22569,244.38,0.541,PUSH
4.13,0.34372,0.22569,244.38,0.524,PUSH
4.131,0.34372,0.22569,244.38,0.507,PUSH
4.132,0.34372,0.22569,244.38,0.492,PUSH
4.133,0.34372,0.22569,244.38,0.476,PUSH
4.134,0.33905,0.22567,242.6,5.821,PUSH
4.135,0.33905,0.22567,242.6,5.836,PUSH
4.136,0.33905,0.22567,242.6,5.849,PUSH
4.137,0.33905,0.22567,242.6,5.861,PUSH
4.138,0.33905,0.22567,242.6,5.873,PUSH
4.139,0.33905,0.22567,242.6,5.883,PUSH
4.14,0.33905,0.22567,242.6,5.892,PUSH
4.141,0.33905,0.22567,242.6,5.902,PUSH
4.142,0.33905,0.22567,242.6,5.91,PUSH
4.143,0.33905,0.22567,242.6,5.918,PUSH
4.144,0.33905,0.22567,242.6,5.926,PUSH
4.145,0.33905,0.22567,242.6,5.933,PUSH
4.146,0.33905,0.22567,242.6,5.94,PUSH
4.147,0.33905,0.22567,242.6,5.946,PUSH
4.148,0.33905,0.22567,242.6,5.952,PUSH
4.149,0.33905,0.22567,242.6,5.957,PUSH
4.15,0.33905,0.22567,242.6,5.963,PUSH
4.151,0.33905,0.22567,242.6,5.967,PUSH
4.152,0.33905,0.22567,242.6,5.971,PUSH
4.153,0.33905,0.22567,242.6,5.976,PUSH
4.154,0.33905,0.22567,242.6,5.978,PUSH
4.155,0.33905,0.22567,242.6,5.981,PUSH
4.156,0.33905,0.22567,242.6,5.984,PUSH
4.157,0.33905,0.22567,242.6,5.986,PUSH
4.158,0.33905,0.22567,242.6,5.987,PUSH
4.159,0.33905,0.22567,242.6,5.988,PUSH
4.16,0.33905,0.22567,242.6,5.989,PUSH
4.161,0.33905,0.22567,242.6,5.99,PUSH
4.162,0.33905,0.22567,242.6,5.99,PUSH
4.163,0.33905,0.22567,242.6,5.989,PUSH
4.164,0.33905,0.22567,242.6,5.987,PUSH
4.165,0.33905,0.22567,242.6,5.985,PUSH
4.166,0.33905,0.22567,242.6,5.983,PUSH
4.167,0.33788,0.22595,242.441,7.707,PUSH
4.168,0.33788,0.22595,242.441,7.703,PUSH
4.169,0.33788,0.22595,242.441,7.698,PUSH
4.17,0.33788,0.22595,242.441,7.694,PUSH
4.171,0.33788,0.22595,242.441,7.689,PUSH
4.172,0.33788,0.22595,242.441,7.685,PUSH
4.173,0.33788,0.22595,242.441,7.681,PUSH
4.174,0.33788,0.22595,242.441,7.676,PUSH
4.175,0.33788,0.22595,242.441,7.671,PUSH
4.176,0.33788,0.22595,242.441,7.667,PUSH
4.177,0.33788,0.22595,242.441,7.662,PUSH
4.178,0.33788,0.22595,242.441,7.657,PUSH
4.179,0.33788,0.22595,242.441,7.652,PUSH
4.18,0.33788,0.22595,242.441,7.647,PUSH
4.181,0.33788,0.22595,242.441,7.641,PUSH
4.182,0.33788,0.22595,242.441,7.635,PUSH
4.183,0.33788,0.22595,242.441,7.629,PUSH
4.184,0.33788,0.22595,242.441,7.623,PUSH
4.185,0.33788,0.22595,242.441,7.617,PUSH
4.186,0.33788,0.22595,242.441,7.61,PUSH
4.187,0.33788,0.22595,242.441,7.603,PUSH
4.188,0.33788,0.22595,242.441,7.596,PUSH
4.189,0.33788,0.22595,242.441,7.589,PUSH
4.19,0.33788,0.22595,242.441,7.582,PUSH
4.191,0.33788,0.22595,242.441,7.575,PUSH
4.192,0.33788,0.22595,242.441,7.569,PUSH
4.193,0.33788,0.22595,242.441,7.562,PUSH
4.194,0.33788,0.22595,242.441,7.555,PUSH
4.195,0.33788,0.22595,242.441,7.547,PUSH
4.196,0.33788,0.22595,242.441,7.54,PUSH
4.197,0.33788,0.22595,242.441,7.532,PUSH
4.198,0.33788,0.22595,242.441,7.524,PUSH
4.199,0.33788,0.22595,242.441,7.517,PUSH
4.2,0.33788,0.22595,242.441,7.51,PUSH
4.201,0.33635,0.22006,236.391,6.446,PUSH
4.202,0.33635,0.22006,236.391,6.437,PUSH
4.203,0.33635,0.22006,236.391,6.43,PUSH
4.204,0.33635,0.22006,236.391,6.422,PUSH
4.205,0.33635,0.22006,236.391,6.415,PUSH
4.206,0.33635,0.22006,236.391,6.408,PUSH
4.207,0.33635,0.22006,236.391,6.402,PUSH
4.208,0.33635,0.22006,236.391,6.394,PUSH
4.209,0.33635,0.22006,236.391,6.387,PUSH
4.21,0.33635,0.22006,236.391,6.38,PUSH
4.211,0.33635,0.22006,236.391,6.372,PUSH
4.212,0.33635,0.22006,236.391,6.365,PUSH
4.213,0.33635,0.22006,236.391,6.358,PUSH
4.214,0.33635,0.22006,236.391,6.351,PUSH
4.215,0.33635,0.22006,236.391,6.343,PUSH
4.216,0.33635,0.22006,236.391,6.335,PUSH
4.217,0.33635,0.22006,236.391,6.327,PUSH
4.218,0.33635,0.22006,236.391,6.32,PUSH
4.219,0.33635,0.22006,236.391,6.313,PUSH
4.22,0.33635,0.22006,236.391,6.306,PUSH
4.221,0.33635,0.22006,236.391,6.299,PUSH
4.222,0.33635,0.22006,236.391,6.292,PUSH
4.223,0.33635,0.22006,236.391,6.285,PUSH
4.224,0.33635,0.22006,236.391,6.278,PUSH
4.225,0.33635,0.22006,236.391,6.27,PUSH
4.226,0.33635,0.22006,236.391,6.262,PUSH
4.227,0.33635,0.22006,236.391,6.254,PUSH
4.228,0.33635,0.22006,236.391,6.246,PUSH
4.229,0.33635,0.22006,236.391,6.238,PUSH
4.23,0.33635,0.22006,236.391,6.23,PUSH
4.231,0.33635,0.22006,236.391,6.223,PUSH
4.232,0.33635,0.22006,236.391,6.216,PUSH
4.233,0.33635,0.22006,236.391,6.208,PUSH
4.234,0.33669,0.2189,235.441,5.103,PUSH
4.235,0.33669,0.2189,235.441,5.096,PUSH
4.236,0.33669,0.2189,235.441,5.09,PUSH
4.237,0.33669,0.2189,235.441,5.083,PUSH
4.238,0.33669,0.2189,235.441,5.076,PUSH
4.239,0.33669,0.2189,235.441,5.07,PUSH
4.24,0.33669,0.2189,235.441,5.063,PUSH
4.241,0.33669,0.2189,235.441,5.056,PUSH
4.242,0.33669,0.2189,235.441,5.049,PUSH
4.243,0.33669,0.2189,235.441,5.042,PUSH
4.244,0.33669,0.2189,235.441,5.036,PUSH
4.245,0.33669,0.2189,235.441,5.03,PUSH
4.246,0.33669,0.2189,235.441,5.024,PUSH
4.247,0.33669,0.2189,235.441,5.018,PUSH
4.248,0.33669,0.2189,235.441,5.012,PUSH
4.249,0.33669,0.2189,235.441,5.006,PUSH
4.25,0.33669,0.2189,235.441,5.0,PUSH
4.251,0.33669,0.2189,235.441,4.993,PUSH
4.252,0.33669,0.2189,235.441,4.987,PUSH
4.253,0.33669,0.2189,235.441,4.981,PUSH
4.254,0.33669,0.2189,235.441,4.975,PUSH
4.255,0.33669,0.2189,235.441,4.969,PUSH
4.256,0.33669,0.2189,235.441,4.962,PUSH
4.257,0.33669,0.2189,235.441,4.956,PUSH
4.258,0.33669,0.2189,235.441,4.95,PUSH
4.259,0.33669,0.2189,235.441,4.944,PUSH
4.26,0.33669,0.2189,235.441,4.938,PUSH
4.261,0.33669,0.2189,235.441,4.933,PUSH
4.262,0.33669,0.2189,235.441,4.927,PUSH
4.263,0.33669,0.2189,235.441,4.921,PUSH
4.264,0.33669,0.2189,235.441,4.916,PUSH
4.265,0.33669,0.2189,235.441,4.91,PUSH
4.266,0.33669,0.2189,235.441,4.904,PUSH
4.267,0.33829,0.22119,238.157,3.935,PUSH
4.268,0.33829,0.22119,238.157,3.929,PUSH
4.269,0.33829,0.22119,238.157,3.923,PUSH
4.27,0.33829,0.22119,238.157,3.918,PUSH
4.271,0.33829,0.22119,238.157,3.913,PUSH
4.272,0.33829,0.22119,238.157,3.907,PUSH
4.273,0.33829,0.22119,238.157,3.902,PUSH
4.274,0.33829,0.22119,238.157,3.897,PUSH
4.275,0.33829,0.22119,238.157,3.892,PUSH
4.276,0.33829,0.22119,238.157,3.887,PUSH
4.277,0.33829,0.22119,238.157,3.883,PUSH
4.278,0.33829,0.22119,238.157,3.878,PUSH
4.279,0.33829,0.22119,238.157,3.874,PUSH
4.28,0.33829,0.22119,238.157,3.869,PUSH
4.281,0.33829,0.22119,238.157,3.865,PUSH
4.282,0.33829,0.22119,238.157,3.861,PUSH
4.283,0.33829,0.22119,238.157,3.856,PUSH
4.284,0.33829,0.22119,238.157,3.852,PUSH
4.285,0.33829,0.22119,238.157,3.847,PUSH
4.286,0.33829,0.22119,238.157,3.842,PUSH
4.287,0.33829,0.22119,238.157,3.838,PUSH
4.288,0.33829,0.22119,238.157,3.833,PUSH
4.289,0.33829,0.22119,238.157,3.829,PUSH
4.29,0.33829,0.22119,238.157,3.824,PUSH
4.291,0.33829,0.22119,238.157,3.82,PUSH
4.292,0.33829,0.22119,238.157,3.816,PUSH
4.293,0.33829,0.22119,238.157,3.812,PUSH
4.294,0.33829,0.22119,238.157,3.808,PUSH
4.295,0.33829,0.22119,238.157,3.803,PUSH
4.296,0.33829,0.22119,238.157,3.799,PUSH
4.297,0.33829,0.22119,238.157,3.795,PUSH
4.298,0.33829,0.22119,238.157,3.79,PUSH
4.299,0.33829,0.22119,238.157,3.786,PUSH
4.3,0.33829,0.22119,238.157,3.782,PUSH
4.301,0.33913,0.22377,240.869,4.037,PUSH
4.302,0.33913,0.22377,240.869,4.033,PUSH
4.303,0.33913,0.22377,240.869,4.029,PUSH
4.304,0.33913,0.22377,240.869,4.025,PUSH
4.305,0.33913,0.22377,240.869,4.02,PUSH
4.306,0.33913,0.22377,240.869,4.015,PUSH
4.307,0.33913,0.22377,240.869,4.01,PUSH
4.308,0.33913,0.22377,240.869,4.006,PUSH
4.309,0.33913,0.22377,240.869,4.002,PUSH
4.31,0.33913,0.22377,240.869,3.998,PUSH
4.311,0.33913,0.22377,240.869,3.994,PUSH
4.312,0.33913,0.22377,240.869,3.99,PUSH
4.313,0.33913,0.22377,240.869,3.986,PUSH
4.314,0.33913,0.22377,240.869,3.982,PUSH
4.315,0.33913,0.22377,240.869,3.977,PUSH
4.316,0.33913,0.22377,240.869,3.972,PUSH
4.317,0.33913,0.22377,240.869,3.968,PUSH
4.318,0.33913,0.22377,240.869,3.963,PUSH
4.319,0.33913,0.22377,240.869,3.958,PUSH
4.32,0.33913,0.22377,240.869,3.953,PUSH
4.321,0.33913,0.22377,240.869,3.948,PUSH
4.322,0.33913,0.22377,240.869,3.944,PUSH
4.323,0.33913,0.22377,240.869,3.94,PUSH
4.324,0.33913,0.22377,240.869,3.936,PUSH
4.325,0.33913,0.22377,240.869,3.933,PUSH
4.326,0.33913,0.22377,240.869,3.929,PUSH
4.327,0.33913,0.22377,240.869,3.925,PUSH
4.328,0.33913,0.22377,240.869,3.92,PUSH
4.329,0.33913,0.22377,240.869,3.916,PUSH
4.33,0.33913,0.22377,240.869,3.911,PUSH
4.331,0.33913,0.22377,240.869,3.907,PUSH
4.332,0.33913,0.22377,240.869,3.904,PUSH
4.333,0.33913,0.22377,240.869,3.9,PUSH
4.334,0.34168,0.22269,240.823,0.125,PUSH
4.335,0.34168,0.22269,240.823,0.129,PUSH
4.336,0.34168,0.22269,240.823,0.132,PUSH
4.337,0.34168,0.22269,240.823,0.135,PUSH
4.338,0.34168,0.22269,240.823,0.136,PUSH
4.339,0.34168,0.22269,240.823,0.137,PUSH
4.34,0.34168,0.22269,240.823,0.137,PUSH
4.341,0.34168,0.22269,240.823,0.138,PUSH
4.342,0.34168,0.22269,240.823,0.139,PUSH
4.343,0.34168,0.22269,240.823,0.139,PUSH
4.344,0.34168,0.22269,240.823,0.14,PUSH
4.345,0.34168,0.22269,240.823,0.141,PUSH
4.346,0.34168,0.22269,240.823,0.141,PUSH
4.347,0.34168,0.22269,240.823,0.142,PUSH
4.348,0.34168,0.22269,240.823,0.142,PUSH
4.349,0.34168,0.22269,240.823,0.142,PUSH
4.35,0.34168,0.22269,240.823,0.142,PUSH
4.351,0.34168,0.22269,240.823,0.142,PUSH
4.352,0.34168,0.22269,240.823,0.141,PUSH
4.353,0.34168,0.22269,240.823,0.141,PUSH
4.354,0.34168,0.22269,240.823,0.14,PUSH
4.355,0.34168,0.22269,240.823,0.14,PUSH
4.356,0.34168,0.22269,240.823,0.141,PUSH
4.357,0.34168,0.22269,240.823,0.142,PUSH
4.358,0.34168,0.22269,240.823,0.143,PUSH
4.359,0.34168,0.22269,240.823,0.144,PUSH
4.36,0.34168,0.22269,240.823,0.145,PUSH
4.361,0.34168,0.22269,240.823,0.145,PUSH
4.362,0.34168,0.22269,240.823,0.147,PUSH
4.363,0.34168,0.22269,240.823,0.148,PUSH
4.364,0.34168,0.22269,240.823,0.15,PUSH
4.365,0.34168,0.22269,240.823,0.151,PUSH
4.366,0.34168,0.22269,240.823,0.153,PUSH
4.367,0.33857,0.22485,241.668,5.201,PUSH
4.368,0.33857,0.22485,241.668,5.199,PUSH
4.369,0.33857,0.22485,241.668,5.196,PUSH
4.37,0.33857,0.22485,241.668,5.192,PUSH
4.371,0.33857,0.22485,241.668,5.189,PUSH
4.372,0.33857,0.22485,241.668,5.185,PUSH
4.373,0.33857,0.22485,241.668,5.181,PUSH
4.374,0.33857,0.22485,241.668,5.178,PUSH
4.375,0.33857,0.22485,241.668,5.174,PUSH
4.376,0.33857,0.22485,241.668,5.17,PUSH
4.377,0.33857,0.22485,241.668,5.166,PUSH
4.378,0.33857,0.22485,241.668,5.162,PUSH
4.379,0.33857,0.22485,241.668,5.157,PUSH
4.38,0.33857,0.22485,241.668,5.153,PUSH
4.381,0.33857,0.22485,241.668,5.148,PUSH
4.382,0.33857,0.22485,241.668,5.143,PUSH
4.383,0.33857,0.22485,241.668,5.139,PUSH
4.384,0.33857,0.22485,241.668,5.134,PUSH
4.385,0.33857,0.22485,241.668,5.129,PUSH
4.386,0.33857,0.22485,241.668,5.125,PUSH
4.387,0.33857,0.22485,241.668,5.12,PUSH
4.388,0.33857,0.22485,241.668,5.116,PUSH
4.389,0.33857,0.22485,241.668,5.111,PUSH
4.39,0.33857,0.22485,241.668,5.107,PUSH
4.391,0.33857,0.22485,241.668,5.102,PUSH
4.392,0.33857,0.22485,241.668,5.098,PUSH
4.393,0.33857,0.22485,241.668,5.094,PUSH
4.394,0.33857,0.22485,241.668,5.089,PUSH
4.395,0.33857,0.22485,241.668,5.084,PUSH
4.396,0.33857,0.22485,241.668,5.079,PUSH
4.397,0.33857,0.22485,241.668,5.074,PUSH
4.398,0.33857,0.22485,241.668,5.069,PUSH
4.399,0.33857,0.22485,241.668,5.064,PUSH
4.4,0.33857,0.22485,241.668,5.059,PUSH
4.401,0.3382,0.22094,237.896,3.454,PUSH
4.402,0.3382,0.22094,237.896,3.449,PUSH
4.403,0.3382,0.22094,237.896,3.445,PUSH
4.404,0.3382,0.22094,237.896,3.441,PUSH
4.405,0.3382,0.22094,237.896,3.437,PUSH
4.406,0.3382,0.22094,237.896,3.433,PUSH
4.407,0.3382,0.22094,237.896,3.43,PUSH
4.408,0.3382,0.22094,237.896,3.426,PUSH
4.409,0.3382,0.22094,237.896,3.423,PUSH
4.41,0.3382,0.22094,237.896,3.419,PUSH
4.411,0.3382,0.22094,237.896,3.416,PUSH
4.412,0.3382,0.22094,237.896,3.412,PUSH
4.413,0.3382,0.22094,237.896,3.408,PUSH
4.414,0.3382,0.22094,237.896,3.404,PUSH
4.415,0.3382,0.22094,237.896,3.399,PUSH
4.416,0.3382,0.22094,237.896,3.395,PUSH
4.417,0.3382,0.22094,237.896,3.391,PUSH
4.418,0.3382,0.22094,237.896,3.388,PUSH
4.419,0.3382,0.22094,237.896,3.385,PUSH
4.42,0.3382,0.22094,237.896,3.382,PUSH
4.421,0.3382,0.22094,237.896,3.379,PUSH
4.422,0.3382,0.22094,237.896,3.375,PUSH
4.423,0.3382,0.22094,237.896,3.372,PUSH
4.424,0.3382,0.22094,237.896,3.369,PUSH
4.425,0.3382,0.22094,237.896,3.365,PUSH
4.426,0.3382,0.22094,237.896,3.361,PUSH
4.427,0.3382,0.22094,237.896,3.357,PUSH
4.428,0.3382,0.22094,237.896,3.354,PUSH
4.429,0.3382,0.22094,237.896,3.35,PUSH
4.43,0.3382,0.22094,237.896,3.347,PUSH
4.431,0.3382,0.22094,237.896,3.343,PUSH
4.432,0.3382,0.22094,237.896,3.34,PUSH
4.433,0.3382,0.22094,237.896,3.337,PUSH
4.434,0.33603,0.22137,237.499,6.524,PUSH
4.435,0.33603,0.22137,237.499,6.52,PUSH
4.436,0.33603,0.22137,237.499,6.516,PUSH
4.437,0.33603,0.22137,237.499,6.511,PUSH
4.438,0.33603,0.22137,237.499,6.506,PUSH
4.439,0.33603,0.22137,237.499,6.5,PUSH
4.44,0.33603,0.22137,237.499,6.494,PUSH
4.441,0.33603,0.22137,237.499,6.488,PUSH
4.442,0.33603,0.22137,237.499,6.482,PUSH
4.443,0.33603,0.22137,237.499,6.477,PUSH
4.444,0.33603,0.22137,237.499,6.471,PUSH
4.445,0.33603,0.22137,237.499,6.466,PUSH
4.446,0.33603,0.22137,237.499,6.46,PUSH
4.447,0.33603,0.22137,237.499,6.453,PUSH
4.448,0.33603,0.22137,237.499,6.447,PUSH
4.449,0.33603,0.22137,237.499,6.44,PUSH
4.45,0.33603,0.22137,237.499,6.435,PUSH
4.451,0.33603,0.22137,237.499,6.429,PUSH
4.452,0.33603,0.22137,237.499,6.423,PUSH
4.453,0.33603,0.22137,237.499,6.417,PUSH
4.454,0.33603,0.22137,237.499,6.411,PUSH
4.455,0.33603,0.22137,237.499,6.405,PUSH
4.456,0.33603,0.22137,237.499,6.399,PUSH
4.457,0.33603,0.22137,237.499,6.392,PUSH
4.458,0.33603,0.22137,237.499,6.386,PUSH
4.459,0.33603,0.22137,237.499,6.379,PUSH
4.46,0.33603,0.22137,237.499,6.373,PUSH
4.461,0.33603,0.22137,237.499,6.367,PUSH
4.462,0.33603,0.22137,237.499,6.361,PUSH
4.463,0.33603,0.22137,237.499,6.355,PUSH
4.464,0.33603,0.22137,237.499,6.348,PUSH
4.465,0.33603,0.22137,237.499,6.342,PUSH
4.466,0.33603,0.22137,237.499,6.336,PUSH
4.467,0.33623,0.22079,237.027,5.753,PUSH
4.468,0.33623,0.22079,237.027,5.747,PUSH
4.469,0.33623,0.22079,237.027,5.74,PUSH
4.47,0.33623,0.22079,237.027,5.734,PUSH
4.471,0.33623,0.22079,237.027,5.728,PUSH
4.472,0.33623,0.22079,237.027,5.722,PUSH
4.473,0.33623,0.22079,237.027,5.716,PUSH
4.474,0.33623,0.22079,237.027,5.71,PUSH
4.475,0.33623,0.22079,237.027,5.704,PUSH
4.476,0.33623,0.22079,237.027,5.698,PUSH
4.477,0.33623,0.22079,237.027,5.692,PUSH
4.478,0.33623,0.22079,237.027,5.686,PUSH
4.479,0.33623,0.22079,237.027,5.681,PUSH
4.48,0.33623,0.22079,237.027,5.675,PUSH
4.481,0.33623,0.22079,237.027,5.669,PUSH
4.482,0.33623,0.22079,237.027,5.663,PUSH
4.483,0.33623,0.22079,237.027,5.657,PUSH
4.484,0.33623,0.22079,237.027,5.652,PUSH
4.485,0.33623,0.22079,237.027,5.646,PUSH
4.486,0.33623,0.22079,237.027,5.64,PUSH
4.487,0.33623,0.22079,237.027,5.634,PUSH
4.488,0.33623,0.22079,237.027,5.628,PUSH
4.489,0.33623,0.22079,237.027,5.623,PUSH
4.49,0.33623,0.22079,237.027,5.617,PUSH
4.491,0.33623,0.22079,237.027,5.611,PUSH
4.492,0.33623,0.22079,237.027,5.605,PUSH
4.493,0.33623,0.22079,237.027,5.6,PUSH
4.494,0.33623,0.22079,237.027,5.594,PUSH
4.495,0.33623,0.22079,237.027,5.588,PUSH
4.496,0.33623,0.22079,237.027,5.583,PUSH
4.497,0.33623,0.22079,237.027,5.577,PUSH
4.498,0.33623,0.22079,237.027,5.571,PUSH
4.499,0.33623,0.22079,237.027,5.566,PUSH
4.5,0.33623,0.22079,237.027,5.56,PUSH
4.501,0.33664,0.22165,237.979,5.44,PUSH
4.502,0.33664,0.22165,237.979,5.435,PUSH
4.503,0.33664,0.22165,237.979,5.429,PUSH
4.504,0.33664,0.22165,237.979,5.423,PUSH
4.505,0.33664,0.22165,237.979,5.418,PUSH
4.506,0.33664,0.22165,237.979,5.412,PUSH
4.507,0.33664,0.22165,237.979,5.407,PUSH
4.508,0.33664,0.22165,237.979,5.401,PUSH
4.509,0.33664,0.22165,237.979,5.396,PUSH
4.51,0.33664,0.22165,237.979,5.39,PUSH
4.511,0.33664,0.22165,237.979,5.385,PUSH
4.512,0.33664,0.22165,237.979,5.379,PUSH
4.513,0.33664,0.22165,237.979,5.374,PUSH
4.514,0.33664,0.22165,237.979,5.368,PUSH
4.515,0.33664,0.22165,237.979,5.363,PUSH
4.516,0.33664,0.22165,237.979,5.357,PUSH
4.517,0.33664,0.22165,237.979,5.352,PUSH
4.518,0.33664,0.22165,237.979,5.347,PUSH
4.519,0.33664,0.22165,237.979,5.341,PUSH
4.52,0.33664,0.22165,237.979,5.336,PUSH
4.521,0.33664,0.22165,237.979,5.33,PUSH
4.522,0.33664,0.22165,237.979,5.325,PUSH
4.523,0.33664,0.22165,237.979,5.319,PUSH
4.524,0.33664,0.22165,237.979,5.314,PUSH
4.525,0.33664,0.22165,237.979,5.309,PUSH
4.526,0.33664,0.22165,237.979,5.303,PUSH
4.527,0.33664,0.22165,237.979,5.298,PUSH
4.528,0.33664,0.22165,237.979,5.292,PUSH
4.529,0.33664,0.22165,237.979,5.287,PUSH
4.53,0.33664,0.22165,237.979,5.281,PUSH
4.531,0.33664,0.22165,237.979,5.276,PUSH
4.532,0.33664,0.22165,237.979,5.271,PUSH
4.533,0.33664,0.22165,237.979,5.265,PUSH
4.534,0.33691,0.22339,239.7,5.823,PUSH
4.535,0.33691,0.22339,239.7,5.818,PUSH
4.536,0.33691,0.22339,239.7,5.812,PUSH
4.537,0.33691,0.22339,239.7,5.807,PUSH
4.538,0.33691,0.22339,239.7,5.801,PUSH
4.539,0.33691,0.22339,239.7,5.795,PUSH
4.54,0.33691,0.22339,239.7,5.79,PUSH
4.541,0.33691,0.22339,239.7,5.784,PUSH
4.542,0.33691,0.22339,239.7,5.778,PUSH
4.543,0.33691,0.22339,239.7,5.772,PUSH
4.544,0.33691,0.22339,239.7,5.767,PUSH
4.545,0.33691,0.22339,239.7,5.761,PUSH
4.546,0.33691,0.22339,239.7,5.755,PUSH
4.547,0.33691,0.22339,239.7,5.749,PUSH
4.548,0.33691,0.22339,239.7,5.743,PUSH
4.549,0.33691,0.22339,239.7,5.738,PUSH
4.55,0.33691,0.22339,239.7,5.732,PUSH
4.551,0.33691,0.22339,239.7,5.726,PUSH
4.552,0.33691,0.22339,239.7,5.72,PUSH
4.553,0.33691,0.22339,239.7,5.714,PUSH
4.554,0.33691,0.22339,239.7,5.708,PUSH
4.555,0.33691,0.22339,239.7,5.703,PUSH
4.556,0.33691,0.22339,239.7,5.697,PUSH
4.557,0.33691,0.22339,239.7,5.691,PUSH
4.558,0.33691,0.22339,239.7,5.685,PUSH
4.559,0.33691,0.22339,239.7,5.679,PUSH
4.56,0.33691,0.22339,239.7,5.673,PUSH
4.561,0.33691,0.22339,239.7,5.668,PUSH
4.562,0.33691,0.22339,239.7,5.662,PUSH
4.563,0.33691,0.22339,239.7,5.656,PUSH
4.564,0.33691,0.22339,239.7,5.65,PUSH
4.565,0.33691,0.22339,239.7,5.644,PUSH
4.566,0.33691,0.22339,239.7,5.638,PUSH
4.567,0.33917,0.21897,236.431,0.19,PUSH
4.568,0.33917,0.21897,236.431,0.186,PUSH
4.569,0.33917,0.21897,236.431,0.182,PUSH
4.57,0.33917,0.21897,236.431,0.178,PUSH
4.571,0.33917,0.21897,236.431,0.175,PUSH
4.572,0.33917,0.21897,236.431,0.172,PUSH
4.573,0.33917,0.21897,236.431,0.17,PUSH
4.574,0.33917,0.21897,236.431,0.168,PUSH
4.575,0.33917,0.21897,236.431,0.165,PUSH
4.576,0.33917,0.21897,236.431,0.163,PUSH
4.577,0.33917,0.21897,236.431,0.161,PUSH
4.578,0.33917,0.21897,236.431,0.159,PUSH
4.579,0.33917,0.21897,236.431,0.157,PUSH
4.58,0.33917,0.21897,236.431,0.156,PUSH
4.581,0.33917,0.21897,236.431,0.153,PUSH
4.582,0.33917,0.21897,236.431,0.151,PUSH
4.583,0.33917,0.21897,236.431,0.15,PUSH
4.584,0.33917,0.21897,236.431,0.147,PUSH
4.585,0.33917,0.21897,236.431,0.145,PUSH
4.586,0.33917,0.21897,236.431,0.144,PUSH
4.587,0.33917,0.21897,236.431,0.142,PUSH
4.588,0.33917,0.21897,236.431,0.14,PUSH
4.589,0.33917,0.21897,236.431,0.138,PUSH
4.59,0.33917,0.21897,236.431,0.137,PUSH
4.591,0.33917,0.21897,236.431,0.135,PUSH
4.592,0.33917,0.21897,236.431,0.133,PUSH
4.593,0.33917,0.21897,236.431,0.132,PUSH
4.594,0.33917,0.21897,236.431,0.131,PUSH
4.595,0.33917,0.21897,236.431,0.129,PUSH
4.596,0.33917,0.21897,236.431,0.127,PUSH
4.597,0.33917,0.21897,236.431,0.126,PUSH
4.598,0.33917,0.21897,236.431,0.125,PUSH
4.599,0.33917,0.21897,236.431,0.123,PUSH
4.6,0.33978,0.21769,235.478,1.412,PUSH
4.601,0.33978,0.21769,235.478,1.413,PUSH
4.602,0.33978,0.21769,235.478,1.414,PUSH
4.603,0.33978,0.21769,235.478,1.414,PUSH
4.604,0.33978,0.21769,235.478,1.415,PUSH
4.605,0.33978,0.21769,235.478,1.415,PUSH
4.606,0.33978,0.21769,235.478,1.416,PUSH
4.607,0.33978,0.21769,235.478,1.416,PUSH
4.608,0.33978,0.21769,235.478,1.415,PUSH
4.609,0.33978,0.21769,235.478,1.416,PUSH
4.61,0.33978,0.21769,235.478,1.416,PUSH
4.611,0.33978,0.21769,235.478,1.415,PUSH
4.612,0.33978,0.21769,235.478,1.416,PUSH
4.613,0.33978,0.21769,235.478,1.416,PUSH
4.614,0.33978,0.21769,235.478,1.416,PUSH
4.615,0.33978,0.21769,235.478,1.415,PUSH
4.616,0.33978,0.21769,235.478,1.416,PUSH
4.617,0.33978,0.21769,235.478,1.416,PUSH
4.618,0.33978,0.21769,235.478,1.415,PUSH
4.619,0.33978,0.21769,235.478,1.416,PUSH
4.62,0.33978,0.21769,235.478,1.416,PUSH
4.621,0.33978,0.21769,235.478,1.416,PUSH
4.622,0.33978,0.21769,235.478,1.415,PUSH
4.623,0.33978,0.21769,235.478,1.415,PUSH
4.624,0.33978,0.21769,235.478,1.415,PUSH
4.625,0.33978,0.21769,235.478,1.415,PUSH
4.626,0.33978,0.21769,235.478,1.415,PUSH
4.627,0.33978,0.21769,235.478,1.415,PUSH
4.628,0.33978,0.21769,235.478,1.415,PUSH
4.629,0.33978,0.21769,235.478,1.414,PUSH
4.63,0.33978,0.21769,235.478,1.414,PUSH
4.631,0.33978,0.21769,235.478,1.414,PUSH
4.632,0.33978,0.21769,235.478,1.413,PUSH
4.633,0.33978,0.21769,235.478,1.414,PUSH
4.634,0.33926,0.21982,237.249,0.46,PUSH
4.635,0.33926,0.21982,237.249,0.46,PUSH
4.636,0.33926,0.21982,237.249,0.461,PUSH
4.637,0.33926,0.21982,237.249,0.46,PUSH
4.638,0.33926,0.21982,237.249,0.459,PUSH
4.639,0.33926,0.21982,237.249,0.458,PUSH
4.64,0.33926,0.21982,237.249,0.457,PUSH
4.641,0.33926,0.21982,237.249,0.456,PUSH
4.642,0.33926,0.21982,237.249,0.455,PUSH
4.643,0.33926,0.21982,237.249,0.454,PUSH
4.644,0.33926,0.21982,237.249,0.453,PUSH
4.645,0.33926,0.21982,237.249,0.452,PUSH
4.646,0.33926,0.21982,237.249,0.451,PUSH
4.647,0.33926,0.21982,237.249,0.449,PUSH
4.648,0.33926,0.21982,237.249,0.448,PUSH
4.649,0.33926,0.21982,237.249,0.447,PUSH
4.65,0.33926,0.21982,237.249,0.446,PUSH
4.651,0.33926,0.21982,237.249,0.445,PUSH
4.652,0.33926,0.21982,237.249,0.443,PUSH
4.653,0.33926,0.21982,237.249,0.442,PUSH
4.654,0.33926,0.21982,237.249,0.442,PUSH
4.655,0.33926,0.21982,237.249,0.44,PUSH
4.656,0.33926,0.21982,237.249,0.439,PUSH
4.657,0.33926,0.21982,237.249,0.44,PUSH
4.658,0.33926,0.21982,237.249,0.441,PUSH
4.659,0.33926,0.21982,237.249,0.441,PUSH
4.66,0.33926,0.21982,237.249,0.442,PUSH
4.661,0.33926,0.21982,237.249,0.443,PUSH
4.662,0.33926,0.21982,237.249,0.442,PUSH
4.663,0.33926,0.21982,237.249,0.44,PUSH
4.664,0.33926,0.21982,237.249,0.438,PUSH
4.665,0.33926,0.21982,237.249,0.437,PUSH
4.666,0.33926,0.21982,237.249,0.436,PUSH
4.667,0.33833,0.22065,237.678,2.137,PUSH
4.668,0.33833,0.22065,237.678,2.133,PUSH
4.669,0.33833,0.22065,237.678,2.13,PUSH
4.67,0.33833,0.22065,237.678,2.127,PUSH
4.671,0.33833,0.22065,237.678,2.124,PUSH
4.672,0.33833,0.22065,237.678,2.12,PUSH
4.673,0.33833,0.22065,237.678,2.117,PUSH
4.674,0.33833,0.22065,237.678,2.114,PUSH
4.675,0.33833,0.22065,237.678,2.109,PUSH
4.676,0.33833,0.22065,237.678,2.106,PUSH
4.677,0.33833,0.22065,237.678,2.102,PUSH
4.678,0.33833,0.22065,237.678,2.098,PUSH
4.679,0.33833,0.22065,237.678,2.094,PUSH
4.68,0.33833,0.22065,237.678,2.09,PUSH
4.681,0.33833,0.22065,237.678,2.087,PUSH
4.682,0.33833,0.22065,237.678,2.083,PUSH
4.683,0.33833,0.22065,237.678,2.079,PUSH
4.684,0.33833,0.22065,237.678,2.075,PUSH
4.685,0.33833,0.22065,237.678,2.071,PUSH
4.686,0.33833,0.22065,237.678,2.067,PUSH
4.687,0.33833,0.22065,237.678,2.064,PUSH
4.688,0.33833,0.22065,237.678,2.061,PUSH
4.689,0.33833,0.22065,237.678,2.057,PUSH
4.69,0.33833,0.22065,237.678,2.053,PUSH
4.691,0.33833,0.22065,237.678,2.049,PUSH
4.692,0.33833,0.22065,237.678,2.045,PUSH
4.693,0.33833,0.22065,237.678,2.042,PUSH
4.694,0.33833,0.22065,237.678,2.038,PUSH
4.695,0.33833,0.22065,237.678,2.035,PUSH
4.696,0.33833,0.22065,237.678,2.032,PUSH
4.697,0.33833,0.22065,237.678,2.028,PUSH
4.698,0.33833,0.22065,237.678,2.025,PUSH
4.699,0.33833,0.22065,237.678,2.022,PUSH
4.7,0.33833,0.22065,237.678,2.018,PUSH
4.701,0.33461,0.21719,233.092,5.223,PUSH
4.702,0.33461,0.21719,233.092,5.219,PUSH
4.703,0.33461,0.21719,233.092,5.214,PUSH
4.704,0.33461,0.21719,233.092,5.21,PUSH
4.705,0.33461,0.21719,233.092,5.205,PUSH
4.706,0.33461,0.21719,233.092,5.2,PUSH
4.707,0.33461,0.21719,233.092,5.194,PUSH
4.708,0.33461,0.21719,233.092,5.189,PUSH
4.709,0.33461,0.21719,233.092,5.184,PUSH
4.71,0.33461,0.21719,233.092,5.178,PUSH
4.711,0.33461,0.21719,233.092,5.172,PUSH
4.712,0.33461,0.21719,233.092,5.167,PUSH
4.713,0.33461,0.21719,233.092,5.161,PUSH
4.714,0.33461,0.21719,233.092,5.156,PUSH
4.715,0.33461,0.21719,233.092,5.149,PUSH
4.716,0.33461,0.21719,233.092,5.144,PUSH
4.717,0.33461,0.21719,233.092,5.138,PUSH
4.718,0.33461,0.21719,233.092,5.132,PUSH
4.719,0.33461,0.21719,233.092,5.126,PUSH
4.72,0.33461,0.21719,233.092,5.12,PUSH
4.721,0.33461,0.21719,233.092,5.114,PUSH
4.722,0.33461,0.21719,233.092,5.109,PUSH
4.723,0.33461,0.21719,233.092,5.103,PUSH
4.724,0.33461,0.21719,233.092,5.097,PUSH
4.725,0.33461,0.21719,233.092,5.091,PUSH
4.726,0.33461,0.21719,233.092,5.085,PUSH
4.727,0.33461,0.21719,233.092,5.079,PUSH
4.728,0.33461,0.21719,233.092,5.073,PUSH
4.729,0.33461,0.21719,233.092,5.067,PUSH
4.73,0.33461,0.21719,233.092,5.061,PUSH
4.731,0.33461,0.21719,233.092,5.055,PUSH
4.732,0.33461,0.21719,233.092,5.049,PUSH
4.733,0.33461,0.21719,233.092,5.043,PUSH
4.734,0.33258,0.21715,232.321,7.809,PUSH
4.735,0.33258,0.21715,232.321,7.802,PUSH
4.736,0.33258,0.21715,232.321,7.795,PUSH
4.737,0.33258,0.21715,232.321,7.788,PUSH
4.738,0.33258,0.21715,232.321,7.78,PUSH
4.739,0.33258,0.21715,232.321,7.772,PUSH
4.74,0.33258,0.21715,232.321,7.765,PUSH
4.741,0.33258,0.21715,232.321,7.757,PUSH
4.742,0.33258,0.21715,232.321,7.75,PUSH
4.743,0.33258,0.21715,232.321,7.741,PUSH
4.744,0.33258,0.21715,232.321,7.733,PUSH
4.745,0.33258,0.21715,232.321,7.725,PUSH
4.746,0.33258,0.21715,232.321,7.717,PUSH
4.747,0.33258,0.21715,232.321,7.708,PUSH
4.748,0.33258,0.21715,232.321,7.7,PUSH
4.749,0.33258,0.21715,232.321,7.692,PUSH
4.75,0.33258,0.21715,232.321,7.684,PUSH
4.751,0.33258,0.21715,232.321,7.676,PUSH
4.752,0.33258,0.21715,232.321,7.667,PUSH
4.753,0.33258,0.21715,232.321,7.659,PUSH
4.754,0.33258,0.21715,232.321,7.65,PUSH
4.755,0.33258,0.21715,232.321,7.641,PUSH
4.756,0.33258,0.21715,232.321,7.633,PUSH
4.757,0.33258,0.21715,232.321,7.625,PUSH
4.758,0.33258,0.21715,232.321,7.617,PUSH
4.759,0.33258,0.21715,232.321,7.608,PUSH
4.76,0.33258,0.21715,232.321,7.599,PUSH
4.761,0.33258,0.21715,232.321,7.591,PUSH
4.762,0.33258,0.21715,232.321,7.582,PUSH
4.763,0.33258,0.21715,232.321,7.573,PUSH
4.764,0.33258,0.21715,232.321,7.565,PUSH
4.765,0.33258,0.21715,232.321,7.556,PUSH
4.766,0.33258,0.21715,232.321,7.547,PUSH
4.767,0.33479,0.21586,231.912,3.808,PUSH
4.768,0.33479,0.21586,231.912,3.8,PUSH
4.769,0.33479,0.21586,231.912,3.793,PUSH
4.77,0.33479,0.21586,231.912,3.786,PUSH
4.771,0.33479,0.21586,231.912,3.779,PUSH
4.772,0.33479,0.21586,231.912,3.772,PUSH
4.773,0.33479,0.21586,231.912,3.766,PUSH
4.774,0.33479,0.21586,231.912,3.76,PUSH
4.775,0.33479,0.21586,231.912,3.753,PUSH
4.776,0.33479,0.21586,231.912,3.747,PUSH
4.777,0.33479,0.21586,231.912,3.74,PUSH
4.778,0.33479,0.21586,231.912,3.734,PUSH
4.779,0.33479,0.21586,231.912,3.728,PUSH
4.78,0.33479,0.21586,231.912,3.723,PUSH
4.781,0.33479,0.21586,231.912,3.716,PUSH
4.782,0.33479,0.21586,231.912,3.71,PUSH
4.783,0.33479,0.21586,231.912,3.704,PUSH
4.784,0.33479,0.21586,231.912,3.698,PUSH
4.785,0.33479,0.21586,231.912,3.692,PUSH
4.786,0.33479,0.21586,231.912,3.686,PUSH
4.787,0.33479,0.21586,231.912,3.681,PUSH
4.788,0.33479,0.21586,231.912,3.674,PUSH
4.789,0.33479,0.21586,231.912,3.669,PUSH
4.79,0.33479,0.21586,231.912,3.663,PUSH
4.791,0.33479,0.21586,231.912,3.657,PUSH
4.792,0.33479,0.21586,231.912,3.651,PUSH
4.793,0.33479,0.21586,231.912,3.645,PUSH
4.794,0.33479,0.21586,231.912,3.64,PUSH
4.795,0.33479,0.21586,231.912,3.634,PUSH
4.796,0.33479,0.21586,231.912,3.628,PUSH
4.797,0.33479,0.21586,231.912,3.622,PUSH
4.798,0.33479,0.21586,231.912,3.616,PUSH
4.799,0.33479,0.21586,231.912,3.61,PUSH
4.8,0.33479,0.21586,231.912,3.605,PUSH
4.801,0.33847,0.21421,231.765,2.358,PUSH
4.802,0.33847,0.21421,231.765,2.363,PUSH
4.803,0.33847,0.21421,231.765,2.367,PUSH
4.804,0.33847,0.21421,231.765,2.369,PUSH
4.805,0.33847,0.21421,231.765,2.373,PUSH
4.806,0.33847,0.21421,231.765,2.375,PUSH
4.807,0.33847,0.21421,231.765,2.377,PUSH
4.808,0.33847,0.21421,231.765,2.377,PUSH
4.809,0.33847,0.21421,231.765,2.379,PUSH
4.81,0.33847,0.21421,231.765,2.381,PUSH
4.811,0.33847,0.21421,231.765,2.382,PUSH
4.812,0.33847,0.21421,231.765,2.384,PUSH
4.813,0.33847,0.21421,231.765,2.385,PUSH
4.814,0.33847,0.21421,231.765,2.385,PUSH
4.815,0.33847,0.21421,231.765,2.387,PUSH
4.816,0.33847,0.21421,231.765,2.388,PUSH
4.817,0.33847,0.21421,231.765,2.389,PUSH
4.818,0.33847,0.21421,231.765,2.39,PUSH
4.819,0.33847,0.21421,231.765,2.391,PUSH
4.82,0.33847,0.21421,231.765,2.391,PUSH
4.821,0.33847,0.21421,231.765,2.391,PUSH
4.822,0.33847,0.21421,231.765,2.392,PUSH
4.823,0.33847,0.21421,231.765,2.395,PUSH
4.824,0.33847,0.21421,231.765,2.396,PUSH
4.825,0.33847,0.21421,231.765,2.396,PUSH
4.826,0.33847,0.21421,231.765,2.396,PUSH
4.827,0.33847,0.21421,231.765,2.395,PUSH
4.828,0.33847,0.21421,231.765,2.396,PUSH
4.829,0.33847,0.21421,231.765,2.398,PUSH
4.83,0.33847,0.21421,231.765,2.399,PUSH
4.831,0.33847,0.21421,231.765,2.399,PUSH
4.832,0.33847,0.21421,231.765,2.398,PUSH
4.833,0.33847,0.21421,231.765,2.397,PUSH
4.834,0.33584,0.2179,234.198,3.206,PUSH
4.835,0.33584,0.2179,234.198,3.203,PUSH
4.836,0.33584,0.2179,234.198,3.2,PUSH
4.837,0.33584,0.2179,234.198,3.198,PUSH
4.838,0.33584,0.2179,234.198,3.195,PUSH
4.839,0.33584,0.2179,234.198,3.193,PUSH
4.84,0.33584,0.2179,234.198,3.188,PUSH
4.841,0.33584,0.2179,234.198,3.183,PUSH
4.842,0.33584,0.2179,234.198,3.178,PUSH
4.843,0.33584,0.2179,234.198,3.173,PUSH
4.844,0.33584,0.2179,234.198,3.169,PUSH
4.845,0.33584,0.2179,234.198,3.166,PUSH
4.846,0.33584,0.2179,234.198,3.161,PUSH
4.847,0.33584,0.2179,234.198,3.157,PUSH
4.848,0.33584,0.2179,234.198,3.152,PUSH
4.849,0.33584,0.2179,234.198,3.147,PUSH
4.85,0.33584,0.2179,234.198,3.143,PUSH
4.851,0.33584,0.2179,234.198,3.139,PUSH
4.852,0.33584,0.2179,234.198,3.135,PUSH
4.853,0.33584,0.2179,234.198,3.13,PUSH
4.854,0.33584,0.2179,234.198,3.125,PUSH
4.855,0.33584,0.2179,234.198,3.121,PUSH
4.856,0.33584,0.2179,234.198,3.117,PUSH
4.857,0.33584,0.2179,234.198,3.112,PUSH
4.858,0.33584,0.2179,234.198,3.107,PUSH
4.859,0.33584,0.2179,234.198,3.103,PUSH
4.86,0.33584,0.2179,234.198,3.097,PUSH
4.861,0.33584,0.2179,234.198,3.092,PUSH
4.862,0.33584,0.2179,234.198,3.088,PUSH
4.863,0.33584,0.2179,234.198,3.084,PUSH
4.864,0.33584,0.2179,234.198,3.079,PUSH
4.865,0.33584,0.2179,234.198,3.074,PUSH
4.866,0.33584,0.2179,234.198,3.069,PUSH
4.867,0.33695,0.2162,233.033,0.636,PUSH
4.868,0.33695,0.2162,233.033,0.632,PUSH
4.869,0.33695,0.2162,233.033,0.628,PUSH
4.87,0.33695,0.2162,233.033,0.625,PUSH
4.871,0.33695,0.2162,233.033,0.621,PUSH
4.872,0.33695,0.2162,233.033,0.618,PUSH
4.873,0.33695,0.2162,233.033,0.615,PUSH
4.874,0.33695,0.2162,233.033,0.611,PUSH
4.875,0.33695,0.2162,233.033,0.608,PUSH
4.876,0.33695,0.2162,233.033,0.606,PUSH
4.877,0.33695,0.2162,233.033,0.603,PUSH
4.878,0.33695,0.2162,233.033,0.6,PUSH
4.879,0.33695,0.2162,233.033,0.597,PUSH
4.88,0.33695,0.2162,233.033,0.595,PUSH
4.881,0.33695,0.2162,233.033,0.591,PUSH
4.882,0.33695,0.2162,233.033,0.588,PUSH
4.883,0.33695,0.2162,233.033,0.586,PUSH
4.884,0.33695,0.2162,233.033,0.582,PUSH
4.885,0.33695,0.2162,233.033,0.58,PUSH
4.886,0.33695,0.2162,233.033,0.577,PUSH
4.887,0.33695,0.2162,233.033,0.575,PUSH
4.888,0.33695,0.2162,233.033,0.572,PUSH
4.889,0.33695,0.2162,233.033,0.57,PUSH
4.89,0.33695,0.2162,233.033,0.567,PUSH
4.891,0.33695,0.2162,233.033,0.564,PUSH
4.892,0.33695,0.2162,233.033,0.562,PUSH
4.893,0.33695,0.2162,233.033,0.56,PUSH
4.894,0.33695,0.2162,233.033,0.558,PUSH
4.895,0.33695,0.2162,233.033,0.555,PUSH
4.896,0.33695,0.2162,233.033,0.552,PUSH
4.897,0.33695,0.2162,233.033,0.55,PUSH
4.898,0.33695,0.2162,233.033,0.547,PUSH
4.899,0.33695,0.2162,233.033,0.544,PUSH
4.9,0.33695,0.2162,233.033,0.542,PUSH
4.901,0.33499,0.21902,234.933,4.705,PUSH
4.902,0.33499,0.21902,234.933,4.701,PUSH
4.903,0.33499,0.21902,234.933,4.697,PUSH
4.904,0.33499,0.21902,234.933,4.693,PUSH
4.905,0.33499,0.21902,234.933,4.688,PUSH
4.906,0.33499,0.21902,234.933,4.683,PUSH
4.907,0.33499,0.21902,234.933,4.678,PUSH
4.908,0.33499,0.21902,234.933,4.673,PUSH
4.909,0.33499,0.21902,234.933,4.668,PUSH
4.91,0.33499,0.21902,234.933,4.662,PUSH
4.911,0.33499,0.21902,234.933,4.657,PUSH
4.912,0.33499,0.21902,234.933,4.651,PUSH
4.913,0.33499,0.21902,234.933,4.645,PUSH
4.914,0.33499,0.21902,234.933,4.64,PUSH
4.915,0.33499,0.21902,234.933,4.635,PUSH
4.916,0.33499,0.21902,234.933,4.629,PUSH
4.917,0.33499,0.21902,234.933,4.623,PUSH
4.918,0.33499,0.21902,234.933,4.618,PUSH
4.919,0.33499,0.21902,234.933,4.613,PUSH
4.92,0.33499,0.21902,234.933,4.607,PUSH
4.921,0.33499,0.21902,234.933,4.601,PUSH
4.922,0.33499,0.21902,234.933,4.595,PUSH
4.923,0.33499,0.21902,234.933,4.589,PUSH
4.924,0.33499,0.21902,234.933,4.583,PUSH
4.925,0.33499,0.21902,234.933,4.577,PUSH
4.926,0.33499,0.21902,234.933,4.572,PUSH
4.927,0.33499,0.21902,234.933,4.566,PUSH
4.928,0.33499,0.21902,234.933,4.56,PUSH
4.929,0.33499,0.21902,234.933,4.554,PUSH
4.93,0.33499,0.21902,234.933,4.549,PUSH
4.931,0.33499,0.21902,234.933,4.542,PUSH
4.932,0.33499,0.21902,234.933,4.536,PUSH
4.933,0.33499,0.21902,234.933,4.531,PUSH
4.934,0.33716,0.21403,231.1,1.104,PUSH
4.935,0.33716,0.21403,231.1,1.109,PUSH
4.936,0.33716,0.21403,231.1,1.113,PUSH
4.937,0.33716,0.21403,231.1,1.115,PUSH
4.938,0.33716,0.21403,231.1,1.119,PUSH
4.939,0.33716,0.21403,231.1,1.121,PUSH
4.94,0.33716,0.21403,231.1,1.123,PUSH
4.941,0.33716,0.21403,231.1,1.124,PUSH
4.942,0.33716,0.21403,231.1,1.127,PUSH
4.943,0.33716,0.21403,231.1,1.129,PUSH
4.944,0.33716,0.21403,231.1,1.132,PUSH
4.945,0.33716,0.21403,231.1,1.134,PUSH
4.946,0.33716,0.21403,231.1,1.135,PUSH
4.947,0.33716,0.21403,231.1,1.136,PUSH
4.948,0.33716,0.21403,231.1,1.139,PUSH
4.949,0.33716,0.21403,231.1,1.14,PUSH
4.95,0.33716,0.21403,231.1,1.141,PUSH
4.951,0.33716,0.21403,231.1,1.144,PUSH
4.952,0.33716,0.21403,231.1,1.145,PUSH
4.953,0.33716,0.21403,231.1,1.147,PUSH
4.954,0.33716,0.21403,231.1,1.149,PUSH
4.955,0.33716,0.21403,231.1,1.15,PUSH
4.956,0.33716,0.21403,231.1,1.151,PUSH
4.957,0.33716,0.21403,231.1,1.152,PUSH
4.958,0.33716,0.21403,231.1,1.154,PUSH
4.959,0.33716,0.21403,231.1,1.155,PUSH
4.96,0.33716,0.21403,231.1,1.157,PUSH
4.961,0.33716,0.21403,231.1,1.159,PUSH
4.962,0.33716,0.21403,231.1,1.16,PUSH
4.963,0.33716,0.21403,231.1,1.16,PUSH
4.964,0.33716,0.21403,231.1,1.162,PUSH
4.965,0.33716,0.21403,231.1,1.163,PUSH
4.966,0.33716,0.21403,231.1,1.163,PUSH
4.967,0.33527,0.21372,230.103,1.245,PUSH
4.968,0.33527,0.21372,230.103,1.243,PUSH
4.969,0.33527,0.21372,230.103,1.242,PUSH
4.97,0.33527,0.21372,230.103,1.241,PUSH
4.971,0.33527,0.21372,230.103,1.238,PUSH
4.972,0.33527,0.21372,230.103,1.234,PUSH
4.973,0.33527,0.21372,230.103,1.231,PUSH
4.974,0.33527,0.21372,230.103,1.228,PUSH
4.975,0.33527,0.21372,230.103,1.226,PUSH
4.976,0.33527,0.21372,230.103,1.224,PUSH
4.977,0.33527,0.21372,230.103,1.221,PUSH
4.978,0.33527,0.21372,230.103,1.218,PUSH
4.979,0.33527,0.21372,230.103,1.216,PUSH
4.98,0.33527,0.21372,230.103,1.213,PUSH
4.981,0.33527,0.21372,230.103,1.21,PUSH
4.982,0.33527,0.21372,230.103,1.207,PUSH
4.983,0.33527,0.21372,230.103,1.205,PUSH
4.984,0.33527,0.21372,230.103,1.202,PUSH
4.985,0.33527,0.21372,230.103,1.199,PUSH
4.986,0.33527,0.21372,230.103,1.196,PUSH
4.987,0.33527,0.21372,230.103,1.192,PUSH
4.988,0.33527,0.21372,230.103,1.189,PUSH
4.989,0.33527,0.21372,230.103,1.187,PUSH
4.99,0.33527,0.21372,230.103,1.184,PUSH
4.991,0.33527,0.21372,230.103,1.181,PUSH
4.992,0.33527,0.21372,230.103,1.178,PUSH
4.993,0.33527,0.21372,230.103,1.175,PUSH
4.994,0.33527,0.21372,230.103,1.172,PUSH
4.995,0.33527,0.21372,230.103,1.169,PUSH
4.996,0.33527,0.21372,230.103,1.166,PUSH
4.997,0.33527,0.21372,230.103,1.164,PUSH
4.998,0.33527,0.21372,230.103,1.16,PUSH
4.999,0.33527,0.21372,230.103,1.157,PUSH
5.0,0.33527,0.21372,230.103,1.155,PUSH
5.001,0.33715,0.21638,233.267,0.045,PUSH
5.002,0.33715,0.21638,233.267,0.042,PUSH
5.003,0.33715,0.21638,233.267,0.04,PUSH
5.004,0.33715,0.21638,233.267,0.038,PUSH
5.005,0.33715,0.21638,233.267,0.035,PUSH
5.006,0.33715,0.21638,233.267,0.033,PUSH
5.007,0.33715,0.21638,233.267,0.031,PUSH
5.008,0.33715,0.21638,233.267,0.028,PUSH
5.009,0.33715,0.21638,233.267,0.026,PUSH
5.01,0.33715,0.21638,233.267,0.024,PUSH
5.011,0.33715,0.21638,233.267,0.023,PUSH
5.012,0.33715,0.21638,233.267,0.02,PUSH
5.013,0.33715,0.21638,233.267,0.018,PUSH
5.014,0.33715,0.21638,233.267,0.016,PUSH
5.015,0.33715,0.21638,233.267,0.014,PUSH
5.016,0.33715,0.21638,233.267,0.012,PUSH
5.017,0.33715,0.21638,233.267,0.01,PUSH
5.018,0.33715,0.21638,233.267,0.007,PUSH
5.019,0.33715,0.21638,233.267,0.006,PUSH
5.02,0.33715,0.21638,233.267,0.004,PUSH
5.021,0.33715,0.21638,233.267,0.003,PUSH
5.022,0.33715,0.21638,233.267,0.001,PUSH
5.023,0.33715,0.21638,233.267,0.001,PUSH
5.024,0.33715,0.21638,233.267,0.003,PUSH
5.025,0.33715,0.21638,233.267,0.005,PUSH
5.026,0.33715,0.21638,233.267,0.007,PUSH
5.027,0.33715,0.21638,233.267,0.008,PUSH
5.028,0.33715,0.21638,233.267,0.01,PUSH
5.029,0.33715,0.21638,233.267,0.012,PUSH
5.03,0.33715,0.21638,233.267,0.014,PUSH
5.031,0.33715,0.21638,233.267,0.016,PUSH
5.032,0.33715,0.21638,233.267,0.018,PUSH
5.033,0.33715,0.21638,233.267,0.02,PUSH
5.034,0.33866,0.21783,235.179,1.267,PUSH
5.035,0.33866,0.21783,235.179,1.269,PUSH
5.036,0.33866,0.21783,235.179,1.27,PUSH
5.037,0.33866,0.21783,235.179,1.271,PUSH
5.038,0.33866,0.21783,235.179,1.271,PUSH
5.039,0.33866,0.21783,235.179,1.273,PUSH
5.04,0.33866,0.21783,235.179,1.274,PUSH
5.041,0.33866,0.21783,235.179,1.275,PUSH
5.042,0.33866,0.21783,235.179,1.276,PUSH
5.043,0.33866,0.21783,235.179,1.277,PUSH
5.044,0.33866,0.21783,235.179,1.277,PUSH
5.045,0.33866,0.21783,235.179,1.278,PUSH
5.046,0.33866,0.21783,235.179,1.279,PUSH
5.047,0.33866,0.21783,235.179,1.279,PUSH
5.048,0.33866,0.21783,235.179,1.28,PUSH
5.049,0.33866,0.21783,235.179,1.281,PUSH
5.05,0.33866,0.21783,235.179,1.281,PUSH
5.051,0.33866,0.21783,235.179,1.281,PUSH
5.052,0.33866,0.21783,235.179,1.282,PUSH
5.053,0.33866,0.21783,235.179,1.284,PUSH
5.054,0.33866,0.21783,235.179,1.285,PUSH
5.055,0.33866,0.21783,235.179,1.286,PUSH
5.056,0.33866,0.21783,235.179,1.286,PUSH
5.057,0.33866,0.21783,235.179,1.286,PUSH
5.058,0.33866,0.21783,235.179,1.287,PUSH
5.059,0.33866,0.21783,235.179,1.287,PUSH
5.06,0.33866,0.21783,235.179,1.287,PUSH
5.061,0.33866,0.21783,235.179,1.288,PUSH
5.062,0.33866,0.21783,235.179,1.289,PUSH
5.063,0.33866,0.21783,235.179,1.289,PUSH
5.064,0.33866,0.21783,235.179,1.29,PUSH
5.065,0.33866,0.21783,235.179,1.291,PUSH
5.066,0.33866,0.21783,235.179,1.291,PUSH
5.067,0.34108,0.21452,233.057,6.336,PUSH
5.068,0.34108,0.21452,233.057,6.336,PUSH
5.069,0.34108,0.21452,233.057,6.335,PUSH
5.07,0.34108,0.21452,233.057,6.332,PUSH
5.071,0.34108,0.21452,233.057,6.331,PUSH
5.072,0.34108,0.21452,233.057,6.328,PUSH
5.073,0.34108,0.21452,233.057,6.325,PUSH
5.074,0.34108,0.21452,233.057,6.322,PUSH
5.075,0.34108,0.21452,233.057,6.319,PUSH
5.076,0.34108,0.21452,233.057,6.315,PUSH
5.077,0.34108,0.21452,233.057,6.312,PUSH
5.078,0.34108,0.21452,233.057,6.308,PUSH
5.079,0.34108,0.21452,233.057,6.303,PUSH
5.08,0.34108,0.21452,233.057,6.3,PUSH
5.081,0.34108,0.21452,233.057,6.296,PUSH
5.082,0.34108,0.21452,233.057,6.291,PUSH
5.083,0.34108,0.21452,233.057,6.288,PUSH
5.084,0.34108,0.21452,233.057,6.284,PUSH
5.085,0.34108,0.21452,233.057,6.279,PUSH
5.086,0.34108,0.21452,233.057,6.275,PUSH
5.087,0.34108,0.21452,233.057,6.271,PUSH
5.088,0.34108,0.21452,233.057,6.266,PUSH
5.089,0.34108,0.21452,233.057,6.263,PUSH
5.09,0.34108,0.21452,233.057,6.258,PUSH
5.091,0.34108,0.21452,233.057,6.253,PUSH
5.092,0.34108,0.21452,233.057,6.249,PUSH
5.093,0.34108,0.21452,233.057,6.245,PUSH
5.094,0.34108,0.21452,233.057,6.239,PUSH
5.095,0.34108,0.21452,233.057,6.234,PUSH
5.096,0.34108,0.21452,233.057,6.23,PUSH
5.097,0.34108,0.21452,233.057,6.227,PUSH
5.098,0.34108,0.21452,233.057,6.223,PUSH
5.099,0.34108,0.21452,233.057,6.218,PUSH
5.1,0.33945,0.21263,230.676,5.099,PUSH
5.101,0.33945,0.21263,230.676,5.093,PUSH
5.102,0.33945,0.21263,230.676,5.089,PUSH
5.103,0.33945,0.21263,230.676,5.086,PUSH
5.104,0.33945,0.21263,230.676,5.082,PUSH
5.105,0.33945,0.21263,230.676,5.078,PUSH
5.106,0.33945,0.21263,230.676,5.073,PUSH
5.107,0.33945,0.21263,230.676,5.068,PUSH
5.108,0.33945,0.21263,230.676,5.064,PUSH
5.109,0.33945,0.21263,230.676,5.062,PUSH
5.11,0.33945,0.21263,230.676,5.058,PUSH
5.111,0.33945,0.21263,230.676,5.054,PUSH
5.112,0.33945,0.21263,230.676,5.049,PUSH
5.113,0.33945,0.21263,230.676,5.044,PUSH
5.114,0.33945,0.21263,230.676,5.04,PUSH
5.115,0.33945,0.21263,230.676,5.036,PUSH
5.116,0.33945,0.21263,230.676,5.032,PUSH
5.117,0.33945,0.21263,230.676,5.028,PUSH
5.118,0.33945,0.21263,230.676,5.023,PUSH
5.119,0.33945,0.21263,230.676,5.018,PUSH
5.12,0.33945,0.21263,230.676,5.014,PUSH
5.121,0.33945,0.21263,230.676,5.01,PUSH
5.122,0.33945,0.21263,230.676,5.005,PUSH
5.123,0.33945,0.21263,230.676,5.001,PUSH
5.124,0.33945,0.21263,230.676,4.997,PUSH
5.125,0.33945,0.21263,230.676,4.992,PUSH
5.126,0.33945,0.21263,230.676,4.988,PUSH
5.127,0.33945,0.21263,230.676,4.984,PUSH
5.128,0.33945,0.21263,230.676,4.979,PUSH
5.129,0.33945,0.21263,230.676,4.974,PUSH
5.13,0.33945,0.21263,230.676,4.97,PUSH
5.131,0.33945,0.21263,230.676,4.965,PUSH
5.132,0.33945,0.21263,230.676,4.96,PUSH
5.133,0.33945,0.21263,230.676,4.956,PUSH
5.134,0.33584,0.21213,228.834,0.348,PUSH
5.135,0.33584,0.21213,228.834,0.344,PUSH
5.136,0.33584,0.21213,228.834,0.342,PUSH
5.137,0.33584,0.21213,228.834,0.339,PUSH
5.138,0.33584,0.21213,228.834,0.337,PUSH
5.139,0.33584,0.21213,228.834,0.336,PUSH
5.14,0.33584,0.21213,228.834,0.334,PUSH
5.141,0.33584,0.21213,228.834,0.332,PUSH
5.142,0.33584,0.21213,228.834,0.331,PUSH
5.143,0.33584,0.21213,228.834,0.33,PUSH
5.144,0.33584,0.21213,228.834,0.329,PUSH
5.145,0.33584,0.21213,228.834,0.327,PUSH
5.146,0.33584,0.21213,228.834,0.327,PUSH
5.147,0.33584,0.21213,228.834,0.326,PUSH
5.148,0.33584,0.21213,228.834,0.325,PUSH
5.149,0.33584,0.21213,228.834,0.324,PUSH
5.15,0.33584,0.21213,228.834,0.324,PUSH
5.151,0.33584,0.21213,228.834,0.323,PUSH
5.152,0.33584,0.21213,228.834,0.322,PUSH
5.153,0.33584,0.21213,228.834,0.323,PUSH
5.154,0.33584,0.21213,228.834,0.322,PUSH
5.155,0.33584,0.21213,228.834,0.322,PUSH
5.156,0.33584,0.21213,228.834,0.321,PUSH
5.157,0.33584,0.21213,228.834,0.321,PUSH
5.158,0.33584,0.21213,228.834,0.321,PUSH
5.159,0.33584,0.21213,228.834,0.321,PUSH
5.16,0.33584,0.21213,228.834,0.322,PUSH
5.161,0.33584,0.21213,228.834,0.322,PUSH
5.162,0.33584,0.21213,228.834,0.322,PUSH
5.163,0.33584,0.21213,228.834,0.321,PUSH
5.164,0.33584,0.21213,228.834,0.321,PUSH
5.165,0.33584,0.21213,228.834,0.322,PUSH
5.166,0.33584,0.21213,228.834,0.321,PUSH
5.167,0.33789,0.20784,225.662,5.545,PUSH
5.168,0.33789,0.20784,225.662,5.544,PUSH
5.169,0.33789,0.20784,225.662,5.542,PUSH
5.17,0.33789,0.20784,225.662,5.539,PUSH
5.171,0.33789,0.20784,225.662,5.537,PUSH
5.172,0.33789,0.20784,225.662,5.534,PUSH
5.173,0.33789,0.20784,225.662,5.53,PUSH
5.174,0.33789,0.20784,225.662,5.526,PUSH
5.175,0.33789,0.20784,225.662,5.523,PUSH
5.176,0.33789,0.20784,225.662,5.521,PUSH
5.177,0.33789,0.20784,225.662,5.517,PUSH
5.178,0.33789,0.20784,225.662,5.513,PUSH
5.179,0.33789,0.20784,225.662,5.509,PUSH
5.18,0.33789,0.20784,225.662,5.504,PUSH
5.181,0.33789,0.20784,225.662,5.5,PUSH
5.182,0.33789,0.20784,225.662,5.496,PUSH
5.183,0.33789,0.20784,225.662,5.492,PUSH
5.184,0.33789,0.20784,225.662,5.488,PUSH
5.185,0.33789,0.20784,225.662,5.484,PUSH
5.186,0.33789,0.20784,225.662,5.479,PUSH
5.187,0.33789,0.20784,225.662,5.476,PUSH
5.188,0.33789,0.20784,225.662,5.472,PUSH
5.189,0.33789,0.20784,225.662,5.467,PUSH
5.19,0.33789,0.20784,225.662,5.463,PUSH
5.191,0.33789,0.20784,225.662,5.459,PUSH
5.192,0.33789,0.20784,225.662,5.454,PUSH
5.193,0.33789,0.20784,225.662,5.448,PUSH
5.194,0.33789,0.20784,225.662,5.444,PUSH
5.195,0.33789,0.20784,225.662,5.439,PUSH
5.196,0.33789,0.20784,225.662,5.434,PUSH
5.197,0.33789,0.20784,225.662,5.43,PUSH
5.198,0.33789,0.20784,225.662,5.425,PUSH
5.199,0.33789,0.20784,225.662,5.42,PUSH
5.2,0.33789,0.20784,225.662,5.416,PUSH
5.201,0.33453,0.20717,223.754,1.17,PUSH
5.202,0.33453,0.20717,223.754,1.166,PUSH
5.203,0.33453,0.20717,223.754,1.162,PUSH
5.204,0.33453,0.20717,223.754,1.159,PUSH
5.205,0.33453,0.20717,223.754,1.156,PUSH
5.206,0.33453,0.20717,223.754,1.154,PUSH
5.207,0.33453,0.20717,223.754,1.152,PUSH
5.208,0.33453,0.20717,223.754,1.149,PUSH
5.209,0.33453,0.20717,223.754,1.147,PUSH
5.21,0.33453,0.20717,223.754,1.145,PUSH
5.211,0.33453,0.20717,223.754,1.144,PUSH
5.212,0.33453,0.20717,223.754,1.142,PUSH
5.213,0.33453,0.20717,223.754,1.141,PUSH
5.214,0.33453,0.20717,223.754,1.139,PUSH
5.215,0.33453,0.20717,223.754,1.138,PUSH
5.216,0.33453,0.20717,223.754,1.136,PUSH
5.217,0.33453,0.20717,223.754,1.135,PUSH
5.218,0.33453,0.20717,223.754,1.134,PUSH
5.219,0.33453,0.20717,223.754,1.133,PUSH
5.22,0.33453,0.20717,223.754,1.132,PUSH
5.221,0.33453,0.20717,223.754,1.132,PUSH
5.222,0.33453,0.20717,223.754,1.13,PUSH
5.223,0.33453,0.20717,223.754,1.129,PUSH
5.224,0.33453,0.20717,223.754,1.128,PUSH
5.225,0.33453,0.20717,223.754,1.128,PUSH
5.226,0.33453,0.20717,223.754,1.126,PUSH
5.227,0.33453,0.20717,223.754,1.126,PUSH
5.228,0.33453,0.20717,223.754,1.125,PUSH
5.229,0.33453,0.20717,223.754,1.124,PUSH
5.23,0.33453,0.20717,223.754,1.123,PUSH
5.231,0.33453,0.20717,223.754,1.123,PUSH
5.232,0.33453,0.20717,223.754,1.122,PUSH
5.233,0.33453,0.20717,223.754,1.121,PUSH
5.234,0.33257,0.20729,223.128,1.678,PUSH
5.235,0.33257,0.20729,223.128,1.678,PUSH
5.236,0.33257,0.20729,223.128,1.678,PUSH
5.237,0.33257,0.20729,223.128,1.678,PUSH
5.238,0.33257,0.20729,223.128,1.677,PUSH
5.239,0.33257,0.20729,223.128,1.676,PUSH
5.24,0.33257,0.20729,223.128,1.676,PUSH
5.241,0.33257,0.20729,223.128,1.674,PUSH
5.242,0.33257,0.20729,223.128,1.673,PUSH
5.243,0.33257,0.20729,223.128,1.672,PUSH
5.244,0.33257,0.20729,223.128,1.671,PUSH
5.245,0.33257,0.20729,223.128,1.669,PUSH
5.246,0.33257,0.20729,223.128,1.667,PUSH
5.247,0.33257,0.20729,223.128,1.666,PUSH
5.248,0.33257,0.20729,223.128,1.665,PUSH
5.249,0.33257,0.20729,223.128,1.663,PUSH
5.25,0.33257,0.20729,223.128,1.661,PUSH
5.251,0.33257,0.20729,223.128,1.66,PUSH
5.252,0.33257,0.20729,223.128,1.657,PUSH
5.253,0.33257,0.20729,223.128,1.656,PUSH
5.254,0.33257,0.20729,223.128,1.654,PUSH
5.255,0.33257,0.20729,223.128,1.653,PUSH
5.256,0.33257,0.20729,223.128,1.651,PUSH
5.257,0.33257,0.20729,223.128,1.649,PUSH
5.258,0.33257,0.20729,223.128,1.647,PUSH
5.259,0.33257,0.20729,223.128,1.646,PUSH
5.26,0.33257,0.20729,223.128,1.644,PUSH
5.261,0.33257,0.20729,223.128,1.642,PUSH
5.262,0.33257,0.20729,223.128,1.64,PUSH
5.263,0.33257,0.20729,223.128,1.638,PUSH
5.264,0.33257,0.20729,223.128,1.636,PUSH
5.265,0.33257,0.20729,223.128,1.634,PUSH
5.266,0.33257,0.20729,223.128,1.633,PUSH
5.267,0.33204,0.20406,219.938,0.555,PUSH
5.268,0.33204,0.20406,219.938,0.554,PUSH
5.269,0.33204,0.20406,219.938,0.552,PUSH
5.27,0.33204,0.20406,219.938,0.551,PUSH
5.271,0.33204,0.20406,219.938,0.549,PUSH
5.272,0.33204,0.20406,219.938,0.548,PUSH
5.273,0.33204,0.20406,219.938,0.547,PUSH
5.274,0.33204,0.20406,219.938,0.545,PUSH
5.275,0.33204,0.20406,219.938,0.543,PUSH
5.276,0.33204,0.20406,219.938,0.542,PUSH
5.277,0.33204,0.20406,219.938,0.541,PUSH
5.278,0.33204,0.20406,219.938,0.54,PUSH
5.279,0.33204,0.20406,219.938,0.538,PUSH
5.28,0.33204,0.20406,219.938,0.537,PUSH
5.281,0.33204,0.20406,219.938,0.536,PUSH
5.282,0.33204,0.20406,219.938,0.535,PUSH
5.283,0.33204,0.20406,219.938,0.533,PUSH
5.284,0.33204,0.20406,219.938,0.532,PUSH
5.285,0.33204,0.20406,219.938,0.53,PUSH
5.286,0.33204,0.20406,219.938,0.529,PUSH
5.287,0.33204,0.20406,219.938,0.527,PUSH
5.288,0.33204,0.20406,219.938,0.527,PUSH
5.289,0.33204,0.20406,219.938,0.525,PUSH
5.29,0.33204,0.20406,219.938,0.523,PUSH
5.291,0.33204,0.20406,219.938,0.522,PUSH
5.292,0.33204,0.20406,219.938,0.521,PUSH
5.293,0.33204,0.20406,219.938,0.519,PUSH
5.294,0.33204,0.20406,219.938,0.518,PUSH
5.295,0.33204,0.20406,219.938,0.517,PUSH
5.296,0.33204,0.20406,219.938,0.516,PUSH
5.297,0.33204,0.20406,219.938,0.514,PUSH
5.298,0.33204,0.20406,219.938,0.513,PUSH
5.299,0.33204,0.20406,219.938,0.512,PUSH
5.3,0.33204,0.20406,219.938,0.51,PUSH
5.301,0.33489,0.20316,220.181,3.996,PUSH
5.302,0.33489,0.20316,220.181,3.996,PUSH
5.303,0.33489,0.20316,220.181,3.996,PUSH
5.304,0.33489,0.20316,220.181,3.996,PUSH
5.305,0.33489,0.20316,220.181,3.994,PUSH
5.306,0.33489,0.20316,220.181,3.994,PUSH
5.307,0.33489,0.20316,220.181,3.992,PUSH
5.308,0.33489,0.20316,220.181,3.99,PUSH
5.309,0.33489,0.20316,220.181,3.988,PUSH
5.31,0.33489,0.20316,220.181,3.987,PUSH
5.311,0.33489,0.20316,220.181,3.985,PUSH
5.312,0.33489,0.20316,220.181,3.983,PUSH
5.313,0.33489,0.20316,220.181,3.982,PUSH
5.314,0.33489,0.20316,220.181,3.979,PUSH
5.315,0.33489,0.20316,220.181,3.976,PUSH
5.316,0.33489,0.20316,220.181,3.975,PUSH
5.317,0.33489,0.20316,220.181,3.972,PUSH
5.318,0.33489,0.20316,220.181,3.969,PUSH
5.319,0.33489,0.20316,220.181,3.968,PUSH
5.32,0.33489,0.20316,220.181,3.965,PUSH
5.321,0.33489,0.20316,220.181,3.963,PUSH
5.322,0.33489,0.20316,220.181,3.961,PUSH
5.323,0.33489,0.20316,220.181,3.958,PUSH
5.324,0.33489,0.20316,220.181,3.956,PUSH
5.325,0.33489,0.20316,220.181,3.954,PUSH
5.326,0.33489,0.20316,220.181,3.951,PUSH
5.327,0.33489,0.20316,220.181,3.948,PUSH
5.328,0.33489,0.20316,220.181,3.944,PUSH
5.329,0.33489,0.20316,220.181,3.942,PUSH
5.33,0.33489,0.20316,220.181,3.939,PUSH
5.331,0.33489,0.20316,220.181,3.938,PUSH
5.332,0.33489,0.20316,220.181,3.935,PUSH
5.333,0.33489,0.20316,220.181,3.932,PUSH
5.334,0.33743,0.20375,221.715,7.118,PUSH
5.335,0.33743,0.20375,221.715,7.115,PUSH
5.336,0.33743,0.20375,221.715,7.11,PUSH
5.337,0.33743,0.20375,221.715,7.106,PUSH
5.338,0.33743,0.20375,221.715,7.102,PUSH
5.339,0.33743,0.20375,221.715,7.097,PUSH
5.34,0.33743,0.20375,221.715,7.091,PUSH
5.341,0.33743,0.20375,221.715,7.087,PUSH
5.342,0.33743,0.20375,221.715,7.082,PUSH
5.343,0.33743,0.20375,221.715,7.076,PUSH
5.344,0.33743,0.20375,221.715,7.071,PUSH
5.345,0.33743,0.20375,221.715,7.065,PUSH
5.346,0.33743,0.20375,221.715,7.059,PUSH
5.347,0.33743,0.20375,221.715,7.054,PUSH
5.348,0.33743,0.20375,221.715,7.048,PUSH
5.349,0.33743,0.20375,221.715,7.042,PUSH
5.35,0.33743,0.20375,221.715,7.037,PUSH
5.351,0.33743,0.20375,221.715,7.031,PUSH
5.352,0.33743,0.20375,221.715,7.024,PUSH
5.353,0.33743,0.20375,221.715,7.019,PUSH
5.354,0.33743,0.20375,221.715,7.013,PUSH
5.355,0.33743,0.20375,221.715,7.006,PUSH
5.356,0.33743,0.20375,221.715,7.001,PUSH
5.357,0.33743,0.20375,221.715,6.995,PUSH
5.358,0.33743,0.20375,221.715,6.988,PUSH
5.359,0.33743,0.20375,221.715,6.983,PUSH
5.36,0.33743,0.20375,221.715,6.976,PUSH
5.361,0.33743,0.20375,221.715,6.97,PUSH
5.362,0.33743,0.20375,221.715,6.964,PUSH
5.363,0.33743,0.20375,221.715,6.958,PUSH
5.364,0.33743,0.20375,221.715,6.951,PUSH
5.365,0.33743,0.20375,221.715,6.945,PUSH
5.366,0.33743,0.20375,221.715,6.939,PUSH
5.367,0.33888,0.20429,222.788,8.593,PUSH
5.368,0.33888,0.20429,222.788,8.585,PUSH
5.369,0.33888,0.20429,222.788,8.579,PUSH
5.37,0.33888,0.20429,222.788,8.573,PUSH
5.371,0.33888,0.20429,222.788,8.566,PUSH
5.372,0.33888,0.20429,222.788,8.559,PUSH
5.373,0.33888,0.20429,222.788,8.551,PUSH
5.374,0.33888,0.20429,222.788,8.542,PUSH
5.375,0.33888,0.20429,222.788,8.535,PUSH
5.376,0.33888,0.20429,222.788,8.528,PUSH
5.377,0.33888,0.20429,222.788,8.521,PUSH
5.378,0.33888,0.20429,222.788,8.513,PUSH
5.379,0.33888,0.20429,222.788,8.504,PUSH
5.38,0.33888,0.20429,222.788,8.497,PUSH
5.381,0.33888,0.20429,222.788,8.489,PUSH
5.382,0.33888,0.20429,222.788,8.48,PUSH
5.383,0.33888,0.20429,222.788,8.473,PUSH
5.384,0.33888,0.20429,222.788,8.464,PUSH
5.385,0.33888,0.20429,222.788,8.456,PUSH
5.386,0.33888,0.20429,222.788,8.448,PUSH
5.387,0.33888,0.20429,222.788,8.44,PUSH
5.388,0.33888,0.20429,222.788,8.431,PUSH
5.389,0.33888,0.20429,222.788,8.424,PUSH
5.39,0.33888,0.20429,222.788,8.415,PUSH
5.391,0.33888,0.20429,222.788,8.407,PUSH
5.392,0.33888,0.20429,222.788,8.399,PUSH
5.393,0.33888,0.20429,222.788,8.391,PUSH
5.394,0.33888,0.20429,222.788,8.382,PUSH
5.395,0.33888,0.20429,222.788,8.372,PUSH
5.396,0.33888,0.20429,222.788,8.364,PUSH
5.397,0.33888,0.20429,222.788,8.358,PUSH
5.398,0.33888,0.20429,222.788,8.35,PUSH
5.399,0.33888,0.20429,222.788,8.341,PUSH
5.4,0.33888,0.20429,222.788,8.332,PUSH
5.401,0.33687,0.20693,224.425,4.046,PUSH
5.402,0.33687,0.20693,224.425,4.039,PUSH
5.403,0.33687,0.20693,224.425,4.033,PUSH
5.404,0.33687,0.20693,224.425,4.027,PUSH
5.405,0.33687,0.20693,224.425,4.021,PUSH
5.406,0.33687,0.20693,224.425,4.014,PUSH
5.407,0.33687,0.20693,224.425,4.009,PUSH
5.408,0.33687,0.20693,224.425,4.003,PUSH
5.409,0.33687,0.20693,224.425,3.997,PUSH
5.41,0.33687,0.20693,224.425,3.991,PUSH
5.411,0.33687,0.20693,224.425,3.986,PUSH
5.412,0.33687,0.20693,224.425,3.98,PUSH
5.413,0.33687,0.20693,224.425,3.976,PUSH
5.414,0.33687,0.20693,224.425,3.971,PUSH
5.415,0.33687,0.20693,224.425,3.966,PUSH
5.416,0.33687,0.20693,224.425,3.96,PUSH
5.417,0.33687,0.20693,224.425,3.954,PUSH
5.418,0.33687,0.20693,224.425,3.95,PUSH
5.419,0.33687,0.20693,224.425,3.946,PUSH
5.42,0.33687,0.20693,224.425,3.941,PUSH
5.421,0.33687,0.20693,224.425,3.936,PUSH
5.422,0.33687,0.20693,224.425,3.931,PUSH
5.423,0.33687,0.20693,224.425,3.926,PUSH
5.424,0.33687,0.20693,224.425,3.921,PUSH
5.425,0.33687,0.20693,224.425,3.916,PUSH
5.426,0.33687,0.20693,224.425,3.911,PUSH
5.427,0.33687,0.20693,224.425,3.907,PUSH
5.428,0.33687,0.20693,224.425,3.903,PUSH
5.429,0.33687,0.20693,224.425,3.899,PUSH
5.43,0.33687,0.20693,224.425,3.895,PUSH
5.431,0.33687,0.20693,224.425,3.891,PUSH
5.432,0.33687,0.20693,224.425,3.886,PUSH
5.433,0.33687,0.20693,224.425,3.882,PUSH
5.434,0.33616,0.20685,224.077,2.96,PUSH
5.435,0.33616,0.20685,224.077,2.956,PUSH
5.436,0.33616,0.20685,224.077,2.952,PUSH
5.437,0.33616,0.20685,224.077,2.949,PUSH
5.438,0.33616,0.20685,224.077,2.945,PUSH
5.439,0.33616,0.20685,224.077,2.942,PUSH
5.44,0.33616,0.20685,224.077,2.938,PUSH
5.441,0.33616,0.20685,224.077,2.935,PUSH
5.442,0.33616,0.20685,224.077,2.931,PUSH
5.443,0.33616,0.20685,224.077,2.928,PUSH
5.444,0.33616,0.20685,224.077,2.925,PUSH
5.445,0.33616,0.20685,224.077,2.922,PUSH
5.446,0.33616,0.20685,224.077,2.918,PUSH
5.447,0.33616,0.20685,224.077,2.915,PUSH
5.448,0.33616,0.20685,224.077,2.912,PUSH
5.449,0.33616,0.20685,224.077,2.908,PUSH
5.45,0.33616,0.20685,224.077,2.905,PUSH
5.451,0.33616,0.20685,224.077,2.901,PUSH
5.452,0.33616,0.20685,224.077,2.899,PUSH
5.453,0.33616,0.20685,224.077,2.896,PUSH
5.454,0.33616,0.20685,224.077,2.892,PUSH
5.455,0.33616,0.20685,224.077,2.89,PUSH
5.456,0.33616,0.20685,224.077,2.887,PUSH
5.457,0.33616,0.20685,224.077,2.884,PUSH
5.458,0.33616,0.20685,224.077,2.88,PUSH
5.459,0.33616,0.20685,224.077,2.877,PUSH
5.46,0.33616,0.20685,224.077,2.874,PUSH
5.461,0.33616,0.20685,224.077,2.871,PUSH
5.462,0.33616,0.20685,224.077,2.867,PUSH
5.463,0.33616,0.20685,224.077,2.865,PUSH
5.464,0.33616,0.20685,224.077,2.862,PUSH
5.465,0.33616,0.20685,224.077,2.858,PUSH
5.466,0.33616,0.20685,224.077,2.856,PUSH
5.467,0.33242,0.207,222.806,2.351,PUSH
5.468,0.33242,0.207,222.806,2.353,PUSH
5.469,0.33242,0.207,222.806,2.354,PUSH
5.47,0.33242,0.207,222.806,2.355,PUSH
5.471,0.33242,0.207,222.806,2.355,PUSH
5.472,0.33242,0.207,222.806,2.355,PUSH
5.473,0.33242,0.207,222.806,2.355,PUSH
5.474,0.33242,0.207,222.806,2.354,PUSH
5.475,0.33242,0.207,222.806,2.353,PUSH
5.476,0.33242,0.207,222.806,2.353,PUSH
5.477,0.33242,0.207,222.806,2.352,PUSH
5.478,0.33242,0.207,222.806,2.351,PUSH
5.479,0.33242,0.207,222.806,2.35,PUSH
5.48,0.33242,0.207,222.806,2.349,PUSH
5.481,0.33242,0.207,222.806,2.348,PUSH
5.482,0.33242,0.207,222.806,2.347,PUSH
5.483,0.33242,0.207,222.806,2.346,PUSH
5.484,0.33242,0.207,222.806,2.345,PUSH
5.485,0.33242,0.207,222.806,2.343,PUSH
5.486,0.33242,0.207,222.806,2.342,PUSH
5.487,0.33242,0.207,222.806,2.341,PUSH
5.488,0.33242,0.207,222.806,2.339,PUSH
5.489,0.33242,0.207,222.806,2.338,PUSH
5.49,0.33242,0.207,222.806,2.336,PUSH
5.491,0.33242,0.207,222.806,2.335,PUSH
5.492,0.33242,0.207,222.806,2.333,PUSH
5.493,0.33242,0.207,222.806,2.331,PUSH
5.494,0.33242,0.207,222.806,2.329,PUSH
5.495,0.33242,0.207,222.806,2.328,PUSH
5.496,0.33242,0.207,222.806,2.326,PUSH
5.497,0.33242,0.207,222.806,2.324,PUSH
5.498,0.33242,0.207,222.806,2.322,PUSH
5.499,0.33242,0.207,222.806,2.32,PUSH
5.5,0.33242,0.207,222.806,2.318,PUSH
5.501,0.3277,0.20865,222.646,9.719,PUSH
5.502,0.3277,0.20865,222.646,9.715,PUSH
5.503,0.3277,0.20865,222.646,9.711,PUSH
5.504,0.3277,0.20865,222.646,9.705,PUSH
5.505,0.3277,0.20865,222.646,9.699,PUSH
5.506,0.3277,0.20865,222.646,9.693,PUSH
5.507,0.3277,0.20865,222.646,9.687,PUSH
5.508,0.3277,0.20865,222.646,9.68,PUSH
5.509,0.3277,0.20865,222.646,9.673,PUSH
5.51,0.3277,0.20865,222.646,9.666,PUSH
5.511,0.3277,0.20865,222.646,9.659,PUSH
5.512,0.3277,0.20865,222.646,9.651,PUSH
5.513,0.3277,0.20865,222.646,9.644,PUSH
5.514,0.3277,0.20865,222.646,9.636,PUSH
5.515,0.3277,0.20865,222.646,9.628,PUSH
5.516,0.3277,0.20865,222.646,9.62,PUSH
5.517,0.3277,0.20865,222.646,9.612,PUSH
5.518,0.3277,0.20865,222.646,9.603,PUSH
5.519,0.3277,0.20865,222.646,9.595,PUSH
5.52,0.3277,0.20865,222.646,9.586,PUSH
5.521,0.3277,0.20865,222.646,9.577,PUSH
5.522,0.3277,0.20865,222.646,9.569,PUSH
5.523,0.3277,0.20865,222.646,9.56,PUSH
5.524,0.3277,0.20865,222.646,9.551,PUSH
5.525,0.3277,0.20865,222.646,9.543,PUSH
5.526,0.3277,0.20865,222.646,9.534,PUSH
5.527,0.3277,0.20865,222.646,9.525,PUSH
5.528,0.3277,0.20865,222.646,9.516,PUSH
5.529,0.3277,0.20865,222.646,9.507,PUSH
5.53,0.3277,0.20865,222.646,9.498,PUSH
5.531,0.3277,0.20865,222.646,9.489,PUSH
5.532,0.3277,0.20865,222.646,9.48,PUSH
5.533,0.3277,0.20865,222.646,9.471,PUSH
5.534,0.33222,0.20566,221.483,1.612,PUSH
5.535,0.33222,0.20566,221.483,1.604,PUSH
5.536,0.33222,0.20566,221.483,1.598,PUSH
5.537,0.33222,0.20566,221.483,1.593,PUSH
5.538,0.33222,0.20566,221.483,1.588,PUSH
5.539,0.33222,0.20566,221.483,1.583,PUSH
5.54,0.33222,0.20566,221.483,1.579,PUSH
5.541,0.33222,0.20566,221.483,1.575,PUSH
5.542,0.33222,0.20566,221.483,1.57,PUSH
5.543,0.33222,0.20566,221.483,1.566,PUSH
5.544,0.33222,0.20566,221.483,1.563,PUSH
5.545,0.33222,0.20566,221.483,1.559,PUSH
5.546,0.33222,0.20566,221.483,1.555,PUSH
5.547,0.33222,0.20566,221.483,1.552,PUSH
5.548,0.33222,0.20566,221.483,1.548,PUSH
5.549,0.33222,0.20566,221.483,1.544,PUSH
5.55,0.33222,0.20566,221.483,1.541,PUSH
5.551,0.33222,0.20566,221.483,1.538,PUSH
5.552,0.33222,0.20566,221.483,1.534,PUSH
5.553,0.33222,0.20566,221.483,1.531,PUSH
5.554,0.33222,0.20566,221.483,1.528,PUSH
5.555,0.33222,0.20566,221.483,1.525,PUSH
5.556,0.33222,0.20566,221.483,1.522,PUSH
5.557,0.33222,0.20566,221.483,1.519,PUSH
5.558,0.33222,0.20566,221.483,1.516,PUSH
5.559,0.33222,0.20566,221.483,1.513,PUSH
5.56,0.33222,0.20566,221.483,1.51,PUSH
5.561,0.33222,0.20566,221.483,1.507,PUSH
5.562,0.33222,0.20566,221.483,1.505,PUSH
5.563,0.33222,0.20566,221.483,1.502,PUSH
5.564,0.33222,0.20566,221.483,1.499,PUSH
5.565,0.33222,0.20566,221.483,1.497,PUSH
5.566,0.33222,0.20566,221.483,1.493,PUSH
5.567,0.3316,0.20362,219.357,1.221,PUSH
5.568,0.3316,0.20362,219.357,1.219,PUSH
5.569,0.3316,0.20362,219.357,1.217,PUSH
5.57,0.3316,0.20362,219.357,1.214,PUSH
5.571,0.3316,0.20362,219.357,1.211,PUSH
5.572,0.3316,0.20362,219.357,1.209,PUSH
5.573,0.3316,0.20362,219.357,1.206,PUSH
5.574,0.3316,0.20362,219.357,1.204,PUSH
5.575,0.3316,0.20362,219.357,1.202,PUSH
5.576,0.3316,0.20362,219.357,1.2,PUSH
5.577,0.3316,0.20362,219.357,1.197,PUSH
5.578,0.3316,0.20362,219.357,1.195,PUSH
5.579,0.3316,0.20362,219.357,1.193,PUSH
5.58,0.3316,0.20362,219.357,1.19,PUSH
5.581,0.3316,0.20362,219.357,1.187,PUSH
5.582,0.3316,0.20362,219.357,1.185,PUSH
5.583,0.3316,0.20362,219.357,1.183,PUSH
5.584,0.3316,0.20362,219.357,1.18,PUSH
5.585,0.3316,0.20362,219.357,1.178,PUSH
5.586,0.3316,0.20362,219.357,1.176,PUSH
5.587,0.3316,0.20362,219.357,1.173,PUSH
5.588,0.3316,0.20362,219.357,1.17,PUSH
5.589,0.3316,0.20362,219.357,1.168,PUSH
5.59,0.3316,0.20362,219.357,1.166,PUSH
5.591,0.3316,0.20362,219.357,1.163,PUSH
5.592,0.3316,0.20362,219.357,1.161,PUSH
5.593,0.3316,0.20362,219.357,1.159,PUSH
5.594,0.3316,0.20362,219.357,1.156,PUSH
5.595,0.3316,0.20362,219.357,1.153,PUSH
5.596,0.3316,0.20362,219.357,1.151,PUSH
5.597,0.3316,0.20362,219.357,1.149,PUSH
5.598,0.3316,0.20362,219.357,1.146,PUSH
5.599,0.3316,0.20362,219.357,1.144,PUSH
5.6,0.3347,0.20284,219.81,3.589,PUSH
5.601,0.3347,0.20284,219.81,3.591,PUSH
5.602,0.3347,0.20284,219.81,3.592,PUSH
5.603,0.3347,0.20284,219.81,3.592,PUSH
5.604,0.3347,0.20284,219.81,3.592,PUSH
5.605,0.3347,0.20284,219.81,3.592,PUSH
5.606,0.3347,0.20284,219.81,3.591,PUSH
5.607,0.3347,0.20284,219.81,3.59,PUSH
5.608,0.3347,0.20284,219.81,3.59,PUSH
5.609,0.3347,0.20284,219.81,3.589,PUSH
5.61,0.3347,0.20284,219.81,3.588,PUSH
5.611,0.3347,0.20284,219.81,3.588,PUSH
5.612,0.3347,0.20284,219.81,3.587,PUSH
5.613,0.3347,0.20284,219.81,3.585,PUSH
5.614,0.3347,0.20284,219.81,3.584,PUSH
5.615,0.3347,0.20284,219.81,3.583,PUSH
5.616,0.3347,0.20284,219.81,3.581,PUSH
5.617,0.3347,0.20284,219.81,3.581,PUSH
5.618,0.3347,0.20284,219.81,3.579,PUSH
5.619,0.3347,0.20284,219.81,3.577,PUSH
5.62,0.3347,0.20284,219.81,3.576,PUSH
5.621,0.3347,0.20284,219.81,3.575,PUSH
5.622,0.3347,0.20284,219.81,3.573,PUSH
5.623,0.3347,0.20284,219.81,3.572,PUSH
5.624,0.3347,0.20284,219.81,3.57,PUSH
5.625,0.3347,0.20284,219.81,3.568,PUSH
5.626,0.3347,0.20284,219.81,3.567,PUSH
5.627,0.3347,0.20284,219.81,3.565,PUSH
5.628,0.3347,0.20284,219.81,3.562,PUSH
5.629,0.3347,0.20284,219.81,3.561,PUSH
5.63,0.3347,0.20284,219.81,3.559,PUSH
5.631,0.3347,0.20284,219.81,3.557,PUSH
5.632,0.3347,0.20284,219.81,3.555,PUSH
5.633,0.3347,0.20284,219.81,3.553,PUSH
5.634,0.33196,0.20136,217.402,0.594,PUSH
5.635,0.33196,0.20136,217.402,0.593,PUSH
5.636,0.33196,0.20136,217.402,0.591,PUSH
5.637,0.33196,0.20136,217.402,0.59,PUSH
5.638,0.33196,0.20136,217.402,0.59,PUSH
5.639,0.33196,0.20136,217.402,0.59,PUSH
5.64,0.33196,0.20136,217.402,0.589,PUSH
5.641,0.33196,0.20136,217.402,0.589,PUSH
5.642,0.33196,0.20136,217.402,0.589,PUSH
5.643,0.33196,0.20136,217.402,0.589,PUSH
5.644,0.33196,0.20136,217.402,0.589,PUSH
5.645,0.33196,0.20136,217.402,0.589,PUSH
5.646,0.33196,0.20136,217.402,0.589,PUSH
5.647,0.33196,0.20136,217.402,0.588,PUSH
5.648,0.33196,0.20136,217.402,0.589,PUSH
5.649,0.33196,0.20136,217.402,0.589,PUSH
5.65,0.33196,0.20136,217.402,0.589,PUSH
5.651,0.33196,0.20136,217.402,0.59,PUSH
5.652,0.33196,0.20136,217.402,0.59,PUSH
5.653,0.33196,0.20136,217.402,0.59,PUSH
5.654,0.33196,0.20136,217.402,0.591,PUSH
5.655,0.33196,0.20136,217.402,0.591,PUSH
5.656,0.33196,0.20136,217.402,0.591,PUSH
5.657,0.33196,0.20136,217.402,0.591,PUSH
5.658,0.33196,0.20136,217.402,0.592,PUSH
5.659,0.33196,0.20136,217.402,0.592,PUSH
5.66,0.33196,0.20136,217.402,0.592,PUSH
5.661,0.33196,0.20136,217.402,0.593,PUSH
5.662,0.33196,0.20136,217.402,0.594,PUSH
5.663,0.33196,0.20136,217.402,0.594,PUSH
5.664,0.33196,0.20136,217.402,0.595,PUSH
5.665,0.33196,0.20136,217.402,0.596,PUSH
5.666,0.33196,0.20136,217.402,0.596,PUSH
5.667,0.33099,0.20249,218.084,1.38,PUSH
5.668,0.33099,0.20249,218.084,1.379,PUSH
5.669,0.33099,0.20249,218.084,1.378,PUSH
5.67,0.33099,0.20249,218.084,1.377,PUSH
5.671,0.33099,0.20249,218.084,1.375,PUSH
5.672,0.33099,0.20249,218.084,1.373,PUSH
5.673,0.33099,0.20249,218.084,1.371,PUSH
5.674,0.33099,0.20249,218.084,1.369,PUSH
5.675,0.33099,0.20249,218.084,1.367,PUSH
5.676,0.33099,0.20249,218.084,1.366,PUSH
5.677,0.33099,0.20249,218.084,1.364,PUSH
5.678,0.33099,0.20249,218.084,1.362,PUSH
5.679,0.33099,0.20249,218.084,1.36,PUSH
5.68,0.33099,0.20249,218.084,1.358,PUSH
5.681,0.33099,0.20249,218.084,1.356,PUSH
5.682,0.33099,0.20249,218.084,1.354,PUSH
5.683,0.33099,0.20249,218.084,1.352,PUSH
5.684,0.33099,0.20249,218.084,1.35,PUSH
5.685,0.33099,0.20249,218.084,1.348,PUSH
5.686,0.33099,0.20249,218.084,1.346,PUSH
5.687,0.33099,0.20249,218.084,1.344,PUSH
5.688,0.33099,0.20249,218.084,1.342,PUSH
5.689,0.33099,0.20249,218.084,1.339,PUSH
5.69,0.33099,0.20249,218.084,1.337,PUSH
5.691,0.33099,0.20249,218.084,1.336,PUSH
5.692,0.33099,0.20249,218.084,1.333,PUSH
5.693,0.33099,0.20249,218.084,1.331,PUSH
5.694,0.33099,0.20249,218.084,1.329,PUSH
5.695,0.33099,0.20249,218.084,1.326,PUSH
5.696,0.33099,0.20249,218.084,1.324,PUSH
5.697,0.33099,0.20249,218.084,1.322,PUSH
5.698,0.33099,0.20249,218.084,1.32,PUSH
5.699,0.33099,0.20249,218.084,1.318,PUSH
5.7,0.33099,0.20249,218.084,1.315,PUSH
5.701,0.33094,0.20044,216.165,0.234,PUSH
5.702,0.33094,0.20044,216.165,0.231,PUSH
5.703,0.33094,0.20044,216.165,0.229,PUSH
5.704,0.33094,0.20044,216.165,0.228,PUSH
5.705,0.33094,0.20044,216.165,0.226,PUSH
5.706,0.33094,0.20044,216.165,0.224,PUSH
5.707,0.33094,0.20044,216.165,0.223,PUSH
5.708,0.33094,0.20044,216.165,0.221,PUSH
5.709,0.33094,0.20044,216.165,0.219,PUSH
5.71,0.33094,0.20044,216.165,0.217,PUSH
5.711,0.33094,0.20044,216.165,0.216,PUSH
5.712,0.33094,0.20044,216.165,0.215,PUSH
5.713,0.33094,0.20044,216.165,0.213,PUSH
5.714,0.33094,0.20044,216.165,0.212,PUSH
5.715,0.33094,0.20044,216.165,0.209,PUSH
5.716,0.33094,0.20044,216.165,0.208,PUSH
5.717,0.33094,0.20044,216.165,0.206,PUSH
5.718,0.33094,0.20044,216.165,0.205,PUSH
5.719,0.33094,0.20044,216.165,0.203,PUSH
5.72,0.33094,0.20044,216.165,0.202,PUSH
5.721,0.33094,0.20044,216.165,0.201,PUSH
5.722,0.33094,0.20044,216.165,0.199,PUSH
5.723,0.33094,0.20044,216.165,0.198,PUSH
5.724,0.33094,0.20044,216.165,0.197,PUSH
5.725,0.33094,0.20044,216.165,0.196,PUSH
5.726,0.33094,0.20044,216.165,0.194,PUSH
5.727,0.33094,0.20044,216.165,0.191,PUSH
5.728,0.33094,0.20044,216.165,0.189,PUSH
5.729,0.33094,0.20044,216.165,0.188,PUSH
5.73,0.33094,0.20044,216.165,0.187,PUSH
5.731,0.33094,0.20044,216.165,0.186,PUSH
5.732,0.33094,0.20044,216.165,0.185,PUSH
5.733,0.33094,0.20044,216.165,0.183,PUSH
5.734,0.33143,0.2001,216.035,0.685,PUSH
5.735,0.33143,0.2001,216.035,0.687,PUSH
5.736,0.33143,0.2001,216.035,0.688,PUSH
5.737,0.33143,0.2001,216.035,0.689,PUSH
5.738,0.33143,0.2001,216.035,0.69,PUSH
5.739,0.33143,0.2001,216.035,0.691,PUSH
5.74,0.33143,0.2001,216.035,0.692,PUSH
5.741,0.33143,0.2001,216.035,0.692,PUSH
5.742,0.33143,0.2001,216.035,0.694,PUSH
5.743,0.33143,0.2001,216.035,0.696,PUSH
5.744,0.33143,0.2001,216.035,0.697,PUSH
5.745,0.33143,0.2001,216.035,0.698,PUSH
5.746,0.33143,0.2001,216.035,0.698,PUSH
5.747,0.33143,0.2001,216.035,0.698,PUSH
5.748,0.33143,0.2001,216.035,0.699,PUSH
5.749,0.33143,0.2001,216.035,0.7,PUSH
5.75,0.33143,0.2001,216.035,0.7,PUSH
5.751,0.33143,0.2001,216.035,0.701,PUSH
5.752,0.33143,0.2001,216.035,0.702,PUSH
5.753,0.33143,0.2001,216.035,0.703,PUSH
5.754,0.33143,0.2001,216.035,0.704,PUSH
5.755,0.33143,0.2001,216.035,0.705,PUSH
5.756,0.33143,0.2001,216.035,0.706,PUSH
5.757,0.33143,0.2001,216.035,0.707,PUSH
5.758,0.33143,0.2001,216.035,0.708,PUSH
5.759,0.33143,0.2001,216.035,0.708,PUSH
5.76,0.33143,0.2001,216.035,0.708,PUSH
5.761,0.33143,0.2001,216.035,0.709,PUSH
5.762,0.33143,0.2001,216.035,0.71,PUSH
5.763,0.33143,0.2001,216.035,0.712,PUSH
5.764,0.33143,0.2001,216.035,0.712,PUSH
5.765,0.33143,0.2001,216.035,0.713,PUSH
5.766,0.33143,0.2001,216.035,0.713,PUSH
5.767,0.33075,0.20088,216.503,0.665,PUSH
5.768,0.33075,0.20088,216.503,0.664,PUSH
5.769,0.33075,0.20088,216.503,0.664,PUSH
5.77,0.33075,0.20088,216.503,0.662,PUSH
5.771,0.33075,0.20088,216.503,0.661,PUSH
5.772,0.33075,0.20088,216.503,0.66,PUSH
5.773,0.33075,0.20088,216.503,0.658,PUSH
5.774,0.33075,0.20088,216.503,0.656,PUSH
5.775,0.33075,0.20088,216.503,0.655,PUSH
5.776,0.33075,0.20088,216.503,0.654,PUSH
5.777,0.33075,0.20088,216.503,0.652,PUSH
5.778,0.33075,0.20088,216.503,0.65,PUSH
5.779,0.33075,0.20088,216.503,0.648,PUSH
5.78,0.33075,0.20088,216.503,0.646,PUSH
5.781,0.33075,0.20088,216.503,0.644,PUSH
5.782,0.33075,0.20088,216.503,0.643,PUSH
5.783,0.33075,0.20088,216.503,0.641,PUSH
5.784,0.33075,0.20088,216.503,0.64,PUSH
5.785,0.33075,0.20088,216.503,0.638,PUSH
5.786,0.33075,0.20088,216.503,0.637,PUSH
5.787,0.33075,0.20088,216.503,0.635,PUSH
5.788,0.33075,0.20088,216.503,0.632,PUSH
5.789,0.33075,0.20088,216.503,0.63,PUSH
5.79,0.33075,0.20088,216.503,0.629,PUSH
5.791,0.33075,0.20088,216.503,0.627,PUSH
5.792,0.33075,0.20088,216.503,0.626,PUSH
5.793,0.33075,0.20088,216.503,0.624,PUSH
5.794,0.33075,0.20088,216.503,0.623,PUSH
5.795,0.33075,0.20088,216.503,0.621,PUSH
5.796,0.33075,0.20088,216.503,0.619,PUSH
5.797,0.33075,0.20088,216.503,0.617,PUSH
5.798,0.33075,0.20088,216.503,0.616,PUSH
5.799,0.33075,0.20088,216.503,0.613,PUSH
5.8,0.33075,0.20088,216.503,0.611,PUSH
5.801,0.33086,0.19966,215.415,0.231,PUSH
5.802,0.33086,0.19966,215.415,0.232,PUSH
5.803,0.33086,0.19966,215.415,0.234,PUSH
5.804,0.33086,0.19966,215.415,0.235,PUSH
5.805,0.33086,0.19966,215.415,0.237,PUSH
5.806,0.33086,0.19966,215.415,0.239,PUSH
5.807,0.33086,0.19966,215.415,0.24,PUSH
5.808,0.33086,0.19966,215.415,0.241,PUSH
5.809,0.33086,0.19966,215.415,0.242,PUSH
5.81,0.33086,0.19966,215.415,0.243,PUSH
5.811,0.33086,0.19966,215.415,0.244,PUSH
5.812,0.33086,0.19966,215.415,0.246,PUSH
5.813,0.33086,0.19966,215.415,0.247,PUSH
5.814,0.33086,0.19966,215.415,0.248,PUSH
5.815,0.33086,0.19966,215.415,0.249,PUSH
5.816,0.33086,0.19966,215.415,0.251,PUSH
5.817,0.33086,0.19966,215.415,0.251,PUSH
5.818,0.33086,0.19966,215.415,0.252,PUSH
5.819,0.33086,0.19966,215.415,0.253,PUSH
5.82,0.33086,0.19966,215.415,0.256,PUSH
5.821,0.33086,0.19966,215.415,0.257,PUSH
5.822,0.33086,0.19966,215.415,0.258,PUSH
5.823,0.33086,0.19966,215.415,0.259,PUSH
5.824,0.33086,0.19966,215.415,0.259,PUSH
5.825,0.33086,0.19966,215.415,0.261,PUSH
5.826,0.33086,0.19966,215.415,0.262,PUSH
5.827,0.33086,0.19966,215.415,0.262,PUSH
5.828,0.33086,0.19966,215.415,0.264,PUSH
5.829,0.33086,0.19966,215.415,0.265,PUSH
5.83,0.33086,0.19966,215.415,0.266,PUSH
5.831,0.33086,0.19966,215.415,0.268,PUSH
5.832,0.33086,0.19966,215.415,0.269,PUSH
5.833,0.33086,0.19966,215.415,0.27,PUSH
5.834,0.32942,0.19905,214.306,1.403,PUSH
5.835,0.32942,0.19905,214.306,1.402,PUSH
5.836,0.32942,0.19905,214.306,1.4,PUSH
5.837,0.32942,0.19905,214.306,1.399,PUSH
5.838,0.32942,0.19905,214.306,1.397,PUSH
5.839,0.32942,0.19905,214.306,1.395,PUSH
5.84,0.32942,0.19905,214.306,1.392,PUSH
5.841,0.32942,0.19905,214.306,1.39,PUSH
5.842,0.32942,0.19905,214.306,1.388,PUSH
5.843,0.32942,0.19905,214.306,1.386,PUSH
5.844,0.32942,0.19905,214.306,1.383,PUSH
5.845,0.32942,0.19905,214.306,1.381,PUSH
5.846,0.32942,0.19905,214.306,1.379,PUSH
5.847,0.32942,0.19905,214.306,1.377,PUSH
5.848,0.32942,0.19905,214.306,1.374,PUSH
5.849,0.32942,0.19905,214.306,1.372,PUSH
5.85,0.32942,0.19905,214.306,1.371,PUSH
5.851,0.32942,0.19905,214.306,1.368,PUSH
5.852,0.32942,0.19905,214.306,1.366,PUSH
5.853,0.32942,0.19905,214.306,1.363,PUSH
5.854,0.32942,0.19905,214.306,1.36,PUSH
5.855,0.32942,0.19905,214.306,1.358,PUSH
5.856,0.32942,0.19905,214.306,1.356,PUSH
5.857,0.32942,0.19905,214.306,1.353,PUSH
5.858,0.32942,0.19905,214.306,1.35,PUSH
5.859,0.32942,0.19905,214.306,1.348,PUSH
5.86,0.32942,0.19905,214.306,1.346,PUSH
5.861,0.32942,0.19905,214.306,1.344,PUSH
5.862,0.32942,0.19905,214.306,1.341,PUSH
5.863,0.32942,0.19905,214.306,1.339,PUSH
5.864,0.32942,0.19905,214.306,1.336,PUSH
5.865,0.32942,0.19905,214.306,1.334,PUSH
5.866,0.32942,0.19905,214.306,1.331,PUSH
5.867,0.32723,0.19852,213.013,4.127,PUSH
5.868,0.32723,0.19852,213.013,4.123,PUSH
5.869,0.32723,0.19852,213.013,4.12,PUSH
5.87,0.32723,0.19852,213.013,4.115,PUSH
5.871,0.32723,0.19852,213.013,4.111,PUSH
5.872,0.32723,0.19852,213.013,4.107,PUSH
5.873,0.32723,0.19852,213.013,4.104,PUSH
5.874,0.32723,0.19852,213.013,4.099,PUSH
5.875,0.32723,0.19852,213.013,4.095,PUSH
5.876,0.32723,0.19852,213.013,4.091,PUSH
5.877,0.32723,0.19852,213.013,4.087,PUSH
5.878,0.32723,0.19852,213.013,4.082,PUSH
5.879,0.32723,0.19852,213.013,4.078,PUSH
5.88,0.32723,0.19852,213.013,4.073,PUSH
5.881,0.32723,0.19852,213.013,4.068,PUSH
5.882,0.32723,0.19852,213.013,4.063,PUSH
5.883,0.32723,0.19852,213.013,4.059,PUSH
5.884,0.32723,0.19852,213.013,4.055,PUSH
5.885,0.32723,0.19852,213.013,4.05,PUSH
5.886,0.32723,0.19852,213.013,4.045,PUSH
5.887,0.32723,0.19852,213.013,4.041,PUSH
5.888,0.32723,0.19852,213.013,4.035,PUSH
5.889,0.32723,0.19852,213.013,4.031,PUSH
5.89,0.32723,0.19852,213.013,4.026,PUSH
5.891,0.32723,0.19852,213.013,4.022,PUSH
5.892,0.32723,0.19852,213.013,4.017,PUSH
5.893,0.32723,0.19852,213.013,4.012,PUSH
5.894,0.32723,0.19852,213.013,4.008,PUSH
5.895,0.32723,0.19852,213.013,4.002,PUSH
5.896,0.32723,0.19852,213.013,3.997,PUSH
5.897,0.32723,0.19852,213.013,3.993,PUSH
5.898,0.32723,0.19852,213.013,3.988,PUSH
5.899,0.32723,0.19852,213.013,3.983,PUSH
5.9,0.32723,0.19852,213.013,3.978,PUSH
5.901,0.32506,0.19941,213.071,7.525,PUSH
5.902,0.32506,0.19941,213.071,7.519,PUSH
5.903,0.32506,0.19941,213.071,7.513,PUSH
5.904,0.32506,0.19941,213.071,7.506,PUSH
5.905,0.32506,0.19941,213.071,7.5,PUSH
5.906,0.32506,0.19941,213.071,7.493,PUSH
5.907,0.32506,0.19941,213.071,7.486,PUSH
5.908,0.32506,0.19941,213.071,7.479,PUSH
5.909,0.32506,0.19941,213.071,7.471,PUSH
5.91,0.32506,0.19941,213.071,7.464,PUSH
5.911,0.32506,0.19941,213.071,7.457,PUSH
5.912,0.32506,0.19941,213.071,7.45,PUSH
5.913,0.32506,0.19941,213.071,7.442,PUSH
5.914,0.32506,0.19941,213.071,7.435,PUSH
5.915,0.32506,0.19941,213.071,7.427,PUSH
5.916,0.32506,0.19941,213.071,7.42,PUSH
5.917,0.32506,0.19941,213.071,7.412,PUSH
5.918,0.32506,0.19941,213.071,7.405,PUSH
5.919,0.32506,0.19941,213.071,7.397,PUSH
5.92,0.32506,0.19941,213.071,7.39,PUSH
5.921,0.32506,0.19941,213.071,7.382,PUSH
5.922,0.32506,0.19941,213.071,7.374,PUSH
5.923,0.32506,0.19941,213.071,7.366,PUSH
5.924,0.32506,0.19941,213.071,7.358,PUSH
5.925,0.32506,0.19941,213.071,7.35,PUSH
5.926,0.32506,0.19941,213.071,7.342,PUSH
5.927,0.32506,0.19941,213.071,7.335,PUSH
5.928,0.32506,0.19941,213.071,7.327,PUSH
5.929,0.32506,0.19941,213.071,7.319,PUSH
5.93,0.32506,0.19941,213.071,7.311,PUSH
5.931,0.32506,0.19941,213.071,7.303,PUSH
5.932,0.32506,0.19941,213.071,7.295,PUSH
5.933,0.32506,0.19941,213.071,7.287,PUSH
5.934,0.32925,0.20004,215.171,1.727,PUSH
5.935,0.32925,0.20004,215.171,1.72,PUSH
5.936,0.32925,0.20004,215.171,1.714,PUSH
5.937,0.32925,0.20004,215.171,1.708,PUSH
5.938,0.32925,0.20004,215.171,1.703,PUSH
5.939,0.32925,0.20004,215.171,1.698,PUSH
5.94,0.32925,0.20004,215.171,1.693,PUSH
5.941,0.32925,0.20004,215.171,1.688,PUSH
5.942,0.32925,0.20004,215.171,1.684,PUSH
5.943,0.32925,0.20004,215.171,1.679,PUSH
5.944,0.32925,0.20004,215.171,1.674,PUSH
5.945,0.32925,0.20004,215.171,1.669,PUSH
5.946,0.32925,0.20004,215.171,1.665,PUSH
5.947,0.32925,0.20004,215.171,1.661,PUSH
5.948,0.32925,0.20004,215.171,1.657,PUSH
5.949,0.32925,0.20004,215.171,1.653,PUSH
5.95,0.32925,0.20004,215.171,1.648,PUSH
5.951,0.32925,0.20004,215.171,1.643,PUSH
5.952,0.32925,0.20004,215.171,1.639,PUSH
5.953,0.32925,0.20004,215.171,1.636,PUSH
5.954,0.32925,0.20004,215.171,1.632,PUSH
5.955,0.32925,0.20004,215.171,1.628,PUSH
5.956,0.32925,0.20004,215.171,1.622,PUSH
5.957,0.32925,0.20004,215.171,1.618,PUSH
5.958,0.32925,0.20004,215.171,1.614,PUSH
5.959,0.32925,0.20004,215.171,1.61,PUSH
5.96,0.32925,0.20004,215.171,1.606,PUSH
5.961,0.32925,0.20004,215.171,1.602,PUSH
5.962,0.32925,0.20004,215.171,1.599,PUSH
5.963,0.32925,0.20004,215.171,1.594,PUSH
5.964,0.32925,0.20004,215.171,1.59,PUSH
5.965,0.32925,0.20004,215.171,1.587,PUSH
5.966,0.32925,0.20004,215.171,1.582,PUSH
5.967,0.33,0.19764,213.213,0.8,PUSH
5.968,0.33,0.19764,213.213,0.802,PUSH
5.969,0.33,0.19764,213.213,0.806,PUSH
5.97,0.33,0.19764,213.213,0.809,PUSH
5.971,0.33,0.19764,213.213,0.811,PUSH
5.972,0.33,0.19764,213.213,0.813,PUSH
5.973,0.33,0.19764,213.213,0.815,PUSH
5.974,0.33,0.19764,213.213,0.819,PUSH
5.975,0.33,0.19764,213.213,0.821,PUSH
5.976,0.33,0.19764,213.213,0.823,PUSH
5.977,0.33,0.19764,213.213,0.825,PUSH
5.978,0.33,0.19764,213.213,0.826,PUSH
5.979,0.33,0.19764,213.213,0.828,PUSH
5.98,0.33,0.19764,213.213,0.831,PUSH
5.981,0.33,0.19764,213.213,0.834,PUSH
5.982,0.33,0.19764,213.213,0.835,PUSH
5.983,0.33,0.19764,213.213,0.837,PUSH
5.984,0.33,0.19764,213.213,0.839,PUSH
5.985,0.33,0.19764,213.213,0.841,PUSH
5.986,0.33,0.19764,213.213,0.842,PUSH
5.987,0.33,0.19764,213.213,0.845,PUSH
5.988,0.33,0.19764,213.213,0.846,PUSH
5.989,0.33,0.19764,213.213,0.848,PUSH
5.99,0.33,0.19764,213.213,0.85,PUSH
5.991,0.33,0.19764,213.213,0.852,PUSH
5.992,0.33,0.19764,213.213,0.853,PUSH
5.993,0.33,0.19764,213.213,0.855,PUSH
5.994,0.33,0.19764,213.213,0.857,PUSH
5.995,0.33,0.19764,213.213,0.858,PUSH
5.996,0.33,0.19764,213.213,0.86,PUSH
5.997,0.33,0.19764,213.213,0.862,PUSH
5.998,0.33,0.19764,213.213,0.863,PUSH
5.999,0.33,0.19764,213.213,0.865,PUSH
6.0,0.33,0.19764,213.213,0.867,PUSH
6.001,0.33178,0.196,212.38,4.293,PUSH
6.002,0.33178,0.196,212.38,4.294,PUSH
6.003,0.33178,0.196,212.38,4.295,PUSH
6.004,0.33178,0.196,212.38,4.294,PUSH
6.005,0.33178,0.196,212.38,4.294,PUSH
6.006,0.33178,0.196,212.38,4.294,PUSH
6.007,0.33178,0.196,212.38,4.292,PUSH
6.008,0.33178,0.196,212.38,4.292,PUSH
6.009,0.33178,0.196,212.38,4.291,PUSH
6.01,0.33178,0.196,212.38,4.289,PUSH
6.011,0.33178,0.196,212.38,4.288,PUSH
6.012,0.33178,0.196,212.38,4.287,PUSH
6.013,0.33178,0.196,212.38,4.285,PUSH
6.014,0.33178,0.196,212.38,4.284,PUSH
6.015,0.33178,0.196,212.38,4.283,PUSH
6.016,0.33178,0.196,212.38,4.282,PUSH
6.017,0.33178,0.196,212.38,4.281,PUSH
6.018,0.33178,0.196,212.38,4.279,PUSH
6.019,0.33178,0.196,212.38,4.276,PUSH
6.02,0.33178,0.196,212.38,4.275,PUSH
6.021,0.33178,0.196,212.38,4.275,PUSH
6.022,0.33178,0.196,212.38,4.273,PUSH
6.023,0.33178,0.196,212.38,4.271,PUSH
6.024,0.33178,0.196,212.38,4.268,PUSH
6.025,0.33178,0.196,212.38,4.267,PUSH
6.026,0.33178,0.196,212.38,4.265,PUSH
6.027,0.33178,0.196,212.38,4.262,PUSH
6.028,0.33178,0.196,212.38,4.261,PUSH
6.029,0.33178,0.196,212.38,4.258,PUSH
6.03,0.33178,0.196,212.38,4.256,PUSH
6.031,0.33178,0.196,212.38,4.254,PUSH
6.032,0.33178,0.196,212.38,4.252,PUSH
6.033,0.33178,0.196,212.38,4.251,PUSH
6.034,0.32891,0.19148,207.102,2.846,PUSH
6.035,0.32891,0.19148,207.102,2.844,PUSH
6.036,0.32891,0.19148,207.102,2.842,PUSH
6.037,0.32891,0.19148,207.102,2.84,PUSH
6.038,0.32891,0.19148,207.102,2.838,PUSH
6.039,0.32891,0.19148,207.102,2.838,PUSH
6.04,0.32891,0.19148,207.102,2.836,PUSH
6.041,0.32891,0.19148,207.102,2.835,PUSH
6.042,0.32891,0.19148,207.102,2.833,PUSH
6.043,0.32891,0.19148,207.102,2.832,PUSH
6.044,0.32891,0.19148,207.102,2.832,PUSH
6.045,0.32891,0.19148,207.102,2.831,PUSH
6.046,0.32891,0.19148,207.102,2.829,PUSH
6.047,0.32891,0.19148,207.102,2.827,PUSH
6.048,0.32891,0.19148,207.102,2.825,PUSH
6.049,0.32891,0.19148,207.102,2.824,PUSH
6.05,0.32891,0.19148,207.102,2.824,PUSH
6.051,0.32891,0.19148,207.102,2.823,PUSH
6.052,0.32891,0.19148,207.102,2.822,PUSH
6.053,0.32891,0.19148,207.102,2.82,PUSH
6.054,0.32891,0.19148,207.102,2.819,PUSH
6.055,0.32891,0.19148,207.102,2.818,PUSH
6.056,0.32891,0.19148,207.102,2.816,PUSH
6.057,0.32891,0.19148,207.102,2.815,PUSH
6.058,0.32891,0.19148,207.102,2.814,PUSH
6.059,0.32891,0.19148,207.102,2.812,PUSH
6.06,0.32891,0.19148,207.102,2.811,PUSH
6.061,0.32891,0.19148,207.102,2.81,PUSH
6.062,0.32891,0.19148,207.102,2.808,PUSH
6.063,0.32891,0.19148,207.102,2.807,PUSH
6.064,0.32891,0.19148,207.102,2.806,PUSH
6.065,0.32891,0.19148,207.102,2.804,PUSH
6.066,0.32891,0.19148,207.102,2.803,PUSH
6.067,0.3303,0.19493,210.825,2.754,PUSH
6.068,0.3303,0.19493,210.825,2.753,PUSH
6.069,0.3303,0.19493,210.825,2.752,PUSH
6.07,0.3303,0.19493,210.825,2.75,PUSH
6.071,0.3303,0.19493,210.825,2.749,PUSH
6.072,0.3303,0.19493,210.825,2.748,PUSH
6.073,0.3303,0.19493,210.825,2.746,PUSH
6.074,0.3303,0.19493,210.825,2.744,PUSH
6.075,0.3303,0.19493,210.825,2.743,PUSH
6.076,0.3303,0.19493,210.825,2.742,PUSH
6.077,0.3303,0.19493,210.825,2.74,PUSH
6.078,0.3303,0.19493,210.825,2.739,PUSH
6.079,0.3303,0.19493,210.825,2.738,PUSH
6.08,0.3303,0.19493,210.825,2.736,PUSH
6.081,0.3303,0.19493,210.825,2.735,PUSH
6.082,0.3303,0.19493,210.825,2.733,PUSH
6.083,0.3303,0.19493,210.825,2.731,PUSH
6.084,0.3303,0.19493,210.825,2.73,PUSH
6.085,0.3303,0.19493,210.825,2.729,PUSH
6.086,0.3303,0.19493,210.825,2.727,PUSH
6.087,0.3303,0.19493,210.825,2.726,PUSH
6.088,0.3303,0.19493,210.825,2.724,PUSH
6.089,0.3303,0.19493,210.825,2.722,PUSH
6.09,0.3303,0.19493,210.825,2.721,PUSH
6.091,0.3303,0.19493,210.825,2.719,PUSH
6.092,0.3303,0.19493,210.825,2.717,PUSH
6.093,0.3303,0.19493,210.825,2.716,PUSH
6.094,0.3303,0.19493,210.825,2.714,PUSH
6.095,0.3303,0.19493,210.825,2.712,PUSH
6.096,0.3303,0.19493,210.825,2.711,PUSH
6.097,0.3303,0.19493,210.825,2.709,PUSH
6.098,0.3303,0.19493,210.825,2.707,PUSH
6.099,0.3303,0.19493,210.825,2.706,PUSH
6.1,0.32723,0.19449,209.264,1.374,PUSH
6.101,0.32723,0.19449,209.264,1.375,PUSH
6.102,0.32723,0.19449,209.264,1.375,PUSH
6.103,0.32723,0.19449,209.264,1.375,PUSH
6.104,0.32723,0.19449,209.264,1.375,PUSH
6.105,0.32723,0.19449,209.264,1.374,PUSH
6.106,0.32723,0.19449,209.264,1.374,PUSH
6.107,0.32723,0.19449,209.264,1.373,PUSH
6.108,0.32723,0.19449,209.264,1.372,PUSH
6.109,0.32723,0.19449,209.264,1.371,PUSH
6.11,0.32723,0.19449,209.264,1.368,PUSH
6.111,0.32723,0.19449,209.264,1.367,PUSH
6.112,0.32723,0.19449,209.264,1.365,PUSH
6.113,0.32723,0.19449,209.264,1.364,PUSH
6.114,0.32723,0.19449,209.264,1.363,PUSH
6.115,0.32723,0.19449,209.264,1.363,PUSH
6.116,0.32723,0.19449,209.264,1.361,PUSH
6.117,0.32723,0.19449,209.264,1.358,PUSH
6.118,0.32723,0.19449,209.264,1.356,PUSH
6.119,0.32723,0.19449,209.264,1.355,PUSH
6.12,0.32723,0.19449,209.264,1.353,PUSH
6.121,0.32723,0.19449,209.264,1.352,PUSH
6.122,0.32723,0.19449,209.264,1.35,PUSH
6.123,0.32723,0.19449,209.264,1.348,PUSH
6.124,0.32723,0.19449,209.264,1.346,PUSH
6.125,0.32723,0.19449,209.264,1.344,PUSH
6.126,0.32723,0.19449,209.264,1.342,PUSH
6.127,0.32723,0.19449,209.264,1.34,PUSH
6.128,0.32723,0.19449,209.264,1.338,PUSH
6.129,0.32723,0.19449,209.264,1.336,PUSH
6.13,0.32723,0.19449,209.264,1.334,PUSH
6.131,0.32723,0.19449,209.264,1.332,PUSH
6.132,0.32723,0.19449,209.264,1.33,PUSH
6.133,0.32723,0.19449,209.264,1.328,PUSH
6.134,0.33051,0.19533,211.273,2.814,PUSH
6.135,0.33051,0.19533,211.273,2.816,PUSH
6.136,0.33051,0.19533,211.273,2.817,PUSH
6.137,0.33051,0.19533,211.273,2.817,PUSH
6.138,0.33051,0.19533,211.273,2.816,PUSH
6.139,0.33051,0.19533,211.273,2.817,PUSH
6.14,0.33051,0.19533,211.273,2.816,PUSH
6.141,0.33051,0.19533,211.273,2.815,PUSH
6.142,0.33051,0.19533,211.273,2.815,PUSH
6.143,0.33051,0.19533,211.273,2.815,PUSH
6.144,0.33051,0.19533,211.273,2.814,PUSH
6.145,0.33051,0.19533,211.273,2.813,PUSH
6.146,0.33051,0.19533,211.273,2.813,PUSH
6.147,0.33051,0.19533,211.273,2.811,PUSH
6.148,0.33051,0.19533,211.273,2.811,PUSH
6.149,0.33051,0.19533,211.273,2.81,PUSH
6.15,0.33051,0.19533,211.273,2.809,PUSH
6.151,0.33051,0.19533,211.273,2.808,PUSH
6.152,0.33051,0.19533,211.273,2.807,PUSH
6.153,0.33051,0.19533,211.273,2.805,PUSH
6.154,0.33051,0.19533,211.273,2.805,PUSH
6.155,0.33051,0.19533,211.273,2.803,PUSH
6.156,0.33051,0.19533,211.273,2.802,PUSH
6.157,0.33051,0.19533,211.273,2.801,PUSH
6.158,0.33051,0.19533,211.273,2.799,PUSH
6.159,0.33051,0.19533,211.273,2.798,PUSH
6.16,0.33051,0.19533,211.273,2.797,PUSH
6.161,0.33051,0.19533,211.273,2.795,PUSH
6.162,0.33051,0.19533,211.273,2.793,PUSH
6.163,0.33051,0.19533,211.273,2.792,PUSH
6.164,0.33051,0.19533,211.273,2.791,PUSH
6.165,0.33051,0.19533,211.273,2.789,PUSH
6.166,0.33051,0.19533,211.273,2.788,PUSH
6.167,0.32977,0.19502,210.704,1.935,PUSH
6.168,0.32977,0.19502,210.704,1.933,PUSH
6.169,0.32977,0.19502,210.704,1.932,PUSH
6.17,0.32977,0.19502,210.704,1.931,PUSH
6.171,0.32977,0.19502,210.704,1.929,PUSH
6.172,0.32977,0.19502,210.704,1.928,PUSH
6.173,0.32977,0.19502,210.704,1.927,PUSH
6.174,0.32977,0.19502,210.704,1.925,PUSH
6.175,0.32977,0.19502,210.704,1.925,PUSH
6.176,0.32977,0.19502,210.704,1.924,PUSH
6.177,0.32977,0.19502,210.704,1.922,PUSH
6.178,0.32977,0.19502,210.704,1.922,PUSH
6.179,0.32977,0.19502,210.704,1.921,PUSH
6.18,0.32977,0.19502,210.704,1.919,PUSH
6.181,0.32977,0.19502,210.704,1.917,PUSH
6.182,0.32977,0.19502,210.704,1.917,PUSH
6.183,0.32977,0.19502,210.704,1.917,PUSH
6.184,0.32977,0.19502,210.704,1.916,PUSH
6.185,0.32977,0.19502,210.704,1.915,PUSH
6.186,0.32977,0.19502,210.704,1.914,PUSH
6.187,0.32977,0.19502,210.704,1.912,PUSH
6.188,0.32977,0.19502,210.704,1.911,PUSH
6.189,0.32977,0.19502,210.704,1.91,PUSH
6.19,0.32977,0.19502,210.704,1.91,PUSH
6.191,0.32977,0.19502,210.704,1.909,PUSH
6.192,0.32977,0.19502,210.704,1.908,PUSH
6.193,0.32977,0.19502,210.704,1.907,PUSH
6.194,0.32977,0.19502,210.704,1.906,PUSH
6.195,0.32977,0.19502,210.704,1.905,PUSH
6.196,0.32977,0.19502,210.704,1.904,PUSH
6.197,0.32977,0.19502,210.704,1.904,PUSH
6.198,0.32977,0.19502,210.704,1.903,PUSH
6.199,0.32977,0.19502,210.704,1.902,PUSH
6.2,0.32977,0.19502,210.704,1.902,PUSH
6.201,0.33083,0.19472,210.831,3.552,PUSH
6.202,0.33083,0.19472,210.831,3.55,PUSH
6.203,0.33083,0.19472,210.831,3.549,PUSH
6.204,0.33083,0.19472,210.831,3.548,PUSH
6.205,0.33083,0.19472,210.831,3.545,PUSH
6.206,0.33083,0.19472,210.831,3.543,PUSH
6.207,0.33083,0.19472,210.831,3.541,PUSH
6.208,0.33083,0.19472,210.831,3.539,PUSH
6.209,0.33083,0.19472,210.831,3.538,PUSH
6.21,0.33083,0.19472,210.831,3.536,PUSH
6.211,0.33083,0.19472,210.831,3.534,PUSH
6.212,0.33083,0.19472,210.831,3.531,PUSH
6.213,0.33083,0.19472,210.831,3.53,PUSH
6.214,0.33083,0.19472,210.831,3.527,PUSH
6.215,0.33083,0.19472,210.831,3.525,PUSH
6.216,0.33083,0.19472,210.831,3.523,PUSH
6.217,0.33083,0.19472,210.831,3.521,PUSH
6.218,0.33083,0.19472,210.831,3.519,PUSH
6.219,0.33083,0.19472,210.831,3.517,PUSH
6.22,0.33083,0.19472,210.831,3.515,PUSH
6.221,0.33083,0.19472,210.831,3.512,PUSH
6.222,0.33083,0.19472,210.831,3.511,PUSH
6.223,0.33083,0.19472,210.831,3.508,PUSH
6.224,0.33083,0.19472,210.831,3.506,PUSH
6.225,0.33083,0.19472,210.831,3.504,PUSH
6.226,0.33083,0.19472,210.831,3.502,PUSH
6.227,0.33083,0.19472,210.831,3.499,PUSH
6.228,0.33083,0.19472,210.831,3.497,PUSH
6.229,0.33083,0.19472,210.831,3.494,PUSH
6.23,0.33083,0.19472,210.831,3.491,PUSH
6.231,0.33083,0.19472,210.831,3.489,PUSH
6.232,0.33083,0.19472,210.831,3.487,PUSH
6.233,0.33083,0.19472,210.831,3.484,PUSH
6.234,0.33163,0.19707,213.308,3.229,PUSH
6.235,0.33163,0.19707,213.308,3.226,PUSH
6.236,0.33163,0.19707,213.308,3.224,PUSH
6.237,0.33163,0.19707,213.308,3.222,PUSH
6.238,0.33163,0.19707,213.308,3.219,PUSH
6.239,0.33163,0.19707,213.308,3.216,PUSH
6.24,0.33163,0.19707,213.308,3.214,PUSH
6.241,0.33163,0.19707,213.308,3.212,PUSH
6.242,0.33163,0.19707,213.308,3.209,PUSH
6.243,0.33163,0.19707,213.308,3.207,PUSH
6.244,0.33163,0.19707,213.308,3.205,PUSH
6.245,0.33163,0.19707,213.308,3.202,PUSH
6.246,0.33163,0.19707,213.308,3.2,PUSH
6.247,0.33163,0.19707,213.308,3.198,PUSH
6.248,0.33163,0.19707,213.308,3.195,PUSH
6.249,0.33163,0.19707,213.308,3.193,PUSH
6.25,0.33163,0.19707,213.308,3.19,PUSH
6.251,0.33163,0.19707,213.308,3.188,PUSH
6.252,0.33163,0.19707,213.308,3.186,PUSH
6.253,0.33163,0.19707,213.308,3.183,PUSH
6.254,0.33163,0.19707,213.308,3.18,PUSH
6.255,0.33163,0.19707,213.308,3.178,PUSH
6.256,0.33163,0.19707,213.308,3.176,PUSH
6.257,0.33163,0.19707,213.308,3.173,PUSH
6.258,0.33163,0.19707,213.308,3.171,PUSH
6.259,0.33163,0.19707,213.308,3.169,PUSH
6.26,0.33163,0.19707,213.308,3.166,PUSH
6.261,0.33163,0.19707,213.308,3.164,PUSH
6.262,0.33163,0.19707,213.308,3.161,PUSH
6.263,0.33163,0.19707,213.308,3.159,PUSH
6.264,0.33163,0.19707,213.308,3.157,PUSH
6.265,0.33163,0.19707,213.308,3.154,PUSH
6.266,0.33163,0.19707,213.308,3.151,PUSH
6.267,0.33431,0.1962,213.552,7.316,PUSH
6.268,0.33431,0.1962,213.552,7.312,PUSH
6.269,0.33431,0.1962,213.552,7.308,PUSH
6.27,0.33431,0.1962,213.552,7.303,PUSH
6.271,0.33431,0.1962,213.552,7.299,PUSH
6.272,0.33431,0.1962,213.552,7.295,PUSH
6.273,0.33431,0.1962,213.552,7.291,PUSH
6.274,0.33431,0.1962,213.552,7.285,PUSH
6.275,0.33431,0.1962,213.552,7.279,PUSH
6.276,0.33431,0.1962,213.552,7.273,PUSH
6.277,0.33431,0.1962,213.552,7.268,PUSH
6.278,0.33431,0.1962,213.552,7.263,PUSH
6.279,0.33431,0.1962,213.552,7.258,PUSH
6.28,0.33431,0.1962,213.552,7.252,PUSH
6.281,0.33431,0.1962,213.552,7.245,PUSH
6.282,0.33431,0.1962,213.552,7.24,PUSH
6.283,0.33431,0.1962,213.552,7.234,PUSH
6.284,0.33431,0.1962,213.552,7.228,PUSH
6.285,0.33431,0.1962,213.552,7.222,PUSH
6.286,0.33431,0.1962,213.552,7.216,PUSH
6.287,0.33431,0.1962,213.552,7.211,PUSH
6.288,0.33431,0.1962,213.552,7.205,PUSH
6.289,0.33431,0.1962,213.552,7.199,PUSH
6.29,0.33431,0.1962,213.552,7.192,PUSH
6.291,0.33431,0.1962,213.552,7.186,PUSH
6.292,0.33431,0.1962,213.552,7.181,PUSH
6.293,0.33431,0.1962,213.552,7.176,PUSH
6.294,0.33431,0.1962,213.552,7.169,PUSH
6.295,0.33431,0.1962,213.552,7.162,PUSH
6.296,0.33431,0.1962,213.552,7.156,PUSH
6.297,0.33431,0.1962,213.552,7.149,PUSH
6.298,0.33431,0.1962,213.552,7.142,PUSH
6.299,0.33431,0.1962,213.552,7.136,PUSH
6.3,0.33431,0.1962,213.552,7.13,PUSH
6.301,0.33429,0.19283,210.448,9.092,PUSH
6.302,0.33429,0.19283,210.448,9.086,PUSH
6.303,0.33429,0.19283,210.448,9.079,PUSH
6.304,0.33429,0.19283,210.448,9.071,PUSH
6.305,0.33429,0.19283,210.448,9.064,PUSH
6.306,0.33429,0.19283,210.448,9.056,PUSH
6.307,0.33429,0.19283,210.448,9.048,PUSH
6.308,0.33429,0.19283,210.448,9.04,PUSH
6.309,0.33429,0.19283,210.448,9.032,PUSH
6.31,0.33429,0.19283,210.448,9.024,PUSH
6.311,0.33429,0.19283,210.448,9.016,PUSH
6.312,0.33429,0.19283,210.448,9.008,PUSH
6.313,0.33429,0.19283,210.448,8.999,PUSH
6.314,0.33429,0.19283,210.448,8.991,PUSH
6.315,0.33429,0.19283,210.448,8.983,PUSH
6.316,0.33429,0.19283,210.448,8.976,PUSH
6.317,0.33429,0.19283,210.448,8.967,PUSH
6.318,0.33429,0.19283,210.448,8.959,PUSH
6.319,0.33429,0.19283,210.448,8.949,PUSH
6.32,0.33429,0.19283,210.448,8.941,PUSH
6.321,0.33429,0.19283,210.448,8.934,PUSH
6.322,0.33429,0.19283,210.448,8.926,PUSH
6.323,0.33429,0.19283,210.448,8.917,PUSH
6.324,0.33429,0.19283,210.448,8.908,PUSH
6.325,0.33429,0.19283,210.448,8.9,PUSH
6.326,0.33429,0.19283,210.448,8.891,PUSH
6.327,0.33429,0.19283,210.448,8.882,PUSH
6.328,0.33429,0.19283,210.448,8.873,PUSH
6.329,0.33429,0.19283,210.448,8.865,PUSH
6.33,0.33429,0.19283,210.448,8.855,PUSH
6.331,0.33429,0.19283,210.448,8.847,PUSH
6.332,0.33429,0.19283,210.448,8.838,PUSH
6.333,0.33429,0.19283,210.448,8.829,PUSH
6.334,0.33304,0.19122,208.476,8.067,PUSH
6.335,0.33304,0.19122,208.476,8.058,PUSH
6.336,0.33304,0.19122,208.476,8.049,PUSH
6.337,0.33304,0.19122,208.476,8.041,PUSH
6.338,0.33304,0.19122,208.476,8.033,PUSH
6.339,0.33304,0.19122,208.476,8.024,PUSH
6.34,0.33304,0.19122,208.476,8.016,PUSH
6.341,0.33304,0.19122,208.476,8.008,PUSH
6.342,0.33304,0.19122,208.476,7.999,PUSH
6.343,0.33304,0.19122,208.476,7.991,PUSH
6.344,0.33304,0.19122,208.476,7.983,PUSH
6.345,0.33304,0.19122,208.476,7.974,PUSH
6.346,0.33304,0.19122,208.476,7.967,PUSH
6.347,0.33304,0.19122,208.476,7.958,PUSH
6.348,0.33304,0.19122,208.476,7.95,PUSH
6.349,0.33304,0.19122,208.476,7.942,PUSH
6.35,0.33304,0.19122,208.476,7.933,PUSH
6.351,0.33304,0.19122,208.476,7.925,PUSH
6.352,0.33304,0.19122,208.476,7.917,PUSH
6.353,0.33304,0.19122,208.476,7.909,PUSH
6.354,0.33304,0.19122,208.476,7.9,PUSH
6.355,0.33304,0.19122,208.476,7.892,PUSH
6.356,0.33304,0.19122,208.476,7.884,PUSH
6.357,0.33304,0.19122,208.476,7.875,PUSH
6.358,0.33304,0.19122,208.476,7.867,PUSH
6.359,0.33304,0.19122,208.476,7.859,PUSH
6.36,0.33304,0.19122,208.476,7.85,PUSH
6.361,0.33304,0.19122,208.476,7.842,PUSH
6.362,0.33304,0.19122,208.476,7.834,PUSH
6.363,0.33304,0.19122,208.476,7.825,PUSH
6.364,0.33304,0.19122,208.476,7.818,PUSH
6.365,0.33304,0.19122,208.476,7.809,PUSH
6.366,0.33304,0.19122,208.476,7.801,PUSH
6.367,0.33174,0.19024,207.058,6.571,PUSH
6.368,0.33174,0.19024,207.058,6.563,PUSH
6.369,0.33174,0.19024,207.058,6.555,PUSH
6.37,0.33174,0.19024,207.058,6.548,PUSH
6.371,0.33174,0.19024,207.058,6.54,PUSH
6.372,0.33174,0.19024,207.058,6.532,PUSH
6.373,0.33174,0.19024,207.058,6.525,PUSH
6.374,0.33174,0.19024,207.058,6.518,PUSH
6.375,0.33174,0.19024,207.058,6.51,PUSH
6.376,0.33174,0.19024,207.058,6.503,PUSH
6.377,0.33174,0.19024,207.058,6.496,PUSH
6.378,0.33174,0.19024,207.058,6.488,PUSH
6.379,0.33174,0.19024,207.058,6.48,PUSH
6.38,0.33174,0.19024,207.058,6.473,PUSH
6.381,0.33174,0.19024,207.058,6.467,PUSH
6.382,0.33174,0.19024,207.058,6.46,PUSH
6.383,0.33174,0.19024,207.058,6.453,PUSH
6.384,0.33174,0.19024,207.058,6.445,PUSH
6.385,0.33174,0.19024,207.058,6.437,PUSH
6.386,0.33174,0.19024,207.058,6.43,PUSH
6.387,0.33174,0.19024,207.058,6.423,PUSH
6.388,0.33174,0.19024,207.058,6.415,PUSH
6.389,0.33174,0.19024,207.058,6.409,PUSH
6.39,0.33174,0.19024,207.058,6.402,PUSH
6.391,0.33174,0.19024,207.058,6.394,PUSH
6.392,0.33174,0.19024,207.058,6.388,PUSH
6.393,0.33174,0.19024,207.058,6.381,PUSH
6.394,0.33174,0.19024,207.058,6.373,PUSH
6.395,0.33174,0.19024,207.058,6.367,PUSH
6.396,0.33174,0.19024,207.058,6.36,PUSH
6.397,0.33174,0.19024,207.058,6.353,PUSH
6.398,0.33174,0.19024,207.058,6.345,PUSH
6.399,0.33174,0.19024,207.058,6.338,PUSH
6.4,0.33174,0.19024,207.058,6.331,PUSH
6.401,0.3306,0.19054,206.88,4.554,PUSH
6.402,0.3306,0.19054,206.88,4.548,PUSH
6.403,0.3306,0.19054,206.88,4.541,PUSH
6.404,0.3306,0.19054,206.88,4.535,PUSH
6.405,0.3306,0.19054,206.88,4.529,PUSH
6.406,0.3306,0.19054,206.88,4.523,PUSH
6.407,0.3306,0.19054,206.88,4.517,PUSH
6.408,0.3306,0.19054,206.88,4.512,PUSH
6.409,0.3306,0.19054,206.88,4.506,PUSH
6.41,0.3306,0.19054,206.88,4.5,PUSH
6.411,0.3306,0.19054,206.88,4.494,PUSH
6.412,0.3306,0.19054,206.88,4.489,PUSH
6.413,0.3306,0.19054,206.88,4.484,PUSH
6.414,0.3306,0.19054,206.88,4.479,PUSH
6.415,0.3306,0.19054,206.88,4.474,PUSH
6.416,0.3306,0.19054,206.88,4.469,PUSH
6.417,0.3306,0.19054,206.88,4.463,PUSH
6.418,0.3306,0.19054,206.88,4.457,PUSH
6.419,0.3306,0.19054,206.88,4.452,PUSH
6.42,0.3306,0.19054,206.88,4.447,PUSH
6.421,0.3306,0.19054,206.88,4.441,PUSH
6.422,0.3306,0.19054,206.88,4.436,PUSH
6.423,0.3306,0.19054,206.88,4.431,PUSH
6.424,0.3306,0.19054,206.88,4.426,PUSH
6.425,0.3306,0.19054,206.88,4.422,PUSH
6.426,0.3306,0.19054,206.88,4.417,PUSH
6.427,0.3306,0.19054,206.88,4.411,PUSH
6.428,0.3306,0.19054,206.88,4.406,PUSH
6.429,0.3306,0.19054,206.88,4.401,PUSH
6.43,0.3306,0.19054,206.88,4.396,PUSH
6.431,0.3306,0.19054,206.88,4.391,PUSH
6.432,0.3306,0.19054,206.88,4.386,PUSH
6.433,0.3306,0.19054,206.88,4.381,PUSH
6.434,0.33245,0.19098,208.016,6.684,PUSH
6.435,0.33245,0.19098,208.016,6.678,PUSH
6.436,0.33245,0.19098,208.016,6.673,PUSH
6.437,0.33245,0.19098,208.016,6.667,PUSH
6.438,0.33245,0.19098,208.016,6.661,PUSH
6.439,0.33245,0.19098,208.016,6.655,PUSH
6.44,0.33245,0.19098,208.016,6.649,PUSH
6.441,0.33245,0.19098,208.016,6.643,PUSH
6.442,0.33245,0.19098,208.016,6.636,PUSH
6.443,0.33245,0.19098,208.016,6.63,PUSH
6.444,0.33245,0.19098,208.016,6.623,PUSH
6.445,0.33245,0.19098,208.016,6.616,PUSH
6.446,0.33245,0.19098,208.016,6.61,PUSH
6.447,0.33245,0.19098,208.016,6.604,PUSH
6.448,0.33245,0.19098,208.016,6.597,PUSH
6.449,0.33245,0.19098,208.016,6.591,PUSH
6.45,0.33245,0.19098,208.016,6.585,PUSH
6.451,0.33245,0.19098,208.016,6.578,PUSH
6.452,0.33245,0.19098,208.016,6.57,PUSH
6.453,0.33245,0.19098,208.016,6.564,PUSH
6.454,0.33245,0.19098,208.016,6.557,PUSH
6.455,0.33245,0.19098,208.016,6.552,PUSH
6.456,0.33245,0.19098,208.016,6.545,PUSH
6.457,0.33245,0.19098,208.016,6.538,PUSH
6.458,0.33245,0.19098,208.016,6.531,PUSH
6.459,0.33245,0.19098,208.016,6.524,PUSH
6.46,0.33245,0.19098,208.016,6.518,PUSH
6.461,0.33245,0.19098,208.016,6.51,PUSH
6.462,0.33245,0.19098,208.016,6.504,PUSH
6.463,0.33245,0.19098,208.016,6.497,PUSH
6.464,0.33245,0.19098,208.016,6.49,PUSH
6.465,0.33245,0.19098,208.016,6.484,PUSH
6.466,0.33245,0.19098,208.016,6.477,PUSH
6.467,0.3298,0.18724,203.535,5.008,PUSH
6.468,0.3298,0.18724,203.535,5.001,PUSH
6.469,0.3298,0.18724,203.535,4.995,PUSH
6.47,0.3298,0.18724,203.535,4.99,PUSH
6.471,0.3298,0.18724,203.535,4.984,PUSH
6.472,0.3298,0.18724,203.535,4.978,PUSH
6.473,0.3298,0.18724,203.535,4.972,PUSH
6.474,0.3298,0.18724,203.535,4.965,PUSH
6.475,0.3298,0.18724,203.535,4.96,PUSH
6.476,0.3298,0.18724,203.535,4.954,PUSH
6.477,0.3298,0.18724,203.535,4.948,PUSH
6.478,0.3298,0.18724,203.535,4.942,PUSH
6.479,0.3298,0.18724,203.535,4.937,PUSH
6.48,0.3298,0.18724,203.535,4.931,PUSH
6.481,0.3298,0.18724,203.535,4.926,PUSH
6.482,0.3298,0.18724,203.535,4.92,PUSH
6.483,0.3298,0.18724,203.535,4.914,PUSH
6.484,0.3298,0.18724,203.535,4.908,PUSH
6.485,0.3298,0.18724,203.535,4.903,PUSH
6.486,0.3298,0.18724,203.535,4.898,PUSH
6.487,0.3298,0.18724,203.535,4.892,PUSH
6.488,0.3298,0.18724,203.535,4.887,PUSH
6.489,0.3298,0.18724,203.535,4.882,PUSH
6.49,0.3298,0.18724,203.535,4.876,PUSH
6.491,0.3298,0.18724,203.535,4.87,PUSH
6.492,0.3298,0.18724,203.535,4.865,PUSH
6.493,0.3298,0.18724,203.535,4.86,PUSH
6.494,0.3298,0.18724,203.535,4.854,PUSH
6.495,0.3298,0.18724,203.535,4.849,PUSH
6.496,0.3298,0.18724,203.535,4.844,PUSH
6.497,0.3298,0.18724,203.535,4.839,PUSH
6.498,0.3298,0.18724,203.535,4.833,PUSH
6.499,0.3298,0.18724,203.535,4.828,PUSH
6.5,0.3298,0.18724,203.535,4.823,PUSH
6.501,0.32852,0.18796,203.706,2.59,PUSH
6.502,0.32852,0.18796,203.706,2.586,PUSH
6.503,0.32852,0.18796,203.706,2.581,PUSH
6.504,0.32852,0.18796,203.706,2.577,PUSH
6.505,0.32852,0.18796,203.706,2.572,PUSH
6.506,0.32852,0.18796,203.706,2.569,PUSH
6.507,0.32852,0.18796,203.706,2.565,PUSH
6.508,0.32852,0.18796,203.706,2.561,PUSH
6.509,0.32852,0.18796,203.706,2.558,PUSH
6.51,0.32852,0.18796,203.706,2.555,PUSH
6.511,0.32852,0.18796,203.706,2.551,PUSH
6.512,0.32852,0.18796,203.706,2.547,PUSH
6.513,0.32852,0.18796,203.706,2.544,PUSH
6.514,0.32852,0.18796,203.706,2.541,PUSH
6.515,0.32852,0.18796,203.706,2.537,PUSH
6.516,0.32852,0.18796,203.706,2.534,PUSH
6.517,0.32852,0.18796,203.706,2.531,PUSH
6.518,0.32852,0.18796,203.706,2.527,PUSH
6.519,0.32852,0.18796,203.706,2.524,PUSH
6.52,0.32852,0.18796,203.706,2.521,PUSH
6.521,0.32852,0.18796,203.706,2.517,PUSH
6.522,0.32852,0.18796,203.706,2.514,PUSH
6.523,0.32852,0.18796,203.706,2.51,PUSH
6.524,0.32852,0.18796,203.706,2.507,PUSH
6.525,0.32852,0.18796,203.706,2.504,PUSH
6.526,0.32852,0.18796,203.706,2.501,PUSH
6.527,0.32852,0.18796,203.706,2.499,PUSH
6.528,0.32852,0.18796,203.706,2.496,PUSH
6.529,0.32852,0.18796,203.706,2.493,PUSH
6.53,0.32852,0.18796,203.706,2.489,PUSH
6.531,0.32852,0.18796,203.706,2.487,PUSH
6.532,0.32852,0.18796,203.706,2.484,PUSH
6.533,0.32852,0.18796,203.706,2.481,PUSH
6.534,0.32755,0.18741,202.818,1.421,PUSH
6.535,0.32755,0.18741,202.818,1.419,PUSH
6.536,0.32755,0.18741,202.818,1.416,PUSH
6.537,0.32755,0.18741,202.818,1.413,PUSH
6.538,0.32755,0.18741,202.818,1.411,PUSH
6.539,0.32755,0.18741,202.818,1.409,PUSH
6.54,0.32755,0.18741,202.818,1.406,PUSH
6.541,0.32755,0.18741,202.818,1.405,PUSH
6.542,0.32755,0.18741,202.818,1.403,PUSH
6.543,0.32755,0.18741,202.818,1.4,PUSH
6.544,0.32755,0.18741,202.818,1.398,PUSH
6.545,0.32755,0.18741,202.818,1.396,PUSH
6.546,0.32755,0.18741,202.818,1.394,PUSH
6.547,0.32755,0.18741,202.818,1.392,PUSH
6.548,0.32755,0.18741,202.818,1.391,PUSH
6.549,0.32755,0.18741,202.818,1.389,PUSH
6.55,0.32755,0.18741,202.818,1.387,PUSH
6.551,0.32755,0.18741,202.818,1.385,PUSH
6.552,0.32755,0.18741,202.818,1.383,PUSH
6.553,0.32755,0.18741,202.818,1.381,PUSH
6.554,0.32755,0.18741,202.818,1.379,PUSH
6.555,0.32755,0.18741,202.818,1.378,PUSH
6.556,0.32755,0.18741,202.818,1.376,PUSH
6.557,0.32755,0.18741,202.818,1.374,PUSH
6.558,0.32755,0.18741,202.818,1.372,PUSH
6.559,0.32755,0.18741,202.818,1.37,PUSH
6.56,0.32755,0.18741,202.818,1.369,PUSH
6.561,0.32755,0.18741,202.818,1.367,PUSH
6.562,0.32755,0.18741,202.818,1.365,PUSH
6.563,0.32755,0.18741,202.818,1.364,PUSH
6.564,0.32755,0.18741,202.818,1.362,PUSH
6.565,0.32755,0.18741,202.818,1.36,PUSH
6.566,0.32755,0.18741,202.818,1.359,PUSH
6.567,0.32722,0.18793,203.175,0.585,PUSH
6.568,0.32722,0.18793,203.175,0.584,PUSH
6.569,0.32722,0.18793,203.175,0.583,PUSH
6.57,0.32722,0.18793,203.175,0.581,PUSH
6.571,0.32722,0.18793,203.175,0.58,PUSH
6.572,0.32722,0.18793,203.175,0.578,PUSH
6.573,0.32722,0.18793,203.175,0.577,PUSH
6.574,0.32722,0.18793,203.175,0.575,PUSH
6.575,0.32722,0.18793,203.175,0.574,PUSH
6.576,0.32722,0.18793,203.175,0.573,PUSH
6.577,0.32722,0.18793,203.175,0.572,PUSH
6.578,0.32722,0.18793,203.175,0.571,PUSH
6.579,0.32722,0.18793,203.175,0.57,PUSH
6.58,0.32722,0.18793,203.175,0.57,PUSH
6.581,0.32722,0.18793,203.175,0.569,PUSH
6.582,0.32722,0.18793,203.175,0.569,PUSH
6.583,0.32722,0.18793,203.175,0.569,PUSH
6.584,0.32722,0.18793,203.175,0.568,PUSH
6.585,0.32722,0.18793,203.175,0.568,PUSH
6.586,0.32722,0.18793,203.175,0.567,PUSH
6.587,0.32722,0.18793,203.175,0.567,PUSH
6.588,0.32722,0.18793,203.175,0.567,PUSH
6.589,0.32722,0.18793,203.175,0.566,PUSH
6.59,0.32722,0.18793,203.175,0.566,PUSH
6.591,0.32722,0.18793,203.175,0.566,PUSH
6.592,0.32722,0.18793,203.175,0.565,PUSH
6.593,0.32722,0.18793,203.175,0.565,PUSH
6.594,0.32722,0.18793,203.175,0.565,PUSH
6.595,0.32722,0.18793,203.175,0.564,PUSH
6.596,0.32722,0.18793,203.175,0.564,PUSH
6.597,0.32722,0.18793,203.175,0.564,PUSH
6.598,0.32722,0.18793,203.175,0.564,PUSH
6.599,0.32722,0.18793,203.175,0.563,PUSH
6.6,0.32803,0.1846,200.414,3.685,PUSH
6.601,0.32803,0.1846,200.414,3.684,PUSH
6.602,0.32803,0.1846,200.414,3.683,PUSH
6.603,0.32803,0.1846,200.414,3.681,PUSH
6.604,0.32803,0.1846,200.414,3.679,PUSH
6.605,0.32803,0.1846,200.414,3.677,PUSH
6.606,0.32803,0.1846,200.414,3.675,PUSH
6.607,0.32803,0.1846,200.414,3.672,PUSH
6.608,0.32803,0.1846,200.414,3.67,PUSH
6.609,0.32803,0.1846,200.414,3.668,PUSH
6.61,0.32803,0.1846,200.414,3.665,PUSH
6.611,0.32803,0.1846,200.414,3.663,PUSH
6.612,0.32803,0.1846,200.414,3.66,PUSH
6.613,0.32803,0.1846,200.414,3.657,PUSH
6.614,0.32803,0.1846,200.414,3.655,PUSH
6.615,0.32803,0.1846,200.414,3.653,PUSH
6.616,0.32803,0.1846,200.414,3.65,PUSH
6.617,0.32803,0.1846,200.414,3.647,PUSH
6.618,0.32803,0.1846,200.414,3.645,PUSH
6.619,0.32803,0.1846,200.414,3.641,PUSH
6.62,0.32803,0.1846,200.414,3.638,PUSH
6.621,0.32803,0.1846,200.414,3.636,PUSH
6.622,0.32803,0.1846,200.414,3.634,PUSH
6.623,0.32803,0.1846,200.414,3.631,PUSH
6.624,0.32803,0.1846,200.414,3.628,PUSH
6.625,0.32803,0.1846,200.414,3.625,PUSH
6.626,0.32803,0.1846,200.414,3.621,PUSH
6.627,0.32803,0.1846,200.414,3.618,PUSH
6.628,0.32803,0.1846,200.414,3.615,PUSH
6.629,0.32803,0.1846,200.414,3.613,PUSH
6.63,0.32803,0.1846,200.414,3.61,PUSH
6.631,0.32803,0.1846,200.414,3.607,PUSH
6.632,0.32803,0.1846,200.414,3.603,PUSH
6.633,0.32803,0.1846,200.414,3.601,PUSH
6.634,0.32931,0.18609,202.289,4.512,PUSH
6.635,0.32931,0.18609,202.289,4.509,PUSH
6.636,0.32931,0.18609,202.289,4.506,PUSH
6.637,0.32931,0.18609,202.289,4.502,PUSH
6.638,0.32931,0.18609,202.289,4.498,PUSH
6.639,0.32931,0.18609,202.289,4.495,PUSH
6.64,0.32931,0.18609,202.289,4.491,PUSH
6.641,0.32931,0.18609,202.289,4.487,PUSH
6.642,0.32931,0.18609,202.289,4.484,PUSH
6.643,0.32931,0.18609,202.289,4.48,PUSH
6.644,0.32931,0.18609,202.289,4.476,PUSH
6.645,0.32931,0.18609,202.289,4.473,PUSH
6.646,0.32931,0.18609,202.289,4.469,PUSH
6.647,0.32931,0.18609,202.289,4.465,PUSH
6.648,0.32931,0.18609,202.289,4.462,PUSH
6.649,0.32931,0.18609,202.289,4.458,PUSH
6.65,0.32931,0.18609,202.289,4.454,PUSH
6.651,0.32931,0.18609,202.289,4.451,PUSH
6.652,0.32931,0.18609,202.289,4.447,PUSH
6.653,0.32931,0.18609,202.289,4.443,PUSH
6.654,0.32931,0.18609,202.289,4.439,PUSH
6.655,0.32931,0.18609,202.289,4.436,PUSH
6.656,0.32931,0.18609,202.289,4.431,PUSH
6.657,0.32931,0.18609,202.289,4.428,PUSH
6.658,0.32931,0.18609,202.289,4.424,PUSH
6.659,0.32931,0.18609,202.289,4.42,PUSH
6.66,0.32931,0.18609,202.289,4.416,PUSH
6.661,0.32931,0.18609,202.289,4.412,PUSH
6.662,0.32931,0.18609,202.289,4.408,PUSH
6.663,0.32931,0.18609,202.289,4.405,PUSH
6.664,0.32931,0.18609,202.289,4.401,PUSH
6.665,0.32931,0.18609,202.289,4.396,PUSH
6.666,0.32931,0.18609,202.289,4.393,PUSH
6.667,0.32757,0.18458,200.218,2.834,PUSH
6.668,0.32757,0.18458,200.218,2.83,PUSH
6.669,0.32757,0.18458,200.218,2.827,PUSH
6.67,0.32757,0.18458,200.218,2.823,PUSH
6.671,0.32757,0.18458,200.218,2.82,PUSH
6.672,0.32757,0.18458,200.218,2.817,PUSH
6.673,0.32757,0.18458,200.218,2.814,PUSH
6.674,0.32757,0.18458,200.218,2.811,PUSH
6.675,0.32757,0.18458,200.218,2.808,PUSH
6.676,0.32757,0.18458,200.218,2.805,PUSH
6.677,0.32757,0.18458,200.218,2.802,PUSH
6.678,0.32757,0.18458,200.218,2.799,PUSH
6.679,0.32757,0.18458,200.218,2.796,PUSH
6.68,0.32757,0.18458,200.218,2.795,PUSH
6.681,0.32757,0.18458,200.218,2.792,PUSH
6.682,0.32757,0.18458,200.218,2.789,PUSH
6.683,0.32757,0.18458,200.218,2.786,PUSH
6.684,0.32757,0.18458,200.218,2.783,PUSH
6.685,0.32757,0.18458,200.218,2.78,PUSH
6.686,0.32757,0.18458,200.218,2.777,PUSH
6.687,0.32757,0.18458,200.218,2.774,PUSH
6.688,0.32757,0.18458,200.218,2.772,PUSH
6.689,0.32757,0.18458,200.218,2.769,PUSH
6.69,0.32757,0.18458,200.218,2.766,PUSH
6.691,0.32757,0.18458,200.218,2.764,PUSH
6.692,0.32757,0.18458,200.218,2.762,PUSH
6.693,0.32757,0.18458,200.218,2.759,PUSH
6.694,0.32757,0.18458,200.218,2.757,PUSH
6.695,0.32757,0.18458,200.218,2.755,PUSH
6.696,0.32757,0.18458,200.218,2.752,PUSH
6.697,0.32757,0.18458,200.218,2.749,PUSH
6.698,0.32757,0.18458,200.218,2.747,PUSH
6.699,0.32757,0.18458,200.218,2.744,PUSH
6.7,0.32757,0.18458,200.218,2.742,PUSH
6.701,0.32779,0.18507,200.75,2.759,PUSH
6.702,0.32779,0.18507,200.75,2.756,PUSH
6.703,0.32779,0.18507,200.75,2.753,PUSH
6.704,0.32779,0.18507,200.75,2.751,PUSH
6.705,0.32779,0.18507,200.75,2.748,PUSH
6.706,0.32779,0.18507,200.75,2.745,PUSH
6.707,0.32779,0.18507,200.75,2.743,PUSH
6.708,0.32779,0.18507,200.75,2.741,PUSH
6.709,0.32779,0.18507,200.75,2.738,PUSH
6.71,0.32779,0.18507,200.75,2.736,PUSH
6.711,0.32779,0.18507,200.75,2.734,PUSH
6.712,0.32779,0.18507,200.75,2.731,PUSH
6.713,0.32779,0.18507,200.75,2.728,PUSH
6.714,0.32779,0.18507,200.75,2.726,PUSH
6.715,0.32779,0.18507,200.75,2.725,PUSH
6.716,0.32779,0.18507,200.75,2.723,PUSH
6.717,0.32779,0.18507,200.75,2.72,PUSH
6.718,0.32779,0.18507,200.75,2.717,PUSH
6.719,0.32779,0.18507,200.75,2.714,PUSH
6.72,0.32779,0.18507,200.75,2.712,PUSH
6.721,0.32779,0.18507,200.75,2.709,PUSH
6.722,0.32779,0.18507,200.75,2.707,PUSH
6.723,0.32779,0.18507,200.75,2.705,PUSH
6.724,0.32779,0.18507,200.75,2.702,PUSH
6.725,0.32779,0.18507,200.75,2.7,PUSH
6.726,0.32779,0.18507,200.75,2.698,PUSH
6.727,0.32779,0.18507,200.75,2.696,PUSH
6.728,0.32779,0.18507,200.75,2.693,PUSH
6.729,0.32779,0.18507,200.75,2.691,PUSH
6.73,0.32779,0.18507,200.75,2.689,PUSH
6.731,0.32779,0.18507,200.75,2.686,PUSH
6.732,0.32779,0.18507,200.75,2.683,PUSH
6.733,0.32779,0.18507,200.75,2.681,PUSH
6.734,0.32857,0.1865,202.377,2.931,PUSH
6.735,0.32857,0.1865,202.377,2.929,PUSH
6.736,0.32857,0.1865,202.377,2.927,PUSH
6.737,0.32857,0.1865,202.377,2.925,PUSH
6.738,0.32857,0.1865,202.377,2.922,PUSH
6.739,0.32857,0.1865,202.377,2.919,PUSH
6.74,0.32857,0.1865,202.377,2.917,PUSH
6.741,0.32857,0.1865,202.377,2.914,PUSH
6.742,0.32857,0.1865,202.377,2.912,PUSH
6.743,0.32857,0.1865,202.377,2.91,PUSH
6.744,0.32857,0.1865,202.377,2.907,PUSH
6.745,0.32857,0.1865,202.377,2.905,PUSH
6.746,0.32857,0.1865,202.377,2.904,PUSH
6.747,0.32857,0.1865,202.377,2.902,PUSH
6.748,0.32857,0.1865,202.377,2.899,PUSH
6.749,0.32857,0.1865,202.377,2.898,PUSH
6.75,0.32857,0.1865,202.377,2.896,PUSH
6.751,0.32857,0.1865,202.377,2.894,PUSH
6.752,0.32857,0.1865,202.377,2.892,PUSH
6.753,0.32857,0.1865,202.377,2.891,PUSH
6.754,0.32857,0.1865,202.377,2.889,PUSH
6.755,0.32857,0.1865,202.377,2.887,PUSH
6.756,0.32857,0.1865,202.377,2.885,PUSH
6.757,0.32857,0.1865,202.377,2.883,PUSH
6.758,0.32857,0.1865,202.377,2.881,PUSH
6.759,0.32857,0.1865,202.377,2.879,PUSH
6.76,0.32857,0.1865,202.377,2.877,PUSH
6.761,0.32857,0.1865,202.377,2.875,PUSH
6.762,0.32857,0.1865,202.377,2.873,PUSH
6.763,0.32857,0.1865,202.377,2.871,PUSH
6.764,0.32857,0.1865,202.377,2.869,PUSH
6.765,0.32857,0.1865,202.377,2.866,PUSH
6.766,0.32857,0.1865,202.377,2.864,PUSH
6.767,0.32755,0.18463,200.253,2.544,PUSH
6.768,0.32755,0.18463,200.253,2.541,PUSH
6.769,0.32755,0.18463,200.253,2.539,PUSH
6.77,0.32755,0.18463,200.253,2.537,PUSH
6.771,0.32755,0.18463,200.253,2.535,PUSH
6.772,0.32755,0.18463,200.253,2.533,PUSH
6.773,0.32755,0.18463,200.253,2.531,PUSH
6.774,0.32755,0.18463,200.253,2.528,PUSH
6.775,0.32755,0.18463,200.253,2.526,PUSH
6.776,0.32755,0.18463,200.253,2.524,PUSH
6.777,0.32755,0.18463,200.253,2.522,PUSH
6.778,0.32755,0.18463,200.253,2.52,PUSH
6.779,0.32755,0.18463,200.253,2.517,PUSH
6.78,0.32755,0.18463,200.253,2.515,PUSH
6.781,0.32755,0.18463,200.253,2.513,PUSH
6.782,0.32755,0.18463,200.253,2.511,PUSH
6.783,0.32755,0.18463,200.253,2.508,PUSH
6.784,0.32755,0.18463,200.253,2.506,PUSH
6.785,0.32755,0.18463,200.253,2.504,PUSH
6.786,0.32755,0.18463,200.253,2.501,PUSH
6.787,0.32755,0.18463,200.253,2.499,PUSH
6.788,0.32755,0.18463,200.253,2.497,PUSH
6.789,0.32755,0.18463,200.253,2.495,PUSH
6.79,0.32755,0.18463,200.253,2.492,PUSH
6.791,0.32755,0.18463,200.253,2.49,PUSH
6.792,0.32755,0.18463,200.253,2.488,PUSH
6.793,0.32755,0.18463,200.253,2.485,PUSH
6.794,0.32755,0.18463,200.253,2.483,PUSH
6.795,0.32755,0.18463,200.253,2.48,PUSH
6.796,0.32755,0.18463,200.253,2.478,PUSH
6.797,0.32755,0.18463,200.253,2.476,PUSH
6.798,0.32755,0.18463,200.253,2.474,PUSH
6.799,0.32755,0.18463,200.253,2.471,PUSH
6.8,0.32755,0.18463,200.253,2.469,PUSH
6.801,0.32579,0.18193,197.086,1.567,PUSH
6.802,0.32579,0.18193,197.086,1.565,PUSH
6.803,0.32579,0.18193,197.086,1.562,PUSH
6.804,0.32579,0.18193,197.086,1.561,PUSH
6.805,0.32579,0.18193,197.086,1.559,PUSH
6.806,0.32579,0.18193,197.086,1.557,PUSH
6.807,0.32579,0.18193,197.086,1.555,PUSH
6.808,0.32579,0.18193,197.086,1.553,PUSH
6.809,0.32579,0.18193,197.086,1.551,PUSH
6.81,0.32579,0.18193,197.086,1.55,PUSH
6.811,0.32579,0.18193,197.086,1.548,PUSH
6.812,0.32579,0.18193,197.086,1.546,PUSH
6.813,0.32579,0.18193,197.086,1.545,PUSH
6.814,0.32579,0.18193,197.086,1.543,PUSH
6.815,0.32579,0.18193,197.086,1.541,PUSH
6.816,0.32579,0.18193,197.086,1.539,PUSH
6.817,0.32579,0.18193,197.086,1.538,PUSH
6.818,0.32579,0.18193,197.086,1.536,PUSH
6.819,0.32579,0.18193,197.086,1.534,PUSH
6.82,0.32579,0.18193,197.086,1.533,PUSH
6.821,0.32579,0.18193,197.086,1.531,PUSH
6.822,0.32579,0.18193,197.086,1.529,PUSH
6.823,0.32579,0.18193,197.086,1.528,PUSH
6.824,0.32579,0.18193,197.086,1.526,PUSH
6.825,0.32579,0.18193,197.086,1.525,PUSH
6.826,0.32579,0.18193,197.086,1.523,PUSH
6.827,0.32579,0.18193,197.086,1.521,PUSH
6.828,0.32579,0.18193,197.086,1.519,PUSH
6.829,0.32579,0.18193,197.086,1.518,PUSH
6.83,0.32579,0.18193,197.086,1.516,PUSH
6.831,0.32579,0.18193,197.086,1.514,PUSH
6.832,0.32579,0.18193,197.086,1.513,PUSH
6.833,0.32579,0.18193,197.086,1.511,PUSH
6.834,0.32824,0.18083,197.028,5.673,PUSH
6.835,0.32824,0.18083,197.028,5.67,PUSH
6.836,0.32824,0.18083,197.028,5.667,PUSH
6.837,0.32824,0.18083,197.028,5.664,PUSH
6.838,0.32824,0.18083,197.028,5.661,PUSH
6.839,0.32824,0.18083,197.028,5.657,PUSH
6.84,0.32824,0.18083,197.028,5.653,PUSH
6.841,0.32824,0.18083,197.028,5.649,PUSH
6.842,0.32824,0.18083,197.028,5.645,PUSH
6.843,0.32824,0.18083,197.028,5.64,PUSH
6.844,0.32824,0.18083,197.028,5.636,PUSH
6.845,0.32824,0.18083,197.028,5.631,PUSH
6.846,0.32824,0.18083,197.028,5.627,PUSH
6.847,0.32824,0.18083,197.028,5.622,PUSH
6.848,0.32824,0.18083,197.028,5.617,PUSH
6.849,0.32824,0.18083,197.028,5.612,PUSH
6.85,0.32824,0.18083,197.028,5.607,PUSH
6.851,0.32824,0.18083,197.028,5.602,PUSH
6.852,0.32824,0.18083,197.028,5.597,PUSH
6.853,0.32824,0.18083,197.028,5.592,PUSH
6.854,0.32824,0.18083,197.028,5.587,PUSH
6.855,0.32824,0.18083,197.028,5.582,PUSH
6.856,0.32824,0.18083,197.028,5.577,PUSH
6.857,0.32824,0.18083,197.028,5.573,PUSH
6.858,0.32824,0.18083,197.028,5.567,PUSH
6.859,0.32824,0.18083,197.028,5.563,PUSH
6.86,0.32824,0.18083,197.028,5.558,PUSH
6.861,0.32824,0.18083,197.028,5.553,PUSH
6.862,0.32824,0.18083,197.028,5.547,PUSH
6.863,0.32824,0.18083,197.028,5.542,PUSH
6.864,0.32824,0.18083,197.028,5.537,PUSH
6.865,0.32824,0.18083,197.028,5.532,PUSH
6.866,0.32824,0.18083,197.028,5.527,PUSH
6.867,0.32838,0.18137,197.582,5.392,PUSH
6.868,0.32838,0.18137,197.582,5.387,PUSH
6.869,0.32838,0.18137,197.582,5.382,PUSH
6.87,0.32838,0.18137,197.582,5.377,PUSH
6.871,0.32838,0.18137,197.582,5.372,PUSH
6.872,0.32838,0.18137,197.582,5.367,PUSH
6.873,0.32838,0.18137,197.582,5.362,PUSH
6.874,0.32838,0.18137,197.582,5.357,PUSH
6.875,0.32838,0.18137,197.582,5.352,PUSH
6.876,0.32838,0.18137,197.582,5.347,PUSH
6.877,0.32838,0.18137,197.582,5.342,PUSH
6.878,0.32838,0.18137,197.582,5.337,PUSH
6.879,0.32838,0.18137,197.582,5.332,PUSH
6.88,0.32838,0.18137,197.582,5.327,PUSH
6.881,0.32838,0.18137,197.582,5.322,PUSH
6.882,0.32838,0.18137,197.582,5.317,PUSH
6.883,0.32838,0.18137,197.582,5.312,PUSH
6.884,0.32838,0.18137,197.582,5.307,PUSH
6.885,0.32838,0.18137,197.582,5.301,PUSH
6.886,0.32838,0.18137,197.582,5.297,PUSH
6.887,0.32838,0.18137,197.582,5.292,PUSH
6.888,0.32838,0.18137,197.582,5.287,PUSH
6.889,0.32838,0.18137,197.582,5.282,PUSH
6.89,0.32838,0.18137,197.582,5.277,PUSH
6.891,0.32838,0.18137,197.582,5.272,PUSH
6.892,0.32838,0.18137,197.582,5.267,PUSH
6.893,0.32838,0.18137,197.582,5.262,PUSH
6.894,0.32838,0.18137,197.582,5.257,PUSH
6.895,0.32838,0.18137,197.582,5.252,PUSH
6.896,0.32838,0.18137,197.582,5.246,PUSH
6.897,0.32838,0.18137,197.582,5.242,PUSH
6.898,0.32838,0.18137,197.582,5.237,PUSH
6.899,0.32838,0.18137,197.582,5.232,PUSH
6.9,0.32825,0.1771,193.614,7.713,PUSH
6.901,0.32825,0.1771,193.614,7.708,PUSH
6.902,0.32825,0.1771,193.614,7.702,PUSH
6.903,0.32825,0.1771,193.614,7.695,PUSH
6.904,0.32825,0.1771,193.614,7.69,PUSH
6.905,0.32825,0.1771,193.614,7.683,PUSH
6.906,0.32825,0.1771,193.614,7.677,PUSH
6.907,0.32825,0.1771,193.614,7.67,PUSH
6.908,0.32825,0.1771,193.614,7.663,PUSH
6.909,0.32825,0.1771,193.614,7.657,PUSH
6.91,0.32825,0.1771,193.614,7.65,PUSH
6.911,0.32825,0.1771,193.614,7.643,PUSH
6.912,0.32825,0.1771,193.614,7.636,PUSH
6.913,0.32825,0.1771,193.614,7.629,PUSH
6.914,0.32825,0.1771,193.614,7.622,PUSH
6.915,0.32825,0.1771,193.614,7.615,PUSH
6.916,0.32825,0.1771,193.614,7.608,PUSH
6.917,0.32825,0.1771,193.614,7.601,PUSH
6.918,0.32825,0.1771,193.614,7.593,PUSH
6.919,0.32825,0.1771,193.614,7.586,PUSH
6.92,0.32825,0.1771,193.614,7.579,PUSH
6.921,0.32825,0.1771,193.614,7.572,PUSH
6.922,0.32825,0.1771,193.614,7.566,PUSH
6.923,0.32825,0.1771,193.614,7.559,PUSH
6.924,0.32825,0.1771,193.614,7.551,PUSH
6.925,0.32825,0.1771,193.614,7.544,PUSH
6.926,0.32825,0.1771,193.614,7.537,PUSH
6.927,0.32825,0.1771,193.614,7.53,PUSH
6.928,0.32825,0.1771,193.614,7.522,PUSH
6.929,0.32825,0.1771,193.614,7.515,PUSH
6.93,0.32825,0.1771,193.614,7.508,PUSH
6.931,0.32825,0.1771,193.614,7.501,PUSH
6.932,0.32825,0.1771,193.614,7.493,PUSH
6.933,0.32825,0.1771,193.614,7.486,PUSH
6.934,0.32974,0.17427,191.644,11.465,PUSH
6.935,0.32974,0.17427,191.644,11.457,PUSH
6.936,0.32974,0.17427,191.644,11.449,PUSH
6.937,0.32974,0.17427,191.644,11.44,PUSH
6.938,0.32974,0.17427,191.644,11.43,PUSH
6.939,0.32974,0.17427,191.644,11.42,PUSH
6.94,0.32974,0.17427,191.644,11.41,PUSH
6.941,0.32974,0.17427,191.644,11.4,PUSH
6.942,0.32974,0.17427,191.644,11.389,PUSH
6.943,0.32974,0.17427,191.644,11.378,PUSH
6.944,0.32974,0.17427,191.644,11.367,PUSH
6.945,0.32974,0.17427,191.644,11.357,PUSH
6.946,0.32974,0.17427,191.644,11.345,PUSH
6.947,0.32974,0.17427,191.644,11.335,PUSH
6.948,0.32974,0.17427,191.644,11.324,PUSH
6.949,0.32974,0.17427,191.644,11.312,PUSH
6.95,0.32974,0.17427,191.644,11.3,PUSH
6.951,0.32974,0.17427,191.644,11.289,PUSH
6.952,0.32974,0.17427,191.644,11.278,PUSH
6.953,0.32974,0.17427,191.644,11.266,PUSH
6.954,0.32974,0.17427,191.644,11.255,PUSH
6.955,0.32974,0.17427,191.644,11.244,PUSH
6.956,0.32974,0.17427,191.644,11.232,PUSH
6.957,0.32974,0.17427,191.644,11.22,PUSH
6.958,0.32974,0.17427,191.644,11.209,PUSH
6.959,0.32974,0.17427,191.644,11.197,PUSH
6.96,0.32974,0.17427,191.644,11.185,PUSH
6.961,0.32974,0.17427,191.644,11.174,PUSH
6.962,0.32974,0.17427,191.644,11.162,PUSH
6.963,0.32974,0.17427,191.644,11.15,PUSH
6.964,0.32974,0.17427,191.644,11.138,PUSH
6.965,0.32974,0.17427,191.644,11.127,PUSH
6.966,0.32974,0.17427,191.644,11.115,PUSH
6.967,0.32932,0.1778,194.692,8.216,PUSH
6.968,0.32932,0.1778,194.692,8.205,PUSH
6.969,0.32932,0.1778,194.692,8.194,PUSH
6.97,0.32932,0.1778,194.692,8.184,PUSH
6.971,0.32932,0.1778,194.692,8.174,PUSH
6.972,0.32932,0.1778,194.692,8.164,PUSH
6.973,0.32932,0.1778,194.692,8.154,PUSH
6.974,0.32932,0.1778,194.692,8.143,PUSH
6.975,0.32932,0.1778,194.692,8.134,PUSH
6.976,0.32932,0.1778,194.692,8.125,PUSH
6.977,0.32932,0.1778,194.692,8.115,PUSH
6.978,0.32932,0.1778,194.692,8.107,PUSH
6.979,0.32932,0.1778,194.692,8.098,PUSH
6.98,0.32932,0.1778,194.692,8.088,PUSH
6.981,0.32932,0.1778,194.692,8.08,PUSH
6.982,0.32932,0.1778,194.692,8.071,PUSH
6.983,0.32932,0.1778,194.692,8.062,PUSH
6.984,0.32932,0.1778,194.692,8.053,PUSH
6.985,0.32932,0.1778,194.692,8.045,PUSH
6.986,0.32932,0.1778,194.692,8.036,PUSH
6.987,0.32932,0.1778,194.692,8.027,PUSH
6.988,0.32932,0.1778,194.692,8.019,PUSH
6.989,0.32932,0.1778,194.692,8.01,PUSH
6.99,0.32932,0.1778,194.692,8.002,PUSH
6.991,0.32932,0.1778,194.692,7.993,PUSH
6.992,0.32932,0.1778,194.692,7.984,PUSH
6.993,0.32932,0.1778,194.692,7.976,PUSH
6.994,0.32932,0.1778,194.692,7.967,PUSH
6.995,0.32932,0.1778,194.692,7.959,PUSH
6.996,0.32932,0.1778,194.692,7.951,PUSH
6.997,0.32932,0.1778,194.692,7.942,PUSH
6.998,0.32932,0.1778,194.692,7.934,PUSH
6.999,0.32932,0.1778,194.692,7.926,PUSH
7.0,0.32932,0.1778,194.692,7.917,PUSH
7.001,0.3276,0.17852,194.659,4.996,PUSH
7.002,0.3276,0.17852,194.659,4.989,PUSH
7.003,0.3276,0.17852,194.659,4.981,PUSH
7.004,0.3276,0.17852,194.659,4.974,PUSH
7.005,0.3276,0.17852,194.659,4.967,PUSH
7.006,0.3276,0.17852,194.659,4.961,PUSH
7.007,0.3276,0.17852,194.659,4.954,PUSH
7.008,0.3276,0.17852,194.659,4.948,PUSH
7.009,0.3276,0.17852,194.659,4.943,PUSH
7.01,0.3276,0.17852,194.659,4.937,PUSH
7.011,0.3276,0.17852,194.659,4.931,PUSH
7.012,0.3276,0.17852,194.659,4.925,PUSH
7.013,0.3276,0.17852,194.659,4.92,PUSH
7.014,0.3276,0.17852,194.659,4.914,PUSH
7.015,0.3276,0.17852,194.659,4.908,PUSH
7.016,0.3276,0.17852,194.659,4.903,PUSH
7.017,0.3276,0.17852,194.659,4.898,PUSH
7.018,0.3276,0.17852,194.659,4.892,PUSH
7.019,0.3276,0.17852,194.659,4.887,PUSH
7.02,0.3276,0.17852,194.659,4.882,PUSH
7.021,0.3276,0.17852,194.659,4.876,PUSH
7.022,0.3276,0.17852,194.659,4.871,PUSH
7.023,0.3276,0.17852,194.659,4.865,PUSH
7.024,0.3276,0.17852,194.659,4.86,PUSH
7.025,0.3276,0.17852,194.659,4.855,PUSH
7.026,0.3276,0.17852,194.659,4.849,PUSH
7.027,0.3276,0.17852,194.659,4.845,PUSH
7.028,0.3276,0.17852,194.659,4.839,PUSH
7.029,0.3276,0.17852,194.659,4.834,PUSH
7.03,0.3276,0.17852,194.659,4.828,PUSH
7.031,0.3276,0.17852,194.659,4.823,PUSH
7.032,0.3276,0.17852,194.659,4.818,PUSH
7.033,0.3276,0.17852,194.659,4.813,PUSH
7.034,0.32394,0.18052,195.077,1.638,PUSH
7.035,0.32394,0.18052,195.077,1.642,PUSH
7.036,0.32394,0.18052,195.077,1.645,PUSH
7.037,0.32394,0.18052,195.077,1.648,PUSH
7.038,0.32394,0.18052,195.077,1.65,PUSH
7.039,0.32394,0.18052,195.077,1.652,PUSH
7.04,0.32394,0.18052,195.077,1.655,PUSH
7.041,0.32394,0.18052,195.077,1.658,PUSH
7.042,0.32394,0.18052,195.077,1.659,PUSH
7.043,0.32394,0.18052,195.077,1.661,PUSH
7.044,0.32394,0.18052,195.077,1.663,PUSH
7.045,0.32394,0.18052,195.077,1.665,PUSH
7.046,0.32394,0.18052,195.077,1.666,PUSH
7.047,0.32394,0.18052,195.077,1.667,PUSH
7.048,0.32394,0.18052,195.077,1.668,PUSH
7.049,0.32394,0.18052,195.077,1.669,PUSH
7.05,0.32394,0.18052,195.077,1.669,PUSH
7.051,0.32394,0.18052,195.077,1.67,PUSH
7.052,0.32394,0.18052,195.077,1.671,PUSH
7.053,0.32394,0.18052,195.077,1.672,PUSH
7.054,0.32394,0.18052,195.077,1.672,PUSH
7.055,0.32394,0.18052,195.077,1.672,PUSH
7.056,0.32394,0.18052,195.077,1.673,PUSH
7.057,0.32394,0.18052,195.077,1.674,PUSH
7.058,0.32394,0.18052,195.077,1.674,PUSH
7.059,0.32394,0.18052,195.077,1.674,PUSH
7.06,0.32394,0.18052,195.077,1.675,PUSH
7.061,0.32394,0.18052,195.077,1.676,PUSH
7.062,0.32394,0.18052,195.077,1.676,PUSH
7.063,0.32394,0.18052,195.077,1.676,PUSH
7.064,0.32394,0.18052,195.077,1.677,PUSH
7.065,0.32394,0.18052,195.077,1.678,PUSH
7.066,0.32394,0.18052,195.077,1.678,PUSH
7.067,0.32474,0.17694,192.077,1.61,PUSH
7.068,0.32474,0.17694,192.077,1.609,PUSH
7.069,0.32474,0.17694,192.077,1.607,PUSH
7.07,0.32474,0.17694,192.077,1.606,PUSH
7.071,0.32474,0.17694,192.077,1.604,PUSH
7.072,0.32474,0.17694,192.077,1.601,PUSH
7.073,0.32474,0.17694,192.077,1.599,PUSH
7.074,0.32474,0.17694,192.077,1.597,PUSH
7.075,0.32474,0.17694,192.077,1.594,PUSH
7.076,0.32474,0.17694,192.077,1.592,PUSH
7.077,0.32474,0.17694,192.077,1.589,PUSH
7.078,0.32474,0.17694,192.077,1.586,PUSH
7.079,0.32474,0.17694,192.077,1.584,PUSH
7.08,0.32474,0.17694,192.077,1.581,PUSH
7.081,0.32474,0.17694,192.077,1.578,PUSH
7.082,0.32474,0.17694,192.077,1.576,PUSH
7.083,0.32474,0.17694,192.077,1.573,PUSH
7.084,0.32474,0.17694,192.077,1.57,PUSH
7.085,0.32474,0.17694,192.077,1.567,PUSH
7.086,0.32474,0.17694,192.077,1.565,PUSH
7.087,0.32474,0.17694,192.077,1.562,PUSH
7.088,0.32474,0.17694,192.077,1.559,PUSH
7.089,0.32474,0.17694,192.077,1.557,PUSH
7.09,0.32474,0.17694,192.077,1.554,PUSH
7.091,0.32474,0.17694,192.077,1.551,PUSH
7.092,0.32474,0.17694,192.077,1.548,PUSH
7.093,0.32474,0.17694,192.077,1.546,PUSH
7.094,0.32474,0.17694,192.077,1.543,PUSH
7.095,0.32474,0.17694,192.077,1.54,PUSH
7.096,0.32474,0.17694,192.077,1.537,PUSH
7.097,0.32474,0.17694,192.077,1.534,PUSH
7.098,0.32474,0.17694,192.077,1.531,PUSH
7.099,0.32474,0.17694,192.077,1.528,PUSH
7.1,0.3245,0.17563,190.773,1.992,PUSH
7.101,0.3245,0.17563,190.773,1.989,PUSH
7.102,0.3245,0.17563,190.773,1.986,PUSH
7.103,0.3245,0.17563,190.773,1.983,PUSH
7.104,0.3245,0.17563,190.773,1.98,PUSH
7.105,0.3245,0.17563,190.773,1.977,PUSH
7.106,0.3245,0.17563,190.773,1.974,PUSH
7.107,0.3245,0.17563,190.773,1.97,PUSH
7.108,0.3245,0.17563,190.773,1.968,PUSH
7.109,0.3245,0.17563,190.773,1.965,PUSH
7.11,0.3245,0.17563,190.773,1.961,PUSH
7.111,0.3245,0.17563,190.773,1.959,PUSH
7.112,0.3245,0.17563,190.773,1.956,PUSH
7.113,0.3245,0.17563,190.773,1.952,PUSH
7.114,0.3245,0.17563,190.773,1.949,PUSH
7.115,0.3245,0.17563,190.773,1.946,PUSH
7.116,0.3245,0.17563,190.773,1.943,PUSH
7.117,0.3245,0.17563,190.773,1.94,PUSH
7.118,0.3245,0.17563,190.773,1.936,PUSH
7.119,0.3245,0.17563,190.773,1.934,PUSH
7.12,0.3245,0.17563,190.773,1.93,PUSH
7.121,0.3245,0.17563,190.773,1.927,PUSH
7.122,0.3245,0.17563,190.773,1.924,PUSH
7.123,0.3245,0.17563,190.773,1.921,PUSH
7.124,0.3245,0.17563,190.773,1.918,PUSH
7.125,0.3245,0.17563,190.773,1.914,PUSH
7.126,0.3245,0.17563,190.773,1.912,PUSH
7.127,0.3245,0.17563,190.773,1.909,PUSH
7.128,0.3245,0.17563,190.773,1.905,PUSH
7.129,0.3245,0.17563,190.773,1.902,PUSH
7.13,0.3245,0.17563,190.773,1.899,PUSH
7.131,0.3245,0.17563,190.773,1.896,PUSH
7.132,0.3245,0.17563,190.773,1.893,PUSH
7.133,0.3245,0.17563,190.773,1.89,PUSH
7.134,0.32005,0.17951,192.7,6.891,PUSH
7.135,0.32005,0.17951,192.7,6.893,PUSH
7.136,0.32005,0.17951,192.7,6.894,PUSH
7.137,0.32005,0.17951,192.7,6.894,PUSH
7.138,0.32005,0.17951,192.7,6.893,PUSH
7.139,0.32005,0.17951,192.7,6.892,PUSH
7.14,0.32005,0.17951,192.7,6.89,PUSH
7.141,0.32005,0.17951,192.7,6.888,PUSH
7.142,0.32005,0.17951,192.7,6.886,PUSH
7.143,0.32005,0.17951,192.7,6.883,PUSH
7.144,0.32005,0.17951,192.7,6.88,PUSH
7.145,0.32005,0.17951,192.7,6.877,PUSH
7.146,0.32005,0.17951,192.7,6.874,PUSH
7.147,0.32005,0.17951,192.7,6.871,PUSH
7.148,0.32005,0.17951,192.7,6.867,PUSH
7.149,0.32005,0.17951,192.7,6.863,PUSH
7.15,0.32005,0.17951,192.7,6.86,PUSH
7.151,0.32005,0.17951,192.7,6.856,PUSH
7.152,0.32005,0.17951,192.7,6.852,PUSH
7.153,0.32005,0.17951,192.7,6.848,PUSH
7.154,0.32005,0.17951,192.7,6.844,PUSH
7.155,0.32005,0.17951,192.7,6.84,PUSH
7.156,0.32005,0.17951,192.7,6.835,PUSH
7.157,0.32005,0.17951,192.7,6.831,PUSH
7.158,0.32005,0.17951,192.7,6.827,PUSH
7.159,0.32005,0.17951,192.7,6.823,PUSH
7.16,0.32005,0.17951,192.7,6.819,PUSH
7.161,0.32005,0.17951,192.7,6.814,PUSH
7.162,0.32005,0.17951,192.7,6.81,PUSH
7.163,0.32005,0.17951,192.7,6.806,PUSH
7.164,0.32005,0.17951,192.7,6.802,PUSH
7.165,0.32005,0.17951,192.7,6.797,PUSH
7.166,0.32005,0.17951,192.7,6.793,PUSH
7.167,0.32185,0.17819,192.129,3.407,PUSH
7.168,0.32185,0.17819,192.129,3.403,PUSH
7.169,0.32185,0.17819,192.129,3.4,PUSH
7.17,0.32185,0.17819,192.129,3.397,PUSH
7.171,0.32185,0.17819,192.129,3.395,PUSH
7.172,0.32185,0.17819,192.129,3.392,PUSH
7.173,0.32185,0.17819,192.129,3.39,PUSH
7.174,0.32185,0.17819,192.129,3.388,PUSH
7.175,0.32185,0.17819,192.129,3.386,PUSH
7.176,0.32185,0.17819,192.129,3.384,PUSH
7.177,0.32185,0.17819,192.129,3.382,PUSH
7.178,0.32185,0.17819,192.129,3.38,PUSH
7.179,0.32185,0.17819,192.129,3.379,PUSH
7.18,0.32185,0.17819,192.129,3.377,PUSH
7.181,0.32185,0.17819,192.129,3.375,PUSH
7.182,0.32185,0.17819,192.129,3.374,PUSH
7.183,0.32185,0.17819,192.129,3.373,PUSH
7.184,0.32185,0.17819,192.129,3.371,PUSH
7.185,0.32185,0.17819,192.129,3.369,PUSH
7.186,0.32185,0.17819,192.129,3.368,PUSH
7.187,0.32185,0.17819,192.129,3.366,PUSH
7.188,0.32185,0.17819,192.129,3.364,PUSH
7.189,0.32185,0.17819,192.129,3.363,PUSH
7.19,0.32185,0.17819,192.129,3.362,PUSH
7.191,0.32185,0.17819,192.129,3.36,PUSH
7.192,0.32185,0.17819,192.129,3.358,PUSH
7.193,0.32185,0.17819,192.129,3.357,PUSH
7.194,0.32185,0.17819,192.129,3.355,PUSH
7.195,0.32185,0.17819,192.129,3.354,PUSH
7.196,0.32185,0.17819,192.129,3.352,PUSH
7.197,0.32185,0.17819,192.129,3.35,PUSH
7.198,0.32185,0.17819,192.129,3.349,PUSH
7.199,0.32185,0.17819,192.129,3.347,PUSH
7.2,0.32185,0.17819,192.129,3.345,PUSH
7.201,0.32208,0.17644,190.598,1.988,PUSH
7.202,0.32208,0.17644,190.598,1.987,PUSH
7.203,0.32208,0.17644,190.598,1.986,PUSH
7.204,0.32208,0.17644,190.598,1.984,PUSH
7.205,0.32208,0.17644,190.598,1.983,PUSH
7.206,0.32208,0.17644,190.598,1.982,PUSH
7.207,0.32208,0.17644,190.598,1.982,PUSH
7.208,0.32208,0.17644,190.598,1.981,PUSH
7.209,0.32208,0.17644,190.598,1.98,PUSH
7.21,0.32208,0.17644,190.598,1.979,PUSH
7.211,0.32208,0.17644,190.598,1.979,PUSH
7.212,0.32208,0.17644,190.598,1.977,PUSH
7.213,0.32208,0.17644,190.598,1.977,PUSH
7.214,0.32208,0.17644,190.598,1.976,PUSH
7.215,0.32208,0.17644,190.598,1.976,PUSH
7.216,0.32208,0.17644,190.598,1.974,PUSH
7.217,0.32208,0.17644,190.598,1.974,PUSH
7.218,0.32208,0.17644,190.598,1.973,PUSH
7.219,0.32208,0.17644,190.598,1.972,PUSH
7.22,0.32208,0.17644,190.598,1.971,PUSH
7.221,0.32208,0.17644,190.598,1.971,PUSH
7.222,0.32208,0.17644,190.598,1.97,PUSH
7.223,0.32208,0.17644,190.598,1.969,PUSH
7.224,0.32208,0.17644,190.598,1.969,PUSH
7.225,0.32208,0.17644,190.598,1.968,PUSH
7.226,0.32208,0.17644,190.598,1.968,PUSH
7.227,0.32208,0.17644,190.598,1.967,PUSH
7.228,0.32208,0.17644,190.598,1.966,PUSH
7.229,0.32208,0.17644,190.598,1.965,PUSH
7.23,0.32208,0.17644,190.598,1.964,PUSH
7.231,0.32208,0.17644,190.598,1.963,PUSH
7.232,0.32208,0.17644,190.598,1.963,PUSH
7.233,0.32208,0.17644,190.598,1.962,PUSH
7.234,0.32004,0.17648,189.87,4.957,PUSH
7.235,0.32004,0.17648,189.87,4.956,PUSH
7.236,0.32004,0.17648,189.87,4.954,PUSH
7.237,0.32004,0.17648,189.87,4.953,PUSH
7.238,0.32004,0.17648,189.87,4.95,PUSH
7.239,0.32004,0.17648,189.87,4.947,PUSH
7.24,0.32004,0.17648,189.87,4.945,PUSH
7.241,0.32004,0.17648,189.87,4.942,PUSH
7.242,0.32004,0.17648,189.87,4.939,PUSH
7.243,0.32004,0.17648,189.87,4.936,PUSH
7.244,0.32004,0.17648,189.87,4.933,PUSH
7.245,0.32004,0.17648,189.87,4.93,PUSH
7.246,0.32004,0.17648,189.87,4.927,PUSH
7.247,0.32004,0.17648,189.87,4.923,PUSH
7.248,0.32004,0.17648,189.87,4.92,PUSH
7.249,0.32004,0.17648,189.87,4.917,PUSH
7.25,0.32004,0.17648,189.87,4.913,PUSH
7.251,0.32004,0.17648,189.87,4.91,PUSH
7.252,0.32004,0.17648,189.87,4.906,PUSH
7.253,0.32004,0.17648,189.87,4.902,PUSH
7.254,0.32004,0.17648,189.87,4.899,PUSH
7.255,0.32004,0.17648,189.87,4.896,PUSH
7.256,0.32004,0.17648,189.87,4.892,PUSH
7.257,0.32004,0.17648,189.87,4.888,PUSH
7.258,0.32004,0.17648,189.87,4.885,PUSH
7.259,0.32004,0.17648,189.87,4.882,PUSH
7.26,0.32004,0.17648,189.87,4.878,PUSH
7.261,0.32004,0.17648,189.87,4.874,PUSH
7.262,0.32004,0.17648,189.87,4.871,PUSH
7.263,0.32004,0.17648,189.87,4.867,PUSH
7.264,0.32004,0.17648,189.87,4.863,PUSH
7.265,0.32004,0.17648,189.87,4.86,PUSH
7.266,0.32004,0.17648,189.87,4.856,PUSH
7.267,0.32003,0.17725,190.585,5.329,PUSH
7.268,0.32003,0.17725,190.585,5.325,PUSH
7.269,0.32003,0.17725,190.585,5.321,PUSH
7.27,0.32003,0.17725,190.585,5.318,PUSH
7.271,0.32003,0.17725,190.585,5.314,PUSH
7.272,0.32003,0.17725,190.585,5.31,PUSH
7.273,0.32003,0.17725,190.585,5.306,PUSH
7.274,0.32003,0.17725,190.585,5.302,PUSH
7.275,0.32003,0.17725,190.585,5.298,PUSH
7.276,0.32003,0.17725,190.585,5.293,PUSH
7.277,0.32003,0.17725,190.585,5.289,PUSH
7.278,0.32003,0.17725,190.585,5.286,PUSH
7.279,0.32003,0.17725,190.585,5.281,PUSH
7.28,0.32003,0.17725,190.585,5.277,PUSH
7.281,0.32003,0.17725,190.585,5.273,PUSH
7.282,0.32003,0.17725,190.585,5.269,PUSH
7.283,0.32003,0.17725,190.585,5.265,PUSH
7.284,0.32003,0.17725,190.585,5.261,PUSH
7.285,0.32003,0.17725,190.585,5.256,PUSH
7.286,0.32003,0.17725,190.585,5.253,PUSH
7.287,0.32003,0.17725,190.585,5.248,PUSH
7.288,0.32003,0.17725,190.585,5.244,PUSH
7.289,0.32003,0.17725,190.585,5.24,PUSH
7.29,0.32003,0.17725,190.585,5.235,PUSH
7.291,0.32003,0.17725,190.585,5.23,PUSH
7.292,0.32003,0.17725,190.585,5.226,PUSH
7.293,0.32003,0.17725,190.585,5.223,PUSH
7.294,0.32003,0.17725,190.585,5.219,PUSH
7.295,0.32003,0.17725,190.585,5.214,PUSH
7.296,0.32003,0.17725,190.585,5.21,PUSH
7.297,0.32003,0.17725,190.585,5.206,PUSH
7.298,0.32003,0.17725,190.585,5.201,PUSH
7.299,0.32003,0.17725,190.585,5.196,PUSH
7.3,0.32003,0.17725,190.585,5.192,PUSH
7.301,0.32146,0.1778,191.622,3.423,PUSH
7.302,0.32146,0.1778,191.622,3.419,PUSH
7.303,0.32146,0.1778,191.622,3.415,PUSH
7.304,0.32146,0.1778,191.622,3.412,PUSH
7.305,0.32146,0.1778,191.622,3.409,PUSH
7.306,0.32146,0.1778,191.622,3.405,PUSH
7.307,0.32146,0.1778,191.622,3.402,PUSH
7.308,0.32146,0.1778,191.622,3.399,PUSH
7.309,0.32146,0.1778,191.622,3.396,PUSH
7.31,0.32146,0.1778,191.622,3.392,PUSH
7.311,0.32146,0.1778,191.622,3.389,PUSH
7.312,0.32146,0.1778,191.622,3.387,PUSH
7.313,0.32146,0.1778,191.622,3.383,PUSH
7.314,0.32146,0.1778,191.622,3.38,PUSH
7.315,0.32146,0.1778,191.622,3.378,PUSH
7.316,0.32146,0.1778,191.622,3.375,PUSH
7.317,0.32146,0.1778,191.622,3.372,PUSH
7.318,0.32146,0.1778,191.622,3.369,PUSH
7.319,0.32146,0.1778,191.622,3.367,PUSH
7.32,0.32146,0.1778,191.622,3.364,PUSH
7.321,0.32146,0.1778,191.622,3.361,PUSH
7.322,0.32146,0.1778,191.622,3.358,PUSH
7.323,0.32146,0.1778,191.622,3.356,PUSH
7.324,0.32146,0.1778,191.622,3.352,PUSH
7.325,0.32146,0.1778,191.622,3.349,PUSH
7.326,0.32146,0.1778,191.622,3.347,PUSH
7.327,0.32146,0.1778,191.622,3.345,PUSH
7.328,0.32146,0.1778,191.622,3.341,PUSH
7.329,0.32146,0.1778,191.622,3.339,PUSH
7.33,0.32146,0.1778,191.622,3.336,PUSH
7.331,0.32146,0.1778,191.622,3.334,PUSH
7.332,0.32146,0.1778,191.622,3.33,PUSH
7.333,0.32146,0.1778,191.622,3.328,PUSH
7.334,0.32177,0.17808,192.003,3.037,PUSH
7.335,0.32177,0.17808,192.003,3.033,PUSH
7.336,0.32177,0.17808,192.003,3.031,PUSH
7.337,0.32177,0.17808,192.003,3.028,PUSH
7.338,0.32177,0.17808,192.003,3.026,PUSH
7.339,0.32177,0.17808,192.003,3.023,PUSH
7.34,0.32177,0.17808,192.003,3.02,PUSH
7.341,0.32177,0.17808,192.003,3.018,PUSH
7.342,0.32177,0.17808,192.003,3.015,PUSH
7.343,0.32177,0.17808,192.003,3.012,PUSH
7.344,0.32177,0.17808,192.003,3.01,PUSH
7.345,0.32177,0.17808,192.003,3.007,PUSH
7.346,0.32177,0.17808,192.003,3.004,PUSH
7.347,0.32177,0.17808,192.003,3.001,PUSH
7.348,0.32177,0.17808,192.003,2.999,PUSH
7.349,0.32177,0.17808,192.003,2.997,PUSH
7.35,0.32177,0.17808,192.003,2.994,PUSH
7.351,0.32177,0.17808,192.003,2.991,PUSH
7.352,0.32177,0.17808,192.003,2.989,PUSH
7.353,0.32177,0.17808,192.003,2.986,PUSH
7.354,0.32177,0.17808,192.003,2.983,PUSH
7.355,0.32177,0.17808,192.003,2.981,PUSH
7.356,0.32177,0.17808,192.003,2.978,PUSH
7.357,0.32177,0.17808,192.003,2.975,PUSH
7.358,0.32177,0.17808,192.003,2.972,PUSH
7.359,0.32177,0.17808,192.003,2.97,PUSH
7.36,0.32177,0.17808,192.003,2.968,PUSH
7.361,0.32177,0.17808,192.003,2.965,PUSH
7.362,0.32177,0.17808,192.003,2.962,PUSH
7.363,0.32177,0.17808,192.003,2.96,PUSH
7.364,0.32177,0.17808,192.003,2.956,PUSH
7.365,0.32177,0.17808,192.003,2.954,PUSH
7.366,0.32177,0.17808,192.003,2.951,PUSH
7.367,0.32385,0.17328,188.361,2.931,PUSH
7.368,0.32385,0.17328,188.361,2.933,PUSH
7.369,0.32385,0.17328,188.361,2.933,PUSH
7.37,0.32385,0.17328,188.361,2.933,PUSH
7.371,0.32385,0.17328,188.361,2.932,PUSH
7.372,0.32385,0.17328,188.361,2.931,PUSH
7.373,0.32385,0.17328,188.361,2.93,PUSH
7.374,0.32385,0.17328,188.361,2.927,PUSH
7.375,0.32385,0.17328,188.361,2.926,PUSH
7.376,0.32385,0.17328,188.361,2.923,PUSH
7.377,0.32385,0.17328,188.361,2.921,PUSH
7.378,0.32385,0.17328,188.361,2.917,PUSH
7.379,0.32385,0.17328,188.361,2.915,PUSH
7.38,0.32385,0.17328,188.361,2.912,PUSH
7.381,0.32385,0.17328,188.361,2.909,PUSH
7.382,0.32385,0.17328,188.361,2.906,PUSH
7.383,0.32385,0.17328,188.361,2.903,PUSH
7.384,0.32385,0.17328,188.361,2.899,PUSH
7.385,0.32385,0.17328,188.361,2.895,PUSH
7.386,0.32385,0.17328,188.361,2.892,PUSH
7.387,0.32385,0.17328,188.361,2.889,PUSH
7.388,0.32385,0.17328,188.361,2.885,PUSH
7.389,0.32385,0.17328,188.361,2.882,PUSH
7.39,0.32385,0.17328,188.361,2.879,PUSH
7.391,0.32385,0.17328,188.361,2.875,PUSH
7.392,0.32385,0.17328,188.361,2.872,PUSH
7.393,0.32385,0.17328,188.361,2.869,PUSH
7.394,0.32385,0.17328,188.361,2.865,PUSH
7.395,0.32385,0.17328,188.361,2.861,PUSH
7.396,0.32385,0.17328,188.361,2.858,PUSH
7.397,0.32385,0.17328,188.361,2.854,PUSH
7.398,0.32385,0.17328,188.361,2.85,PUSH
7.399,0.32385,0.17328,188.361,2.847,PUSH
7.4,0.32276,0.17044,185.325,3.018,PUSH
7.401,0.32276,0.17044,185.325,3.014,PUSH
7.402,0.32276,0.17044,185.325,3.011,PUSH
7.403,0.32276,0.17044,185.325,3.008,PUSH
7.404,0.32276,0.17044,185.325,3.003,PUSH
7.405,0.32276,0.17044,185.325,2.999,PUSH
7.406,0.32276,0.17044,185.325,2.996,PUSH
7.407,0.32276,0.17044,185.325,2.992,PUSH
7.408,0.32276,0.17044,185.325,2.988,PUSH
7.409,0.32276,0.17044,185.325,2.985,PUSH
7.41,0.32276,0.17044,185.325,2.981,PUSH
7.411,0.32276,0.17044,185.325,2.977,PUSH
7.412,0.32276,0.17044,185.325,2.973,PUSH
7.413,0.32276,0.17044,185.325,2.97,PUSH
7.414,0.32276,0.17044,185.325,2.965,PUSH
7.415,0.32276,0.17044,185.325,2.961,PUSH
7.416,0.32276,0.17044,185.325,2.957,PUSH
7.417,0.32276,0.17044,185.325,2.953,PUSH
7.418,0.32276,0.17044,185.325,2.949,PUSH
7.419,0.32276,0.17044,185.325,2.946,PUSH
7.42,0.32276,0.17044,185.325,2.942,PUSH
7.421,0.32276,0.17044,185.325,2.938,PUSH
7.422,0.32276,0.17044,185.325,2.935,PUSH
7.423,0.32276,0.17044,185.325,2.931,PUSH
7.424,0.32276,0.17044,185.325,2.927,PUSH
7.425,0.32276,0.17044,185.325,2.922,PUSH
7.426,0.32276,0.17044,185.325,2.919,PUSH
7.427,0.32276,0.17044,185.325,2.915,PUSH
7.428,0.32276,0.17044,185.325,2.91,PUSH
7.429,0.32276,0.17044,185.325,2.907,PUSH
7.43,0.32276,0.17044,185.325,2.903,PUSH
7.431,0.32276,0.17044,185.325,2.899,PUSH
7.432,0.32276,0.17044,185.325,2.896,PUSH
7.433,0.32276,0.17044,185.325,2.892,PUSH
7.434,0.32165,0.17196,186.289,0.315,PUSH
7.435,0.32165,0.17196,186.289,0.311,PUSH
7.436,0.32165,0.17196,186.289,0.308,PUSH
7.437,0.32165,0.17196,186.289,0.305,PUSH
7.438,0.32165,0.17196,186.289,0.302,PUSH
7.439,0.32165,0.17196,186.289,0.301,PUSH
7.44,0.32165,0.17196,186.289,0.299,PUSH
7.441,0.32165,0.17196,186.289,0.297,PUSH
7.442,0.32165,0.17196,186.289,0.295,PUSH
7.443,0.32165,0.17196,186.289,0.294,PUSH
7.444,0.32165,0.17196,186.289,0.292,PUSH
7.445,0.32165,0.17196,186.289,0.29,PUSH
7.446,0.32165,0.17196,186.289,0.289,PUSH
7.447,0.32165,0.17196,186.289,0.288,PUSH
7.448,0.32165,0.17196,186.289,0.286,PUSH
7.449,0.32165,0.17196,186.289,0.286,PUSH
7.45,0.32165,0.17196,186.289,0.285,PUSH
7.451,0.32165,0.17196,186.289,0.283,PUSH
7.452,0.32165,0.17196,186.289,0.283,PUSH
7.453,0.32165,0.17196,186.289,0.282,PUSH
7.454,0.32165,0.17196,186.289,0.281,PUSH
7.455,0.32165,0.17196,186.289,0.279,PUSH
7.456,0.32165,0.17196,186.289,0.279,PUSH
7.457,0.32165,0.17196,186.289,0.278,PUSH
7.458,0.32165,0.17196,186.289,0.276,PUSH
7.459,0.32165,0.17196,186.289,0.276,PUSH
7.46,0.32165,0.17196,186.289,0.275,PUSH
7.461,0.32165,0.17196,186.289,0.274,PUSH
7.462,0.32165,0.17196,186.289,0.273,PUSH
7.463,0.32165,0.17196,186.289,0.272,PUSH
7.464,0.32165,0.17196,186.289,0.271,PUSH
7.465,0.32165,0.17196,186.289,0.27,PUSH
7.466,0.32165,0.17196,186.289,0.27,PUSH
7.467,0.32152,0.17311,187.297,0.617,PUSH
7.468,0.32152,0.17311,187.297,0.617,PUSH
7.469,0.32152,0.17311,187.297,0.618,PUSH
7.47,0.32152,0.17311,187.297,0.618,PUSH
7.471,0.32152,0.17311,187.297,0.619,PUSH
7.472,0.32152,0.17311,187.297,0.619,PUSH
7.473,0.32152,0.17311,187.297,0.619,PUSH
7.474,0.32152,0.17311,187.297,0.619,PUSH
7.475,0.32152,0.17311,187.297,0.619,PUSH
7.476,0.32152,0.17311,187.297,0.62,PUSH
7.477,0.32152,0.17311,187.297,0.619,PUSH
7.478,0.32152,0.17311,187.297,0.619,PUSH
7.479,0.32152,0.17311,187.297,0.619,PUSH
7.48,0.32152,0.17311,187.297,0.619,PUSH
7.481,0.32152,0.17311,187.297,0.618,PUSH
7.482,0.32152,0.17311,187.297,0.618,PUSH
7.483,0.32152,0.17311,187.297,0.619,PUSH
7.484,0.32152,0.17311,187.297,0.618,PUSH
7.485,0.32152,0.17311,187.297,0.618,PUSH
7.486,0.32152,0.17311,187.297,0.618,PUSH
7.487,0.32152,0.17311,187.297,0.617,PUSH
7.488,0.32152,0.17311,187.297,0.617,PUSH
7.489,0.32152,0.17311,187.297,0.617,PUSH
7.49,0.32152,0.17311,187.297,0.617,PUSH
7.491,0.32152,0.17311,187.297,0.616,PUSH
7.492,0.32152,0.17311,187.297,0.616,PUSH
7.493,0.32152,0.17311,187.297,0.616,PUSH
7.494,0.32152,0.17311,187.297,0.615,PUSH
7.495,0.32152,0.17311,187.297,0.615,PUSH
7.496,0.32152,0.17311,187.297,0.615,PUSH
7.497,0.32152,0.17311,187.297,0.615,PUSH
7.498,0.32152,0.17311,187.297,0.615,PUSH
7.499,0.32152,0.17311,187.297,0.614,PUSH
7.5,0.32152,0.17311,187.297,0.614,PUSH
7.501,0.32059,0.17719,190.734,4.358,PUSH
7.502,0.32059,0.17719,190.734,4.356,PUSH
7.503,0.32059,0.17719,190.734,4.355,PUSH
7.504,0.32059,0.17719,190.734,4.354,PUSH
7.505,0.32059,0.17719,190.734,4.351,PUSH
7.506,0.32059,0.17719,190.734,4.348,PUSH
7.507,0.32059,0.17719,190.734,4.346,PUSH
7.508,0.32059,0.17719,190.734,4.342,PUSH
7.509,0.32059,0.17719,190.734,4.339,PUSH
7.51,0.32059,0.17719,190.734,4.336,PUSH
7.511,0.32059,0.17719,190.734,4.332,PUSH
7.512,0.32059,0.17719,190.734,4.328,PUSH
7.513,0.32059,0.17719,190.734,4.324,PUSH
7.514,0.32059,0.17719,190.734,4.321,PUSH
7.515,0.32059,0.17719,190.734,4.316,PUSH
7.516,0.32059,0.17719,190.734,4.312,PUSH
7.517,0.32059,0.17719,190.734,4.308,PUSH
7.518,0.32059,0.17719,190.734,4.304,PUSH
7.519,0.32059,0.17719,190.734,4.3,PUSH
7.52,0.32059,0.17719,190.734,4.296,PUSH
7.521,0.32059,0.17719,190.734,4.292,PUSH
7.522,0.32059,0.17719,190.734,4.287,PUSH
7.523,0.32059,0.17719,190.734,4.283,PUSH
7.524,0.32059,0.17719,190.734,4.279,PUSH
7.525,0.32059,0.17719,190.734,4.274,PUSH
7.526,0.32059,0.17719,190.734,4.269,PUSH
7.527,0.32059,0.17719,190.734,4.265,PUSH
7.528,0.32059,0.17719,190.734,4.261,PUSH
7.529,0.32059,0.17719,190.734,4.257,PUSH
7.53,0.32059,0.17719,190.734,4.252,PUSH
7.531,0.32059,0.17719,190.734,4.248,PUSH
7.532,0.32059,0.17719,190.734,4.243,PUSH
7.533,0.32059,0.17719,190.734,4.239,PUSH
7.534,0.32247,0.17516,189.56,0.355,PUSH
7.535,0.32247,0.17516,189.56,0.351,PUSH
7.536,0.32247,0.17516,189.56,0.348,PUSH
7.537,0.32247,0.17516,189.56,0.345,PUSH
7.538,0.32247,0.17516,189.56,0.343,PUSH
7.539,0.32247,0.17516,189.56,0.341,PUSH
7.54,0.32247,0.17516,189.56,0.339,PUSH
7.541,0.32247,0.17516,189.56,0.338,PUSH
7.542,0.32247,0.17516,189.56,0.337,PUSH
7.543,0.32247,0.17516,189.56,0.336,PUSH
7.544,0.32247,0.17516,189.56,0.335,PUSH
7.545,0.32247,0.17516,189.56,0.334,PUSH
7.546,0.32247,0.17516,189.56,0.333,PUSH
7.547,0.32247,0.17516,189.56,0.333,PUSH
7.548,0.32247,0.17516,189.56,0.332,PUSH
7.549,0.32247,0.17516,189.56,0.332,PUSH
7.55,0.32247,0.17516,189.56,0.332,PUSH
7.551,0.32247,0.17516,189.56,0.331,PUSH
7.552,0.32247,0.17516,189.56,0.331,PUSH
7.553,0.32247,0.17516,189.56,0.331,PUSH
7.554,0.32247,0.17516,189.56,0.33,PUSH
7.555,0.32247,0.17516,189.56,0.33,PUSH
7.556,0.32247,0.17516,189.56,0.33,PUSH
7.557,0.32247,0.17516,189.56,0.33,PUSH
7.558,0.32247,0.17516,189.56,0.33,PUSH
7.559,0.32247,0.17516,189.56,0.33,PUSH
7.56,0.32247,0.17516,189.56,0.33,PUSH
7.561,0.32247,0.17516,189.56,0.329,PUSH
7.562,0.32247,0.17516,189.56,0.33,PUSH
7.563,0.32247,0.17516,189.56,0.329,PUSH
7.564,0.32247,0.17516,189.56,0.329,PUSH
7.565,0.32247,0.17516,189.56,0.329,PUSH
7.566,0.32247,0.17516,189.56,0.328,PUSH
7.567,0.32017,0.17349,187.14,2.662,PUSH
7.568,0.32017,0.17349,187.14,2.662,PUSH
7.569,0.32017,0.17349,187.14,2.661,PUSH
7.57,0.32017,0.17349,187.14,2.66,PUSH
7.571,0.32017,0.17349,187.14,2.658,PUSH
7.572,0.32017,0.17349,187.14,2.656,PUSH
7.573,0.32017,0.17349,187.14,2.654,PUSH
7.574,0.32017,0.17349,187.14,2.652,PUSH
7.575,0.32017,0.17349,187.14,2.651,PUSH
7.576,0.32017,0.17349,187.14,2.648,PUSH
7.577,0.32017,0.17349,187.14,2.646,PUSH
7.578,0.32017,0.17349,187.14,2.644,PUSH
7.579,0.32017,0.17349,187.14,2.641,PUSH
7.58,0.32017,0.17349,187.14,2.639,PUSH
7.581,0.32017,0.17349,187.14,2.636,PUSH
7.582,0.32017,0.17349,187.14,2.633,PUSH
7.583,0.32017,0.17349,187.14,2.631,PUSH
7.584,0.32017,0.17349,187.14,2.628,PUSH
7.585,0.32017,0.17349,187.14,2.626,PUSH
7.586,0.32017,0.17349,187.14,2.623,PUSH
7.587,0.32017,0.17349,187.14,2.621,PUSH
7.588,0.32017,0.17349,187.14,2.617,PUSH
7.589,0.32017,0.17349,187.14,2.614,PUSH
7.59,0.32017,0.17349,187.14,2.612,PUSH
7.591,0.32017,0.17349,187.14,2.609,PUSH
7.592,0.32017,0.17349,187.14,2.606,PUSH
7.593,0.32017,0.17349,187.14,2.604,PUSH
7.594,0.32017,0.17349,187.14,2.601,PUSH
7.595,0.32017,0.17349,187.14,2.598,PUSH
7.596,0.32017,0.17349,187.14,2.595,PUSH
7.597,0.32017,0.17349,187.14,2.593,PUSH
7.598,0.32017,0.17349,187.14,2.59,PUSH
7.599,0.32017,0.17349,187.14,2.587,PUSH
7.6,0.32121,0.17028,184.571,0.87,PUSH
7.601,0.32121,0.17028,184.571,0.873,PUSH
7.602,0.32121,0.17028,184.571,0.874,PUSH
7.603,0.32121,0.17028,184.571,0.875,PUSH
7.604,0.32121,0.17028,184.571,0.876,PUSH
7.605,0.32121,0.17028,184.571,0.876,PUSH
7.606,0.32121,0.17028,184.571,0.877,PUSH
7.607,0.32121,0.17028,184.571,0.876,PUSH
7.608,0.32121,0.17028,184.571,0.875,PUSH
7.609,0.32121,0.17028,184.571,0.875,PUSH
7.61,0.32121,0.17028,184.571,0.875,PUSH
7.611,0.32121,0.17028,184.571,0.875,PUSH
7.612,0.32121,0.17028,184.571,0.875,PUSH
7.613,0.32121,0.17028,184.571,0.874,PUSH
7.614,0.32121,0.17028,184.571,0.872,PUSH
7.615,0.32121,0.17028,184.571,0.872,PUSH
7.616,0.32121,0.17028,184.571,0.871,PUSH
7.617,0.32121,0.17028,184.571,0.869,PUSH
7.618,0.32121,0.17028,184.571,0.869,PUSH
7.619,0.32121,0.17028,184.571,0.868,PUSH
7.62,0.32121,0.17028,184.571,0.866,PUSH
7.621,0.32121,0.17028,184.571,0.865,PUSH
7.622,0.32121,0.17028,184.571,0.864,PUSH
7.623,0.32121,0.17028,184.571,0.863,PUSH
7.624,0.32121,0.17028,184.571,0.862,PUSH
7.625,0.32121,0.17028,184.571,0.861,PUSH
7.626,0.32121,0.17028,184.571,0.859,PUSH
7.627,0.32121,0.17028,184.571,0.858,PUSH
7.628,0.32121,0.17028,184.571,0.857,PUSH
7.629,0.32121,0.17028,184.571,0.855,PUSH
7.63,0.32121,0.17028,184.571,0.855,PUSH
7.631,0.32121,0.17028,184.571,0.853,PUSH
7.632,0.32121,0.17028,184.571,0.852,PUSH
7.633,0.32121,0.17028,184.571,0.851,PUSH
7.634,0.32006,0.17266,186.334,2.27,PUSH
7.635,0.32006,0.17266,186.334,2.271,PUSH
7.636,0.32006,0.17266,186.334,2.271,PUSH
7.637,0.32006,0.17266,186.334,2.271,PUSH
7.638,0.32006,0.17266,186.334,2.271,PUSH
7.639,0.32006,0.17266,186.334,2.27,PUSH
7.64,0.32006,0.17266,186.334,2.269,PUSH
7.641,0.32006,0.17266,186.334,2.269,PUSH
7.642,0.32006,0.17266,186.334,2.267,PUSH
7.643,0.32006,0.17266,186.334,2.265,PUSH
7.644,0.32006,0.17266,186.334,2.264,PUSH
7.645,0.32006,0.17266,186.334,2.262,PUSH
7.646,0.32006,0.17266,186.334,2.26,PUSH
7.647,0.32006,0.17266,186.334,2.259,PUSH
7.648,0.32006,0.17266,186.334,2.256,PUSH
7.649,0.32006,0.17266,186.334,2.254,PUSH
7.65,0.32006,0.17266,186.334,2.253,PUSH
7.651,0.32006,0.17266,186.334,2.25,PUSH
7.652,0.32006,0.17266,186.334,2.248,PUSH
7.653,0.32006,0.17266,186.334,2.246,PUSH
7.654,0.32006,0.17266,186.334,2.243,PUSH
7.655,0.32006,0.17266,186.334,2.241,PUSH
7.656,0.32006,0.17266,186.334,2.239,PUSH
7.657,0.32006,0.17266,186.334,2.236,PUSH
7.658,0.32006,0.17266,186.334,2.234,PUSH
7.659,0.32006,0.17266,186.334,2.232,PUSH
7.66,0.32006,0.17266,186.334,2.23,PUSH
7.661,0.32006,0.17266,186.334,2.227,PUSH
7.662,0.32006,0.17266,186.334,2.224,PUSH
7.663,0.32006,0.17266,186.334,2.221,PUSH
7.664,0.32006,0.17266,186.334,2.218,PUSH
7.665,0.32006,0.17266,186.334,2.216,PUSH
7.666,0.32006,0.17266,186.334,2.215,PUSH
7.667,0.32147,0.1731,187.275,0.42,PUSH
7.668,0.32147,0.1731,187.275,0.418,PUSH
7.669,0.32147,0.1731,187.275,0.417,PUSH
7.67,0.32147,0.1731,187.275,0.415,PUSH
7.671,0.32147,0.1731,187.275,0.414,PUSH
7.672,0.32147,0.1731,187.275,0.413,PUSH
7.673,0.32147,0.1731,187.275,0.411,PUSH
7.674,0.32147,0.1731,187.275,0.41,PUSH
7.675,0.32147,0.1731,187.275,0.409,PUSH
7.676,0.32147,0.1731,187.275,0.408,PUSH
7.677,0.32147,0.1731,187.275,0.407,PUSH
7.678,0.32147,0.1731,187.275,0.407,PUSH
7.679,0.32147,0.1731,187.275,0.406,PUSH
7.68,0.32147,0.1731,187.275,0.405,PUSH
7.681,0.32147,0.1731,187.275,0.405,PUSH
7.682,0.32147,0.1731,187.275,0.404,PUSH
7.683,0.32147,0.1731,187.275,0.403,PUSH
7.684,0.32147,0.1731,187.275,0.403,PUSH
7.685,0.32147,0.1731,187.275,0.403,PUSH
7.686,0.32147,0.1731,187.275,0.402,PUSH
7.687,0.32147,0.1731,187.275,0.402,PUSH
7.688,0.32147,0.1731,187.275,0.402,PUSH
7.689,0.32147,0.1731,187.275,0.401,PUSH
7.69,0.32147,0.1731,187.275,0.401,PUSH
7.691,0.32147,0.1731,187.275,0.401,PUSH
7.692,0.32147,0.1731,187.275,0.4,PUSH
7.693,0.32147,0.1731,187.275,0.4,PUSH
7.694,0.32147,0.1731,187.275,0.4,PUSH
7.695,0.32147,0.1731,187.275,0.4,PUSH
7.696,0.32147,0.1731,187.275,0.4,PUSH
7.697,0.32147,0.1731,187.275,0.399,PUSH
7.698,0.32147,0.1731,187.275,0.399,PUSH
7.699,0.32147,0.1731,187.275,0.399,PUSH
7.7,0.32147,0.1731,187.275,0.398,PUSH
7.701,0.32089,0.17124,185.333,0.134,PUSH
7.702,0.32089,0.17124,185.333,0.135,PUSH
7.703,0.32089,0.17124,185.333,0.134,PUSH
7.704,0.32089,0.17124,185.333,0.134,PUSH
7.705,0.32089,0.17124,185.333,0.134,PUSH
7.706,0.32089,0.17124,185.333,0.134,PUSH
7.707,0.32089,0.17124,185.333,0.133,PUSH
7.708,0.32089,0.17124,185.333,0.134,PUSH
7.709,0.32089,0.17124,185.333,0.133,PUSH
7.71,0.32089,0.17124,185.333,0.133,PUSH
7.711,0.32089,0.17124,185.333,0.133,PUSH
7.712,0.32089,0.17124,185.333,0.133,PUSH
7.713,0.32089,0.17124,185.333,0.133,PUSH
7.714,0.32089,0.17124,185.333,0.133,PUSH
7.715,0.32089,0.17124,185.333,0.133,PUSH
7.716,0.32089,0.17124,185.333,0.133,PUSH
7.717,0.32089,0.17124,185.333,0.131,PUSH
7.718,0.32089,0.17124,185.333,0.127,PUSH
7.719,0.32089,0.17124,185.333,0.121,PUSH
7.72,0.32089,0.17124,185.333,0.116,PUSH
7.721,0.32089,0.17124,185.333,0.109,PUSH
7.722,0.32089,0.17124,185.333,0.102,PUSH
7.723,0.32089,0.17124,185.333,0.096,PUSH
7.724,0.32089,0.17124,185.333,0.09,PUSH
7.725,0.32089,0.17124,185.333,0.083,PUSH
7.726,0.32089,0.17124,185.333,0.077,PUSH
7.727,0.32089,0.17124,185.333,0.07,PUSH
7.728,0.32089,0.17124,185.333,0.063,PUSH
7.729,0.32089,0.17124,185.333,0.056,PUSH
7.73,0.32089,0.17124,185.333,0.049,PUSH
7.731,0.32089,0.17124,185.333,0.04,PUSH
7.732,0.32089,0.17124,185.333,0.032,PUSH
7.733,0.32089,0.17124,185.333,0.024,PUSH
7.734,0.32148,0.17075,185.11,1.141,PUSH
7.735,0.32148,0.17075,185.11,1.148,PUSH
7.736,0.32148,0.17075,185.11,1.154,PUSH
7.737,0.32148,0.17075,185.11,1.16,PUSH
7.738,0.32148,0.17075,185.11,1.165,PUSH
7.739,0.32148,0.17075,185.11,1.171,PUSH
7.74,0.32148,0.17075,185.11,1.176,PUSH
7.741,0.32148,0.17075,185.11,1.179,PUSH
7.742,0.32148,0.17075,185.11,1.184,PUSH
7.743,0.32148,0.17075,185.11,1.189,PUSH
7.744,0.32148,0.17075,185.11,1.193,PUSH
7.745,0.32148,0.17075,185.11,1.196,PUSH
7.746,0.32148,0.17075,185.11,1.198,PUSH
7.747,0.32148,0.17075,185.11,1.202,PUSH
7.748,0.32148,0.17075,185.11,1.205,PUSH
7.749,0.32148,0.17075,185.11,1.208,PUSH
7.75,0.32148,0.17075,185.11,1.21,PUSH
7.751,0.32148,0.17075,185.11,1.213,PUSH
7.752,0.32148,0.17075,185.11,1.215,PUSH
7.753,0.32148,0.17075,185.11,1.216,PUSH
7.754,0.32148,0.17075,185.11,1.218,PUSH
7.755,0.32148,0.17075,185.11,1.22,PUSH
7.756,0.32148,0.17075,185.11,1.222,PUSH
7.757,0.32148,0.17075,185.11,1.223,PUSH
7.758,0.32148,0.17075,185.11,1.223,PUSH
7.759,0.32148,0.17075,185.11,1.225,PUSH
7.76,0.32148,0.17075,185.11,1.225,PUSH
7.761,0.32148,0.17075,185.11,1.225,PUSH
7.762,0.32148,0.17075,185.11,1.226,PUSH
7.763,0.32148,0.17075,185.11,1.226,PUSH
7.764,0.32148,0.17075,185.11,1.226,PUSH
7.765,0.32148,0.17075,185.11,1.226,PUSH
7.766,0.32148,0.17075,185.11,1.226,PUSH
7.767,0.31816,0.16891,182.148,2.526,PUSH
7.768,0.31816,0.16891,182.148,2.525,PUSH
7.769,0.31816,0.16891,182.148,2.525,PUSH
7.77,0.31816,0.16891,182.148,2.524,PUSH
7.771,0.31816,0.16891,182.148,2.523,PUSH
7.772,0.31816,0.16891,182.148,2.522,PUSH
7.773,0.31816,0.16891,182.148,2.521,PUSH
7.774,0.31816,0.16891,182.148,2.52,PUSH
7.775,0.31816,0.16891,182.148,2.519,PUSH
7.776,0.31816,0.16891,182.148,2.518,PUSH
7.777,0.31816,0.16891,182.148,2.517,PUSH
7.778,0.31816,0.16891,182.148,2.516,PUSH
7.779,0.31816,0.16891,182.148,2.515,PUSH
7.78,0.31816,0.16891,182.148,2.514,PUSH
7.781,0.31816,0.16891,182.148,2.513,PUSH
7.782,0.31816,0.16891,182.148,2.511,PUSH
7.783,0.31816,0.16891,182.148,2.51,PUSH
7.784,0.31816,0.16891,182.148,2.508,PUSH
7.785,0.31816,0.16891,182.148,2.506,PUSH
7.786,0.31816,0.16891,182.148,2.504,PUSH
7.787,0.31816,0.16891,182.148,2.502,PUSH
7.788,0.31816,0.16891,182.148,2.499,PUSH
7.789,0.31816,0.16891,182.148,2.497,PUSH
7.79,0.31816,0.16891,182.148,2.495,PUSH
7.791,0.31816,0.16891,182.148,2.491,PUSH
7.792,0.31816,0.16891,182.148,2.488,PUSH
7.793,0.31816,0.16891,182.148,2.486,PUSH
7.794,0.31816,0.16891,182.148,2.482,PUSH
7.795,0.31816,0.16891,182.148,2.479,PUSH
7.796,0.31816,0.16891,182.148,2.476,PUSH
7.797,0.31816,0.16891,182.148,2.472,PUSH
7.798,0.31816,0.16891,182.148,2.469,PUSH
7.799,0.31816,0.16891,182.148,2.466,PUSH
7.8,0.31816,0.16891,182.148,2.462,PUSH
7.801,0.31934,0.16705,180.87,0.4,PUSH
7.802,0.31934,0.16705,180.87,0.402,PUSH
7.803,0.31934,0.16705,180.87,0.405,PUSH
7.804,0.31934,0.16705,180.87,0.407,PUSH
7.805,0.31934,0.16705,180.87,0.409,PUSH
7.806,0.31934,0.16705,180.87,0.411,PUSH
7.807,0.31934,0.16705,180.87,0.412,PUSH
7.808,0.31934,0.16705,180.87,0.413,PUSH
7.809,0.31934,0.16705,180.87,0.413,PUSH
7.81,0.31934,0.16705,180.87,0.415,PUSH
7.811,0.31934,0.16705,180.87,0.417,PUSH
7.812,0.31934,0.16705,180.87,0.418,PUSH
7.813,0.31934,0.16705,180.87,0.418,PUSH
7.814,0.31934,0.16705,180.87,0.418,PUSH
7.815,0.31934,0.16705,180.87,0.418,PUSH
7.816,0.31934,0.16705,180.87,0.419,PUSH
7.817,0.31934,0.16705,180.87,0.419,PUSH
7.818,0.31934,0.16705,180.87,0.42,PUSH
7.819,0.31934,0.16705,180.87,0.42,PUSH
7.82,0.31934,0.16705,180.87,0.42,PUSH
7.821,0.31934,0.16705,180.87,0.419,PUSH
7.822,0.31934,0.16705,180.87,0.42,PUSH
7.823,0.31934,0.16705,180.87,0.421,PUSH
7.824,0.31934,0.16705,180.87,0.422,PUSH
7.825,0.31934,0.16705,180.87,0.421,PUSH
7.826,0.31934,0.16705,180.87,0.421,PUSH
7.827,0.31934,0.16705,180.87,0.42,PUSH
7.828,0.31934,0.16705,180.87,0.42,PUSH
7.829,0.31934,0.16705,180.87,0.421,PUSH
7.83,0.31934,0.16705,180.87,0.422,PUSH
7.831,0.31934,0.16705,180.87,0.421,PUSH
7.832,0.31934,0.16705,180.87,0.421,PUSH
7.833,0.31934,0.16705,180.87,0.421,PUSH
7.834,0.3185,0.16574,179.338,0.02,PUSH
7.835,0.3185,0.16574,179.338,0.02,PUSH
7.836,0.3185,0.16574,179.338,0.02,PUSH
7.837,0.3185,0.16574,179.338,0.02,PUSH
7.838,0.3185,0.16574,179.338,0.021,PUSH
7.839,0.3185,0.16574,179.338,0.02,PUSH
7.84,0.3185,0.16574,179.338,0.02,PUSH
7.841,0.3185,0.16574,179.338,0.02,PUSH
7.842,0.3185,0.16574,179.338,0.019,PUSH
7.843,0.3185,0.16574,179.338,0.018,PUSH
7.844,0.3185,0.16574,179.338,0.018,PUSH
7.845,0.3185,0.16574,179.338,0.016,PUSH
7.846,0.3185,0.16574,179.338,0.014,PUSH
7.847,0.3185,0.16574,179.338,0.011,PUSH
7.848,0.3185,0.16574,179.338,0.009,PUSH
7.849,0.3185,0.16574,179.338,0.007,PUSH
7.85,0.3185,0.16574,179.338,0.004,PUSH
7.851,0.3185,0.16574,179.338,0.0,PUSH
7.852,0.3185,0.16574,179.338,0.003,PUSH
7.853,0.3185,0.16574,179.338,0.006,PUSH
7.854,0.3185,0.16574,179.338,0.009,PUSH
7.855,0.3185,0.16574,179.338,0.012,PUSH
7.856,0.3185,0.16574,179.338,0.014,PUSH
7.857,0.3185,0.16574,179.338,0.018,PUSH
7.858,0.3185,0.16574,179.338,0.02,PUSH
7.859,0.3185,0.16574,179.338,0.024,PUSH
7.86,0.3185,0.16574,179.338,0.026,PUSH
7.861,0.3185,0.16574,179.338,0.028,PUSH
7.862,0.3185,0.16574,179.338,0.031,PUSH
7.863,0.3185,0.16574,179.338,0.034,PUSH
7.864,0.3185,0.16574,179.338,0.036,PUSH
7.865,0.3185,0.16574,179.338,0.038,PUSH
7.866,0.3185,0.16574,179.338,0.04,PUSH
7.867,0.31736,0.16825,181.234,3.154,PUSH
7.868,0.31736,0.16825,181.234,3.151,PUSH
7.869,0.31736,0.16825,181.234,3.148,PUSH
7.87,0.31736,0.16825,181.234,3.145,PUSH
7.871,0.31736,0.16825,181.234,3.141,PUSH
7.872,0.31736,0.16825,181.234,3.138,PUSH
7.873,0.31736,0.16825,181.234,3.134,PUSH
7.874,0.31736,0.16825,181.234,3.13,PUSH
7.875,0.31736,0.16825,181.234,3.126,PUSH
7.876,0.31736,0.16825,181.234,3.122,PUSH
7.877,0.31736,0.16825,181.234,3.118,PUSH
7.878,0.31736,0.16825,181.234,3.115,PUSH
7.879,0.31736,0.16825,181.234,3.11,PUSH
7.88,0.31736,0.16825,181.234,3.105,PUSH
7.881,0.31736,0.16825,181.234,3.101,PUSH
7.882,0.31736,0.16825,181.234,3.097,PUSH
7.883,0.31736,0.16825,181.234,3.093,PUSH
7.884,0.31736,0.16825,181.234,3.09,PUSH
7.885,0.31736,0.16825,181.234,3.085,PUSH
7.886,0.31736,0.16825,181.234,3.081,PUSH
7.887,0.31736,0.16825,181.234,3.076,PUSH
7.888,0.31736,0.16825,181.234,3.072,PUSH
7.889,0.31736,0.16825,181.234,3.068,PUSH
7.89,0.31736,0.16825,181.234,3.064,PUSH
7.891,0.31736,0.16825,181.234,3.059,PUSH
7.892,0.31736,0.16825,181.234,3.054,PUSH
7.893,0.31736,0.16825,181.234,3.049,PUSH
7.894,0.31736,0.16825,181.234,3.045,PUSH
7.895,0.31736,0.16825,181.234,3.041,PUSH
7.896,0.31736,0.16825,181.234,3.038,PUSH
7.897,0.31736,0.16825,181.234,3.033,PUSH
7.898,0.31736,0.16825,181.234,3.029,PUSH
7.899,0.31736,0.16825,181.234,3.024,PUSH
7.9,0.31983,0.16383,178.091,3.341,PUSH
7.901,0.31983,0.16383,178.091,3.344,PUSH
7.902,0.31983,0.16383,178.091,3.347,PUSH
7.903,0.31983,0.16383,178.091,3.348,PUSH
7.904,0.31983,0.16383,178.091,3.349,PUSH
7.905,0.31983,0.16383,178.091,3.35,PUSH
7.906,0.31983,0.16383,178.091,3.35,PUSH
7.907,0.31983,0.16383,178.091,3.35,PUSH
7.908,0.31983,0.16383,178.091,3.35,PUSH
7.909,0.31983,0.16383,178.091,3.35,PUSH
7.91,0.31983,0.16383,178.091,3.35,PUSH
7.911,0.31983,0.16383,178.091,3.35,PUSH
7.912,0.31983,0.16383,178.091,3.349,PUSH
7.913,0.31983,0.16383,178.091,3.349,PUSH
7.914,0.31983,0.16383,178.091,3.348,PUSH
7.915,0.31983,0.16383,178.091,3.348,PUSH
7.916,0.31983,0.16383,178.091,3.347,PUSH
7.917,0.31983,0.16383,178.091,3.346,PUSH
7.918,0.31983,0.16383,178.091,3.345,PUSH
7.919,0.31983,0.16383,178.091,3.344,PUSH
7.92,0.31983,0.16383,178.091,3.344,PUSH
7.921,0.31983,0.16383,178.091,3.342,PUSH
7.922,0.31983,0.16383,178.091,3.34,PUSH
7.923,0.31983,0.16383,178.091,3.339,PUSH
7.924,0.31983,0.16383,178.091,3.338,PUSH
7.925,0.31983,0.16383,178.091,3.336,PUSH
7.926,0.31983,0.16383,178.091,3.334,PUSH
7.927,0.31983,0.16383,178.091,3.333,PUSH
7.928,0.31983,0.16383,178.091,3.332,PUSH
7.929,0.31983,0.16383,178.091,3.33,PUSH
7.93,0.31983,0.16383,178.091,3.327,PUSH
7.931,0.31983,0.16383,178.091,3.325,PUSH
7.932,0.31983,0.16383,178.091,3.323,PUSH
7.933,0.31983,0.16383,178.091,3.322,PUSH
7.934,0.32119,0.16491,179.622,4.639,PUSH
7.935,0.32119,0.16491,179.622,4.637,PUSH
7.936,0.32119,0.16491,179.622,4.633,PUSH
7.937,0.32119,0.16491,179.622,4.631,PUSH
7.938,0.32119,0.16491,179.622,4.628,PUSH
7.939,0.32119,0.16491,179.622,4.626,PUSH
7.94,0.32119,0.16491,179.622,4.623,PUSH
7.941,0.32119,0.16491,179.622,4.62,PUSH
7.942,0.32119,0.16491,179.622,4.617,PUSH
7.943,0.32119,0.16491,179.622,4.614,PUSH
7.944,0.32119,0.16491,179.622,4.61,PUSH
7.945,0.32119,0.16491,179.622,4.607,PUSH
7.946,0.32119,0.16491,179.622,4.604,PUSH
7.947,0.32119,0.16491,179.622,4.601,PUSH
7.948,0.32119,0.16491,179.622,4.598,PUSH
7.949,0.32119,0.16491,179.622,4.594,PUSH
7.95,0.32119,0.16491,179.622,4.591,PUSH
7.951,0.32119,0.16491,179.622,4.588,PUSH
7.952,0.32119,0.16491,179.622,4.584,PUSH
7.953,0.32119,0.16491,179.622,4.581,PUSH
7.954,0.32119,0.16491,179.622,4.578,PUSH
7.955,0.32119,0.16491,179.622,4.575,PUSH
7.956,0.32119,0.16491,179.622,4.571,PUSH
7.957,0.32119,0.16491,179.622,4.568,PUSH
7.958,0.32119,0.16491,179.622,4.565,PUSH
7.959,0.32119,0.16491,179.622,4.561,PUSH
7.96,0.32119,0.16491,179.622,4.557,PUSH
7.961,0.32119,0.16491,179.622,4.554,PUSH
7.962,0.32119,0.16491,179.622,4.55,PUSH
7.963,0.32119,0.16491,179.622,4.547,PUSH
7.964,0.32119,0.16491,179.622,4.544,PUSH
7.965,0.32119,0.16491,179.622,4.54,PUSH
7.966,0.32119,0.16491,179.622,4.537,PUSH
7.967,0.32179,0.16606,180.913,4.696,PUSH
7.968,0.32179,0.16606,180.913,4.692,PUSH
7.969,0.32179,0.16606,180.913,4.689,PUSH
7.97,0.32179,0.16606,180.913,4.685,PUSH
7.971,0.32179,0.16606,180.913,4.68,PUSH
7.972,0.32179,0.16606,180.913,4.677,PUSH
7.973,0.32179,0.16606,180.913,4.673,PUSH
7.974,0.32179,0.16606,180.913,4.67,PUSH
7.975,0.32179,0.16606,180.913,4.667,PUSH
7.976,0.32179,0.16606,180.913,4.662,PUSH
7.977,0.32179,0.16606,180.913,4.658,PUSH
7.978,0.32179,0.16606,180.913,4.654,PUSH
7.979,0.32179,0.16606,180.913,4.652,PUSH
7.98,0.32179,0.16606,180.913,4.648,PUSH
7.981,0.32179,0.16606,180.913,4.644,PUSH
7.982,0.32179,0.16606,180.913,4.639,PUSH
7.983,0.32179,0.16606,180.913,4.636,PUSH
7.984,0.32179,0.16606,180.913,4.632,PUSH
7.985,0.32179,0.16606,180.913,4.629,PUSH
7.986,0.32179,0.16606,180.913,4.625,PUSH
7.987,0.32179,0.16606,180.913,4.62,PUSH
7.988,0.32179,0.16606,180.913,4.617,PUSH
7.989,0.32179,0.16606,180.913,4.613,PUSH
7.99,0.32179,0.16606,180.913,4.608,PUSH
7.991,0.32179,0.16606,180.913,4.605,PUSH
7.992,0.32179,0.16606,180.913,4.6,PUSH
7.993,0.32179,0.16606,180.913,4.596,PUSH
7.994,0.32179,0.16606,180.913,4.592,PUSH
7.995,0.32179,0.16606,180.913,4.588,PUSH
7.996,0.32179,0.16606,180.913,4.585,PUSH
7.997,0.32179,0.16606,180.913,4.581,PUSH
7.998,0.32179,0.16606,180.913,4.577,PUSH
7.999,0.32179,0.16606,180.913,4.572,PUSH
8.0,0.32179,0.16606,180.913,4.568,PUSH
8.001,0.32377,0.16394,179.771,8.785,PUSH
8.002,0.32377,0.16394,179.771,8.78,PUSH
8.003,0.32377,0.16394,179.771,8.774,PUSH
8.004,0.32377,0.16394,179.771,8.767,PUSH
8.005,0.32377,0.16394,179.771,8.761,PUSH
8.006,0.32377,0.16394,179.771,8.754,PUSH
8.007,0.32377,0.16394,179.771,8.747,PUSH
8.008,0.32377,0.16394,179.771,8.74,PUSH
8.009,0.32377,0.16394,179.771,8.734,PUSH
8.01,0.32377,0.16394,179.771,8.727,PUSH
8.011,0.32377,0.16394,179.771,8.719,PUSH
8.012,0.32377,0.16394,179.771,8.711,PUSH
8.013,0.32377,0.16394,179.771,8.704,PUSH
8.014,0.32377,0.16394,179.771,8.698,PUSH
8.015,0.32377,0.16394,179.771,8.69,PUSH
8.016,0.32377,0.16394,179.771,8.682,PUSH
8.017,0.32377,0.16394,179.771,8.674,PUSH
8.018,0.32377,0.16394,179.771,8.666,PUSH
8.019,0.32377,0.16394,179.771,8.66,PUSH
8.02,0.32377,0.16394,179.771,8.652,PUSH
8.021,0.32377,0.16394,179.771,8.644,PUSH
8.022,0.32377,0.16394,179.771,8.635,PUSH
8.023,0.32377,0.16394,179.771,8.627,PUSH
8.024,0.32377,0.16394,179.771,8.62,PUSH
8.025,0.32377,0.16394,179.771,8.612,PUSH
8.026,0.32377,0.16394,179.771,8.604,PUSH
8.027,0.32377,0.16394,179.771,8.595,PUSH
8.028,0.32377,0.16394,179.771,8.587,PUSH
8.029,0.32377,0.16394,179.771,8.58,PUSH
8.03,0.32377,0.16394,179.771,8.572,PUSH
8.031,0.32377,0.16394,179.771,8.563,PUSH
8.032,0.32377,0.16394,179.771,8.554,PUSH
8.033,0.32377,0.16394,179.771,8.546,PUSH
8.034,0.32162,0.16236,177.453,6.427,PUSH
8.035,0.32162,0.16236,177.453,6.42,PUSH
8.036,0.32162,0.16236,177.453,6.411,PUSH
8.037,0.32162,0.16236,177.453,6.403,PUSH
8.038,0.32162,0.16236,177.453,6.396,PUSH
8.039,0.32162,0.16236,177.453,6.39,PUSH
8.04,0.32162,0.16236,177.453,6.383,PUSH
8.041,0.32162,0.16236,177.453,6.375,PUSH
8.042,0.32162,0.16236,177.453,6.367,PUSH
8.043,0.32162,0.16236,177.453,6.361,PUSH
8.044,0.32162,0.16236,177.453,6.353,PUSH
8.045,0.32162,0.16236,177.453,6.347,PUSH
8.046,0.32162,0.16236,177.453,6.34,PUSH
8.047,0.32162,0.16236,177.453,6.333,PUSH
8.048,0.32162,0.16236,177.453,6.326,PUSH
8.049,0.32162,0.16236,177.453,6.319,PUSH
8.05,0.32162,0.16236,177.453,6.311,PUSH
8.051,0.32162,0.16236,177.453,6.305,PUSH
8.052,0.32162,0.16236,177.453,6.298,PUSH
8.053,0.32162,0.16236,177.453,6.291,PUSH
8.054,0.32162,0.16236,177.453,6.284,PUSH
8.055,0.32162,0.16236,177.453,6.277,PUSH
8.056,0.32162,0.16236,177.453,6.27,PUSH
8.057,0.32162,0.16236,177.453,6.264,PUSH
8.058,0.32162,0.16236,177.453,6.257,PUSH
8.059,0.32162,0.16236,177.453,6.25,PUSH
8.06,0.32162,0.16236,177.453,6.243,PUSH
8.061,0.32162,0.16236,177.453,6.237,PUSH
8.062,0.32162,0.16236,177.453,6.23,PUSH
8.063,0.32162,0.16236,177.453,6.224,PUSH
8.064,0.32162,0.16236,177.453,6.217,PUSH
8.065,0.32162,0.16236,177.453,6.21,PUSH
8.066,0.32162,0.16236,177.453,6.204,PUSH
8.067,0.31961,0.15974,174.249,4.925,PUSH
8.068,0.31961,0.15974,174.249,4.918,PUSH
8.069,0.31961,0.15974,174.249,4.912,PUSH
8.07,0.31961,0.15974,174.249,4.906,PUSH
8.071,0.31961,0.15974,174.249,4.899,PUSH
8.072,0.31961,0.15974,174.249,4.894,PUSH
8.073,0.31961,0.15974,174.249,4.888,PUSH
8.074,0.31961,0.15974,174.249,4.882,PUSH
8.075,0.31961,0.15974,174.249,4.876,PUSH
8.076,0.31961,0.15974,174.249,4.87,PUSH
8.077,0.31961,0.15974,174.249,4.864,PUSH
8.078,0.31961,0.15974,174.249,4.859,PUSH
8.079,0.31961,0.15974,174.249,4.853,PUSH
8.08,0.31961,0.15974,174.249,4.847,PUSH
8.081,0.31961,0.15974,174.249,4.841,PUSH
8.082,0.31961,0.15974,174.249,4.835,PUSH
8.083,0.31961,0.15974,174.249,4.829,PUSH
8.084,0.31961,0.15974,174.249,4.824,PUSH
8.085,0.31961,0.15974,174.249,4.818,PUSH
8.086,0.31961,0.15974,174.249,4.812,PUSH
8.087,0.31961,0.15974,174.249,4.806,PUSH
8.088,0.31961,0.15974,174.249,4.801,PUSH
8.089,0.31961,0.15974,174.249,4.794,PUSH
8.09,0.31961,0.15974,174.249,4.789,PUSH
8.091,0.31961,0.15974,174.249,4.783,PUSH
8.092,0.31961,0.15974,174.249,4.777,PUSH
8.093,0.31961,0.15974,174.249,4.772,PUSH
8.094,0.31961,0.15974,174.249,4.766,PUSH
8.095,0.31961,0.15974,174.249,4.76,PUSH
8.096,0.31961,0.15974,174.249,4.755,PUSH
8.097,0.31961,0.15974,174.249,4.749,PUSH
8.098,0.31961,0.15974,174.249,4.743,PUSH
8.099,0.31961,0.15974,174.249,4.738,PUSH
8.1,0.31961,0.15974,174.249,4.732,PUSH
8.101,0.32029,0.16169,176.308,4.468,PUSH
8.102,0.32029,0.16169,176.308,4.463,PUSH
8.103,0.32029,0.16169,176.308,4.457,PUSH
8.104,0.32029,0.16169,176.308,4.451,PUSH
8.105,0.32029,0.16169,176.308,4.446,PUSH
8.106,0.32029,0.16169,176.308,4.441,PUSH
8.107,0.32029,0.16169,176.308,4.435,PUSH
8.108,0.32029,0.16169,176.308,4.43,PUSH
8.109,0.32029,0.16169,176.308,4.425,PUSH
8.11,0.32029,0.16169,176.308,4.419,PUSH
8.111,0.32029,0.16169,176.308,4.414,PUSH
8.112,0.32029,0.16169,176.308,4.408,PUSH
8.113,0.32029,0.16169,176.308,4.403,PUSH
8.114,0.32029,0.16169,176.308,4.398,PUSH
8.115,0.32029,0.16169,176.308,4.392,PUSH
8.116,0.32029,0.16169,176.308,4.387,PUSH
8.117,0.32029,0.16169,176.308,4.382,PUSH
8.118,0.32029,0.16169,176.308,4.376,PUSH
8.119,0.32029,0.16169,176.308,4.371,PUSH
8.12,0.32029,0.16169,176.308,4.366,PUSH
8.121,0.32029,0.16169,176.308,4.36,PUSH
8.122,0.32029,0.16169,176.308,4.355,PUSH
8.123,0.32029,0.16169,176.308,4.35,PUSH
8.124,0.32029,0.16169,176.308,4.345,PUSH
8.125,0.32029,0.16169,176.308,4.339,PUSH
8.126,0.32029,0.16169,176.308,4.334,PUSH
8.127,0.32029,0.16169,176.308,4.329,PUSH
8.128,0.32029,0.16169,176.308,4.323,PUSH
8.129,0.32029,0.16169,176.308,4.318,PUSH
8.13,0.32029,0.16169,176.308,4.313,PUSH
8.131,0.32029,0.16169,176.308,4.307,PUSH
8.132,0.32029,0.16169,176.308,4.303,PUSH
8.133,0.32029,0.16169,176.308,4.297,PUSH
8.134,0.32191,0.16265,177.837,6.06,PUSH
8.135,0.32191,0.16265,177.837,6.055,PUSH
8.136,0.32191,0.16265,177.837,6.049,PUSH
8.137,0.32191,0.16265,177.837,6.043,PUSH
8.138,0.32191,0.16265,177.837,6.038,PUSH
8.139,0.32191,0.16265,177.837,6.031,PUSH
8.14,0.32191,0.16265,177.837,6.025,PUSH
8.141,0.32191,0.16265,177.837,6.019,PUSH
8.142,0.32191,0.16265,177.837,6.012,PUSH
8.143,0.32191,0.16265,177.837,6.006,PUSH
8.144,0.32191,0.16265,177.837,6.0,PUSH
8.145,0.32191,0.16265,177.837,5.993,PUSH
8.146,0.32191,0.16265,177.837,5.986,PUSH
8.147,0.32191,0.16265,177.837,5.98,PUSH
8.148,0.32191,0.16265,177.837,5.974,PUSH
8.149,0.32191,0.16265,177.837,5.967,PUSH
8.15,0.32191,0.16265,177.837,5.961,PUSH
8.151,0.32191,0.16265,177.837,5.954,PUSH
8.152,0.32191,0.16265,177.837,5.948,PUSH
8.153,0.32191,0.16265,177.837,5.942,PUSH
8.154,0.32191,0.16265,177.837,5.935,PUSH
8.155,0.32191,0.16265,177.837,5.928,PUSH
8.156,0.32191,0.16265,177.837,5.922,PUSH
8.157,0.32191,0.16265,177.837,5.915,PUSH
8.158,0.32191,0.16265,177.837,5.908,PUSH
8.159,0.32191,0.16265,177.837,5.902,PUSH
8.16,0.32191,0.16265,177.837,5.896,PUSH
8.161,0.32191,0.16265,177.837,5.888,PUSH
8.162,0.32191,0.16265,177.837,5.882,PUSH
8.163,0.32191,0.16265,177.837,5.875,PUSH
8.164,0.32191,0.16265,177.837,5.868,PUSH
8.165,0.32191,0.16265,177.837,5.862,PUSH
8.166,0.32191,0.16265,177.837,5.855,PUSH
8.167,0.32382,0.15729,173.752,12.196,PUSH
8.168,0.32382,0.15729,173.752,12.188,PUSH
8.169,0.32382,0.15729,173.752,12.179,PUSH
8.17,0.32382,0.15729,173.752,12.169,PUSH
8.171,0.32382,0.15729,173.752,12.16,PUSH
8.172,0.32382,0.15729,173.752,12.149,PUSH
8.173,0.32382,0.15729,173.752,12.138,PUSH
8.174,0.32382,0.15729,173.752,12.127,PUSH
8.175,0.32382,0.15729,173.752,12.115,PUSH
8.176,0.32382,0.15729,173.752,12.103,PUSH
8.177,0.32382,0.15729,173.752,12.092,PUSH
8.178,0.32382,0.15729,173.752,12.082,PUSH
8.179,0.32382,0.15729,173.752,12.07,PUSH
8.18,0.32382,0.15729,173.752,12.058,PUSH
8.181,0.32382,0.15729,173.752,12.046,PUSH
8.182,0.32382,0.15729,173.752,12.034,PUSH
8.183,0.32382,0.15729,173.752,12.023,PUSH
8.184,0.32382,0.15729,173.752,12.011,PUSH
8.185,0.32382,0.15729,173.752,11.999,PUSH
8.186,0.32382,0.15729,173.752,11.986,PUSH
8.187,0.32382,0.15729,173.752,11.974,PUSH
8.188,0.32382,0.15729,173.752,11.963,PUSH
8.189,0.32382,0.15729,173.752,11.951,PUSH
8.19,0.32382,0.15729,173.752,11.938,PUSH
8.191,0.32382,0.15729,173.752,11.925,PUSH
8.192,0.32382,0.15729,173.752,11.912,PUSH
8.193,0.32382,0.15729,173.752,11.901,PUSH
8.194,0.32382,0.15729,173.752,11.888,PUSH
8.195,0.32382,0.15729,173.752,11.875,PUSH
8.196,0.32382,0.15729,173.752,11.862,PUSH
8.197,0.32382,0.15729,173.752,11.849,PUSH
8.198,0.32382,0.15729,173.752,11.836,PUSH
8.199,0.32382,0.15729,173.752,11.824,PUSH
8.2,0.32382,0.15729,173.752,11.811,PUSH
8.201,0.31972,0.15981,174.358,4.068,PUSH
8.202,0.31972,0.15981,174.358,4.057,PUSH
8.203,0.31972,0.15981,174.358,4.047,PUSH
8.204,0.31972,0.15981,174.358,4.036,PUSH
8.205,0.31972,0.15981,174.358,4.027,PUSH
8.206,0.31972,0.15981,174.358,4.019,PUSH
8.207,0.31972,0.15981,174.358,4.011,PUSH
8.208,0.31972,0.15981,174.358,4.003,PUSH
8.209,0.31972,0.15981,174.358,3.995,PUSH
8.21,0.31972,0.15981,174.358,3.989,PUSH
8.211,0.31972,0.15981,174.358,3.981,PUSH
8.212,0.31972,0.15981,174.358,3.974,PUSH
8.213,0.31972,0.15981,174.358,3.968,PUSH
8.214,0.31972,0.15981,174.358,3.961,PUSH
8.215,0.31972,0.15981,174.358,3.954,PUSH
8.216,0.31972,0.15981,174.358,3.948,PUSH
8.217,0.31972,0.15981,174.358,3.942,PUSH
8.218,0.31972,0.15981,174.358,3.935,PUSH
8.219,0.31972,0.15981,174.358,3.929,PUSH
8.22,0.31972,0.15981,174.358,3.923,PUSH
8.221,0.31972,0.15981,174.358,3.916,PUSH
8.222,0.31972,0.15981,174.358,3.91,PUSH
8.223,0.31972,0.15981,174.358,3.904,PUSH
8.224,0.31972,0.15981,174.358,3.899,PUSH
8.225,0.31972,0.15981,174.358,3.894,PUSH
8.226,0.31972,0.15981,174.358,3.888,PUSH
8.227,0.31972,0.15981,174.358,3.881,PUSH
8.228,0.31972,0.15981,174.358,3.875,PUSH
8.229,0.31972,0.15981,174.358,3.869,PUSH
8.23,0.31972,0.15981,174.358,3.863,PUSH
8.231,0.31972,0.15981,174.358,3.857,PUSH
8.232,0.31972,0.15981,174.358,3.851,PUSH
8.233,0.31972,0.15981,174.358,3.845,PUSH
8.234,0.32372,0.16064,176.749,9.159,PUSH
8.235,0.32372,0.16064,176.749,9.153,PUSH
8.236,0.32372,0.16064,176.749,9.145,PUSH
8.237,0.32372,0.16064,176.749,9.137,PUSH
8.238,0.32372,0.16064,176.749,9.128,PUSH
8.239,0.32372,0.16064,176.749,9.119,PUSH
8.24,0.32372,0.16064,176.749,9.11,PUSH
8.241,0.32372,0.16064,176.749,9.1,PUSH
8.242,0.32372,0.16064,176.749,9.09,PUSH
8.243,0.32372,0.16064,176.749,9.08,PUSH
8.244,0.32372,0.16064,176.749,9.07,PUSH
8.245,0.32372,0.16064,176.749,9.059,PUSH
8.246,0.32372,0.16064,176.749,9.049,PUSH
8.247,0.32372,0.16064,176.749,9.039,PUSH
8.248,0.32372,0.16064,176.749,9.029,PUSH
8.249,0.32372,0.16064,176.749,9.019,PUSH
8.25,0.32372,0.16064,176.749,9.009,PUSH
8.251,0.32372,0.16064,176.749,9.0,PUSH
8.252,0.32372,0.16064,176.749,8.99,PUSH
8.253,0.32372,0.16064,176.749,8.98,PUSH
8.254,0.32372,0.16064,176.749,8.971,PUSH
8.255,0.32372,0.16064,176.749,8.963,PUSH
8.256,0.32372,0.16064,176.749,8.954,PUSH
8.257,0.32372,0.16064,176.749,8.944,PUSH
8.258,0.32372,0.16064,176.749,8.934,PUSH
8.259,0.32372,0.16064,176.749,8.925,PUSH
8.26,0.32372,0.16064,176.749,8.916,PUSH
8.261,0.32372,0.16064,176.749,8.906,PUSH
8.262,0.32372,0.16064,176.749,8.896,PUSH
8.263,0.32372,0.16064,176.749,8.887,PUSH
8.264,0.32372,0.16064,176.749,8.878,PUSH
8.265,0.32372,0.16064,176.749,8.868,PUSH
8.266,0.32372,0.16064,176.749,8.858,PUSH
8.267,0.32278,0.15554,171.722,10.915,PUSH
8.268,0.32278,0.15554,171.722,10.905,PUSH
8.269,0.32278,0.15554,171.722,10.894,PUSH
8.27,0.32278,0.15554,171.722,10.884,PUSH
8.271,0.32278,0.15554,171.722,10.872,PUSH
8.272,0.32278,0.15554,171.722,10.861,PUSH
8.273,0.32278,0.15554,171.722,10.848,PUSH
8.274,0.32278,0.15554,171.722,10.837,PUSH
8.275,0.32278,0.15554,171.722,10.825,PUSH
8.276,0.32278,0.15554,171.722,10.814,PUSH
8.277,0.32278,0.15554,171.722,10.802,PUSH
8.278,0.32278,0.15554,171.722,10.79,PUSH
8.279,0.32278,0.15554,171.722,10.779,PUSH
8.28,0.32278,0.15554,171.722,10.767,PUSH
8.281,0.32278,0.15554,171.722,10.755,PUSH
8.282,0.32278,0.15554,171.722,10.743,PUSH
8.283,0.32278,0.15554,171.722,10.731,PUSH
8.284,0.32278,0.15554,171.722,10.719,PUSH
8.285,0.32278,0.15554,171.722,10.707,PUSH
8.286,0.32278,0.15554,171.722,10.695,PUSH
8.287,0.32278,0.15554,171.722,10.684,PUSH
8.288,0.32278,0.15554,171.722,10.672,PUSH
8.289,0.32278,0.15554,171.722,10.659,PUSH
8.29,0.32278,0.15554,171.722,10.647,PUSH
8.291,0.32278,0.15554,171.722,10.635,PUSH
8.292,0.32278,0.15554,171.722,10.623,PUSH
8.293,0.32278,0.15554,171.722,10.611,PUSH
8.294,0.32278,0.15554,171.722,10.599,PUSH
8.295,0.32278,0.15554,171.722,10.586,PUSH
8.296,0.32278,0.15554,171.722,10.573,PUSH
8.297,0.32278,0.15554,171.722,10.561,PUSH
8.298,0.32278,0.15554,171.722,10.55,PUSH
8.299,0.32278,0.15554,171.722,10.538,PUSH
8.3,0.32278,0.15554,171.722,10.525,PUSH
8.301,0.32037,0.15827,173.213,5.118,PUSH
8.302,0.32037,0.15827,173.213,5.106,PUSH
8.303,0.32037,0.15827,173.213,5.095,PUSH
8.304,0.32037,0.15827,173.213,5.086,PUSH
8.305,0.32037,0.15827,173.213,5.077,PUSH
8.306,0.32037,0.15827,173.213,5.067,PUSH
8.307,0.32037,0.15827,173.213,5.058,PUSH
8.308,0.32037,0.15827,173.213,5.049,PUSH
8.309,0.32037,0.15827,173.213,5.041,PUSH
8.31,0.32037,0.15827,173.213,5.032,PUSH
8.311,0.32037,0.15827,173.213,5.024,PUSH
8.312,0.32037,0.15827,173.213,5.016,PUSH
8.313,0.32037,0.15827,173.213,5.008,PUSH
8.314,0.32037,0.15827,173.213,5.0,PUSH
8.315,0.32037,0.15827,173.213,4.993,PUSH
8.316,0.32037,0.15827,173.213,4.985,PUSH
8.317,0.32037,0.15827,173.213,4.978,PUSH
8.318,0.32037,0.15827,173.213,4.97,PUSH
8.319,0.32037,0.15827,173.213,4.963,PUSH
8.32,0.32037,0.15827,173.213,4.956,PUSH
8.321,0.32037,0.15827,173.213,4.948,PUSH
8.322,0.32037,0.15827,173.213,4.941,PUSH
8.323,0.32037,0.15827,173.213,4.933,PUSH
8.324,0.32037,0.15827,173.213,4.926,PUSH
8.325,0.32037,0.15827,173.213,4.918,PUSH
8.326,0.32037,0.15827,173.213,4.911,PUSH
8.327,0.32037,0.15827,173.213,4.904,PUSH
8.328,0.32037,0.15827,173.213,4.897,PUSH
8.329,0.32037,0.15827,173.213,4.89,PUSH
8.33,0.32037,0.15827,173.213,4.883,PUSH
8.331,0.32037,0.15827,173.213,4.876,PUSH
8.332,0.32037,0.15827,173.213,4.869,PUSH
8.333,0.32037,0.15827,173.213,4.861,PUSH
8.334,0.32112,0.1576,172.901,6.397,PUSH
8.335,0.32112,0.1576,172.901,6.39,PUSH
8.336,0.32112,0.1576,172.901,6.382,PUSH
8.337,0.32112,0.1576,172.901,6.375,PUSH
8.338,0.32112,0.1576,172.901,6.367,PUSH
8.339,0.32112,0.1576,172.901,6.359,PUSH
8.34,0.32112,0.1576,172.901,6.351,PUSH
8.341,0.32112,0.1576,172.901,6.343,PUSH
8.342,0.32112,0.1576,172.901,6.335,PUSH
8.343,0.32112,0.1576,172.901,6.326,PUSH
8.344,0.32112,0.1576,172.901,6.318,PUSH
8.345,0.32112,0.1576,172.901,6.31,PUSH
8.346,0.32112,0.1576,172.901,6.301,PUSH
8.347,0.32112,0.1576,172.901,6.293,PUSH
8.348,0.32112,0.1576,172.901,6.284,PUSH
8.349,0.32112,0.1576,172.901,6.276,PUSH
8.35,0.32112,0.1576,172.901,6.268,PUSH
8.351,0.32112,0.1576,172.901,6.259,PUSH
8.352,0.32112,0.1576,172.901,6.25,PUSH
8.353,0.32112,0.1576,172.901,6.241,PUSH
8.354,0.32112,0.1576,172.901,6.234,PUSH
8.355,0.32112,0.1576,172.901,6.225,PUSH
8.356,0.32112,0.1576,172.901,6.218,PUSH
8.357,0.32112,0.1576,172.901,6.21,PUSH
8.358,0.32112,0.1576,172.901,6.202,PUSH
8.359,0.32112,0.1576,172.901,6.194,PUSH
8.36,0.32112,0.1576,172.901,6.186,PUSH
8.361,0.32112,0.1576,172.901,6.18,PUSH
8.362,0.32112,0.1576,172.901,6.172,PUSH
8.363,0.32112,0.1576,172.901,6.164,PUSH
8.364,0.32112,0.1576,172.901,6.156,PUSH
8.365,0.32112,0.1576,172.901,6.148,PUSH
8.366,0.32112,0.1576,172.901,6.141,PUSH
8.367,0.32158,0.15622,171.836,7.736,PUSH
8.368,0.32158,0.15622,171.836,7.729,PUSH
8.369,0.32158,0.15622,171.836,7.721,PUSH
8.37,0.32158,0.15622,171.836,7.712,PUSH
8.371,0.32158,0.15622,171.836,7.703,PUSH
8.372,0.32158,0.15622,171.836,7.695,PUSH
8.373,0.32158,0.15622,171.836,7.688,PUSH
8.374,0.32158,0.15622,171.836,7.679,PUSH
8.375,0.32158,0.15622,171.836,7.67,PUSH
8.376,0.32158,0.15622,171.836,7.661,PUSH
8.377,0.32158,0.15622,171.836,7.651,PUSH
8.378,0.32158,0.15622,171.836,7.642,PUSH
8.379,0.32158,0.15622,171.836,7.633,PUSH
8.38,0.32158,0.15622,171.836,7.625,PUSH
8.381,0.32158,0.15622,171.836,7.616,PUSH
8.382,0.32158,0.15622,171.836,7.606,PUSH
8.383,0.32158,0.15622,171.836,7.598,PUSH
8.384,0.32158,0.15622,171.836,7.589,PUSH
8.385,0.32158,0.15622,171.836,7.579,PUSH
8.386,0.32158,0.15622,171.836,7.571,PUSH
8.387,0.32158,0.15622,171.836,7.562,PUSH
8.388,0.32158,0.15622,171.836,7.552,PUSH
8.389,0.32158,0.15622,171.836,7.544,PUSH
8.39,0.32158,0.15622,171.836,7.534,PUSH
8.391,0.32158,0.15622,171.836,7.525,PUSH
8.392,0.32158,0.15622,171.836,7.516,PUSH
8.393,0.32158,0.15622,171.836,7.507,PUSH
8.394,0.32158,0.15622,171.836,7.498,PUSH
8.395,0.32158,0.15622,171.836,7.489,PUSH
8.396,0.32158,0.15622,171.836,7.48,PUSH
8.397,0.32158,0.15622,171.836,7.471,PUSH
8.398,0.32158,0.15622,171.836,7.462,PUSH
8.399,0.32158,0.15622,171.836,7.453,PUSH
8.4,0.32158,0.15622,171.836,7.443,PUSH
8.401,0.31805,0.15594,170.144,2.374,PUSH
8.402,0.31805,0.15594,170.144,2.366,PUSH
8.403,0.31805,0.15594,170.144,2.358,PUSH
8.404,0.31805,0.15594,170.144,2.352,PUSH
8.405,0.31805,0.15594,170.144,2.345,PUSH
8.406,0.31805,0.15594,170.144,2.338,PUSH
8.407,0.31805,0.15594,170.144,2.332,PUSH
8.408,0.31805,0.15594,170.144,2.327,PUSH
8.409,0.31805,0.15594,170.144,2.321,PUSH
8.41,0.31805,0.15594,170.144,2.316,PUSH
8.411,0.31805,0.15594,170.144,2.31,PUSH
8.412,0.31805,0.15594,170.144,2.305,PUSH
8.413,0.31805,0.15594,170.144,2.3,PUSH
8.414,0.31805,0.15594,170.144,2.295,PUSH
8.415,0.31805,0.15594,170.144,2.291,PUSH
8.416,0.31805,0.15594,170.144,2.287,PUSH
8.417,0.31805,0.15594,170.144,2.283,PUSH
8.418,0.31805,0.15594,170.144,2.278,PUSH
8.419,0.31805,0.15594,170.144,2.273,PUSH
8.42,0.31805,0.15594,170.144,2.268,PUSH
8.421,0.31805,0.15594,170.144,2.263,PUSH
8.422,0.31805,0.15594,170.144,2.26,PUSH
8.423,0.31805,0.15594,170.144,2.256,PUSH
8.424,0.31805,0.15594,170.144,2.252,PUSH
8.425,0.31805,0.15594,170.144,2.247,PUSH
8.426,0.31805,0.15594,170.144,2.242,PUSH
8.427,0.31805,0.15594,170.144,2.238,PUSH
8.428,0.31805,0.15594,170.144,2.234,PUSH
8.429,0.31805,0.15594,170.144,2.229,PUSH
8.43,0.31805,0.15594,170.144,2.226,PUSH
8.431,0.31805,0.15594,170.144,2.222,PUSH
8.432,0.31805,0.15594,170.144,2.217,PUSH
8.433,0.31805,0.15594,170.144,2.214,PUSH
8.434,0.31701,0.15644,170.186,0.339,PUSH
8.435,0.31701,0.15644,170.186,0.335,PUSH
8.436,0.31701,0.15644,170.186,0.331,PUSH
8.437,0.31701,0.15644,170.186,0.328,PUSH
8.438,0.31701,0.15644,170.186,0.325,PUSH
8.439,0.31701,0.15644,170.186,0.322,PUSH
8.44,0.31701,0.15644,170.186,0.32,PUSH
8.441,0.31701,0.15644,170.186,0.317,PUSH
8.442,0.31701,0.15644,170.186,0.315,PUSH
8.443,0.31701,0.15644,170.186,0.313,PUSH
8.444,0.31701,0.15644,170.186,0.31,PUSH
8.445,0.31701,0.15644,170.186,0.308,PUSH
8.446,0.31701,0.15644,170.186,0.305,PUSH
8.447,0.31701,0.15644,170.186,0.303,PUSH
8.448,0.31701,0.15644,170.186,0.301,PUSH
8.449,0.31701,0.15644,170.186,0.299,PUSH
8.45,0.31701,0.15644,170.186,0.297,PUSH
8.451,0.31701,0.15644,170.186,0.295,PUSH
8.452,0.31701,0.15644,170.186,0.293,PUSH
8.453,0.31701,0.15644,170.186,0.291,PUSH
8.454,0.31701,0.15644,170.186,0.289,PUSH
8.455,0.31701,0.15644,170.186,0.287,PUSH
8.456,0.31701,0.15644,170.186,0.285,PUSH
8.457,0.31701,0.15644,170.186,0.284,PUSH
8.458,0.31701,0.15644,170.186,0.282,PUSH
8.459,0.31701,0.15644,170.186,0.28,PUSH
8.46,0.31701,0.15644,170.186,0.278,PUSH
8.461,0.31701,0.15644,170.186,0.276,PUSH
8.462,0.31701,0.15644,170.186,0.274,PUSH
8.463,0.31701,0.15644,170.186,0.272,PUSH
8.464,0.31701,0.15644,170.186,0.271,PUSH
8.465,0.31701,0.15644,170.186,0.269,PUSH
8.466,0.31701,0.15644,170.186,0.268,PUSH
8.467,0.31969,0.15546,170.369,4.898,PUSH
8.468,0.31969,0.15546,170.369,4.896,PUSH
8.469,0.31969,0.15546,170.369,4.892,PUSH
8.47,0.31969,0.15546,170.369,4.888,PUSH
8.471,0.31969,0.15546,170.369,4.885,PUSH
8.472,0.31969,0.15546,170.369,4.88,PUSH
8.473,0.31969,0.15546,170.369,4.875,PUSH
8.474,0.31969,0.15546,170.369,4.869,PUSH
8.475,0.31969,0.15546,170.369,4.864,PUSH
8.476,0.31969,0.15546,170.369,4.859,PUSH
8.477,0.31969,0.15546,170.369,4.852,PUSH
8.478,0.31969,0.15546,170.369,4.847,PUSH
8.479,0.31969,0.15546,170.369,4.841,PUSH
8.48,0.31969,0.15546,170.369,4.834,PUSH
8.481,0.31969,0.15546,170.369,4.828,PUSH
8.482,0.31969,0.15546,170.369,4.822,PUSH
8.483,0.31969,0.15546,170.369,4.815,PUSH
8.484,0.31969,0.15546,170.369,4.809,PUSH
8.485,0.31969,0.15546,170.369,4.803,PUSH
8.486,0.31969,0.15546,170.369,4.796,PUSH
8.487,0.31969,0.15546,170.369,4.789,PUSH
8.488,0.31969,0.15546,170.369,4.783,PUSH
8.489,0.31969,0.15546,170.369,4.776,PUSH
8.49,0.31969,0.15546,170.369,4.769,PUSH
8.491,0.31969,0.15546,170.369,4.763,PUSH
8.492,0.31969,0.15546,170.369,4.756,PUSH
8.493,0.31969,0.15546,170.369,4.749,PUSH
8.494,0.31969,0.15546,170.369,4.742,PUSH
8.495,0.31969,0.15546,170.369,4.736,PUSH
8.496,0.31969,0.15546,170.369,4.728,PUSH
8.497,0.31969,0.15546,170.369,4.722,PUSH
8.498,0.31969,0.15546,170.369,4.716,PUSH
8.499,0.31969,0.15546,170.369,4.709,PUSH
8.5,0.31969,0.15546,170.369,4.704,PUSH
8.501,0.31829,0.156,170.298,2.27,PUSH
8.502,0.31829,0.156,170.298,2.265,PUSH
8.503,0.31829,0.156,170.298,2.261,PUSH
8.504,0.31829,0.156,170.298,2.256,PUSH
8.505,0.31829,0.156,170.298,2.253,PUSH
8.506,0.31829,0.156,170.298,2.249,PUSH
8.507,0.31829,0.156,170.298,2.246,PUSH
8.508,0.31829,0.156,170.298,2.243,PUSH
8.509,0.31829,0.156,170.298,2.239,PUSH
8.51,0.31829,0.156,170.298,2.236,PUSH
8.511,0.31829,0.156,170.298,2.233,PUSH
8.512,0.31829,0.156,170.298,2.229,PUSH
8.513,0.31829,0.156,170.298,2.226,PUSH
8.514,0.31829,0.156,170.298,2.223,PUSH
8.515,0.31829,0.156,170.298,2.22,PUSH
8.516,0.31829,0.156,170.298,2.217,PUSH
8.517,0.31829,0.156,170.298,2.213,PUSH
8.518,0.31829,0.156,170.298,2.21,PUSH
8.519,0.31829,0.156,170.298,2.207,PUSH
8.52,0.31829,0.156,170.298,2.204,PUSH
8.521,0.31829,0.156,170.298,2.2,PUSH
8.522,0.31829,0.156,170.298,2.197,PUSH
8.523,0.31829,0.156,170.298,2.194,PUSH
8.524,0.31829,0.156,170.298,2.19,PUSH
8.525,0.31829,0.156,170.298,2.187,PUSH
8.526,0.31829,0.156,170.298,2.184,PUSH
8.527,0.31829,0.156,170.298,2.18,PUSH
8.528,0.31829,0.156,170.298,2.177,PUSH
8.529,0.31829,0.156,170.298,2.174,PUSH
8.53,0.31829,0.156,170.298,2.17,PUSH
8.531,0.31829,0.156,170.298,2.167,PUSH
8.532,0.31829,0.156,170.298,2.164,PUSH
8.533,0.31829,0.156,170.298,2.16,PUSH
8.534,0.31669,0.15643,170.057,0.505,PUSH
8.535,0.31669,0.15643,170.057,0.508,PUSH
8.536,0.31669,0.15643,170.057,0.511,PUSH
8.537,0.31669,0.15643,170.057,0.513,PUSH
8.538,0.31669,0.15643,170.057,0.515,PUSH
8.539,0.31669,0.15643,170.057,0.517,PUSH
8.54,0.31669,0.15643,170.057,0.518,PUSH
8.541,0.31669,0.15643,170.057,0.52,PUSH
8.542,0.31669,0.15643,170.057,0.521,PUSH
8.543,0.31669,0.15643,170.057,0.522,PUSH
8.544,0.31669,0.15643,170.057,0.523,PUSH
8.545,0.31669,0.15643,170.057,0.525,PUSH
8.546,0.31669,0.15643,170.057,0.527,PUSH
8.547,0.31669,0.15643,170.057,0.528,PUSH
8.548,0.31669,0.15643,170.057,0.529,PUSH
8.549,0.31669,0.15643,170.057,0.53,PUSH
8.55,0.31669,0.15643,170.057,0.531,PUSH
8.551,0.31669,0.15643,170.057,0.532,PUSH
8.552,0.31669,0.15643,170.057,0.534,PUSH
8.553,0.31669,0.15643,170.057,0.536,PUSH
8.554,0.31669,0.15643,170.057,0.537,PUSH
8.555,0.31669,0.15643,170.057,0.538,PUSH
8.556,0.31669,0.15643,170.057,0.539,PUSH
8.557,0.31669,0.15643,170.057,0.54,PUSH
8.558,0.31669,0.15643,170.057,0.542,PUSH
8.559,0.31669,0.15643,170.057,0.544,PUSH
8.56,0.31669,0.15643,170.057,0.545,PUSH
8.561,0.31669,0.15643,170.057,0.546,PUSH
8.562,0.31669,0.15643,170.057,0.546,PUSH
8.563,0.31669,0.15643,170.057,0.547,PUSH
8.564,0.31669,0.15643,170.057,0.548,PUSH
8.565,0.31669,0.15643,170.057,0.549,PUSH
8.566,0.31669,0.15643,170.057,0.55,PUSH
8.567,0.31716,0.15337,167.43,2.131,PUSH
8.568,0.31716,0.15337,167.43,2.13,PUSH
8.569,0.31716,0.15337,167.43,2.129,PUSH
8.57,0.31716,0.15337,167.43,2.127,PUSH
8.571,0.31716,0.15337,167.43,2.125,PUSH
8.572,0.31716,0.15337,167.43,2.122,PUSH
8.573,0.31716,0.15337,167.43,2.12,PUSH
8.574,0.31716,0.15337,167.43,2.117,PUSH
8.575,0.31716,0.15337,167.43,2.114,PUSH
8.576,0.31716,0.15337,167.43,2.112,PUSH
8.577,0.31716,0.15337,167.43,2.109,PUSH
8.578,0.31716,0.15337,167.43,2.107,PUSH
8.579,0.31716,0.15337,167.43,2.104,PUSH
8.58,0.31716,0.15337,167.43,2.102,PUSH
8.581,0.31716,0.15337,167.43,2.098,PUSH
8.582,0.31716,0.15337,167.43,2.096,PUSH
8.583,0.31716,0.15337,167.43,2.093,PUSH
8.584,0.31716,0.15337,167.43,2.09,PUSH
8.585,0.31716,0.15337,167.43,2.088,PUSH
8.586,0.31716,0.15337,167.43,2.085,PUSH
8.587,0.31716,0.15337,167.43,2.082,PUSH
8.588,0.31716,0.15337,167.43,2.079,PUSH
8.589,0.31716,0.15337,167.43,2.076,PUSH
8.59,0.31716,0.15337,167.43,2.073,PUSH
8.591,0.31716,0.15337,167.43,2.07,PUSH
8.592,0.31716,0.15337,167.43,2.067,PUSH
8.593,0.31716,0.15337,167.43,2.064,PUSH
8.594,0.31716,0.15337,167.43,2.061,PUSH
8.595,0.31716,0.15337,167.43,2.058,PUSH
8.596,0.31716,0.15337,167.43,2.055,PUSH
8.597,0.31716,0.15337,167.43,2.052,PUSH
8.598,0.31716,0.15337,167.43,2.049,PUSH
8.599,0.31716,0.15337,167.43,2.045,PUSH
8.6,0.31716,0.15337,167.43,2.043,PUSH
8.601,0.31963,0.15461,169.561,4.897,PUSH
8.602,0.31963,0.15461,169.561,4.893,PUSH
8.603,0.31963,0.15461,169.561,4.889,PUSH
8.604,0.31963,0.15461,169.561,4.885,PUSH
8.605,0.31963,0.15461,169.561,4.88,PUSH
8.606,0.31963,0.15461,169.561,4.876,PUSH
8.607,0.31963,0.15461,169.561,4.872,PUSH
8.608,0.31963,0.15461,169.561,4.867,PUSH
8.609,0.31963,0.15461,169.561,4.862,PUSH
8.61,0.31963,0.15461,169.561,4.857,PUSH
8.611,0.31963,0.15461,169.561,4.852,PUSH
8.612,0.31963,0.15461,169.561,4.848,PUSH
8.613,0.31963,0.15461,169.561,4.843,PUSH
8.614,0.31963,0.15461,169.561,4.838,PUSH
8.615,0.31963,0.15461,169.561,4.833,PUSH
8.616,0.31963,0.15461,169.561,4.828,PUSH
8.617,0.31963,0.15461,169.561,4.823,PUSH
8.618,0.31963,0.15461,169.561,4.818,PUSH
8.619,0.31963,0.15461,169.561,4.814,PUSH
8.62,0.31963,0.15461,169.561,4.809,PUSH
8.621,0.31963,0.15461,169.561,4.804,PUSH
8.622,0.31963,0.15461,169.561,4.798,PUSH
8.623,0.31963,0.15461,169.561,4.794,PUSH
8.624,0.31963,0.15461,169.561,4.788,PUSH
8.625,0.31963,0.15461,169.561,4.783,PUSH
8.626,0.31963,0.15461,169.561,4.778,PUSH
8.627,0.31963,0.15461,169.561,4.773,PUSH
8.628,0.31963,0.15461,169.561,4.769,PUSH
8.629,0.31963,0.15461,169.561,4.764,PUSH
8.63,0.31963,0.15461,169.561,4.758,PUSH
8.631,0.31963,0.15461,169.561,4.754,PUSH
8.632,0.31963,0.15461,169.561,4.748,PUSH
8.633,0.31963,0.15461,169.561,4.743,PUSH
8.634,0.32058,0.15494,170.26,5.912,PUSH
8.635,0.32058,0.15494,170.26,5.907,PUSH
8.636,0.32058,0.15494,170.26,5.901,PUSH
8.637,0.32058,0.15494,170.26,5.896,PUSH
8.638,0.32058,0.15494,170.26,5.89,PUSH
8.639,0.32058,0.15494,170.26,5.884,PUSH
8.64,0.32058,0.15494,170.26,5.878,PUSH
8.641,0.32058,0.15494,170.26,5.872,PUSH
8.642,0.32058,0.15494,170.26,5.867,PUSH
8.643,0.32058,0.15494,170.26,5.861,PUSH
8.644,0.32058,0.15494,170.26,5.855,PUSH
8.645,0.32058,0.15494,170.26,5.848,PUSH
8.646,0.32058,0.15494,170.26,5.843,PUSH
8.647,0.32058,0.15494,170.26,5.838,PUSH
8.648,0.32058,0.15494,170.26,5.832,PUSH
8.649,0.32058,0.15494,170.26,5.826,PUSH
8.65,0.32058,0.15494,170.26,5.819,PUSH
8.651,0.32058,0.15494,170.26,5.814,PUSH
8.652,0.32058,0.15494,170.26,5.807,PUSH
8.653,0.32058,0.15494,170.26,5.802,PUSH
8.654,0.32058,0.15494,170.26,5.796,PUSH
8.655,0.32058,0.15494,170.26,5.789,PUSH
8.656,0.32058,0.15494,170.26,5.784,PUSH
8.657,0.32058,0.15494,170.26,5.778,PUSH
8.658,0.32058,0.15494,170.26,5.771,PUSH
8.659,0.32058,0.15494,170.26,5.766,PUSH
8.66,0.32058,0.15494,170.26,5.759,PUSH
8.661,0.32058,0.15494,170.26,5.753,PUSH
8.662,0.32058,0.15494,170.26,5.747,PUSH
8.663,0.32058,0.15494,170.26,5.741,PUSH
8.664,0.32058,0.15494,170.26,5.736,PUSH
8.665,0.32058,0.15494,170.26,5.73,PUSH
8.666,0.32058,0.15494,170.26,5.723,PUSH
8.667,0.31794,0.15219,166.661,3.648,PUSH
8.668,0.31794,0.15219,166.661,3.643,PUSH
8.669,0.31794,0.15219,166.661,3.637,PUSH
8.67,0.31794,0.15219,166.661,3.632,PUSH
8.671,0.31794,0.15219,166.661,3.627,PUSH
8.672,0.31794,0.15219,166.661,3.621,PUSH
8.673,0.31794,0.15219,166.661,3.617,PUSH
8.674,0.31794,0.15219,166.661,3.612,PUSH
8.675,0.31794,0.15219,166.661,3.608,PUSH
8.676,0.31794,0.15219,166.661,3.603,PUSH
8.677,0.31794,0.15219,166.661,3.598,PUSH
8.678,0.31794,0.15219,166.661,3.593,PUSH
8.679,0.31794,0.15219,166.661,3.589,PUSH
8.68,0.31794,0.15219,166.661,3.585,PUSH
8.681,0.31794,0.15219,166.661,3.581,PUSH
8.682,0.31794,0.15219,166.661,3.576,PUSH
8.683,0.31794,0.15219,166.661,3.571,PUSH
8.684,0.31794,0.15219,166.661,3.566,PUSH
8.685,0.31794,0.15219,166.661,3.562,PUSH
8.686,0.31794,0.15219,166.661,3.558,PUSH
8.687,0.31794,0.15219,166.661,3.554,PUSH
8.688,0.31794,0.15219,166.661,3.549,PUSH
8.689,0.31794,0.15219,166.661,3.544,PUSH
8.69,0.31794,0.15219,166.661,3.541,PUSH
8.691,0.31794,0.15219,166.661,3.536,PUSH
8.692,0.31794,0.15219,166.661,3.532,PUSH
8.693,0.31794,0.15219,166.661,3.528,PUSH
8.694,0.31794,0.15219,166.661,3.524,PUSH
8.695,0.31794,0.15219,166.661,3.52,PUSH
8.696,0.31794,0.15219,166.661,3.516,PUSH
8.697,0.31794,0.15219,166.661,3.512,PUSH
8.698,0.31794,0.15219,166.661,3.508,PUSH
8.699,0.31794,0.15219,166.661,3.504,PUSH
8.7,0.31661,0.15463,168.371,0.075,PUSH
8.701,0.31661,0.15463,168.371,0.078,PUSH
8.702,0.31661,0.15463,168.371,0.081,PUSH
8.703,0.31661,0.15463,168.371,0.084,PUSH
8.704,0.31661,0.15463,168.371,0.086,PUSH
8.705,0.31661,0.15463,168.371,0.088,PUSH
8.706,0.31661,0.15463,168.371,0.09,PUSH
8.707,0.31661,0.15463,168.371,0.092,PUSH
8.708,0.31661,0.15463,168.371,0.094,PUSH
8.709,0.31661,0.15463,168.371,0.096,PUSH
8.71,0.31661,0.15463,168.371,0.097,PUSH
8.711,0.31661,0.15463,168.371,0.098,PUSH
8.712,0.31661,0.15463,168.371,0.1,PUSH
8.713,0.31661,0.15463,168.371,0.101,PUSH
8.714,0.31661,0.15463,168.371,0.102,PUSH
8.715,0.31661,0.15463,168.371,0.104,PUSH
8.716,0.31661,0.15463,168.371,0.105,PUSH
8.717,0.31661,0.15463,168.371,0.106,PUSH
8.718,0.31661,0.15463,168.371,0.108,PUSH
8.719,0.31661,0.15463,168.371,0.109,PUSH
8.72,0.31661,0.15463,168.371,0.11,PUSH
8.721,0.31661,0.15463,168.371,0.111,PUSH
8.722,0.31661,0.15463,168.371,0.113,PUSH
8.723,0.31661,0.15463,168.371,0.114,PUSH
8.724,0.31661,0.15463,168.371,0.114,PUSH
8.725,0.31661,0.15463,168.371,0.114,PUSH
8.726,0.31661,0.15463,168.371,0.115,PUSH
8.727,0.31661,0.15463,168.371,0.117,PUSH
8.728,0.31661,0.15463,168.371,0.118,PUSH
8.729,0.31661,0.15463,168.371,0.119,PUSH
8.73,0.31661,0.15463,168.371,0.12,PUSH
8.731,0.31661,0.15463,168.371,0.12,PUSH
8.732,0.31661,0.15463,168.371,0.121,PUSH
8.733,0.31661,0.15463,168.371,0.122,PUSH
8.734,0.31707,0.15545,169.306,0.034,PUSH
8.735,0.31707,0.15545,169.306,0.033,PUSH
8.736,0.31707,0.15545,169.306,0.034,PUSH
8.737,0.31707,0.15545,169.306,0.033,PUSH
8.738,0.31707,0.15545,169.306,0.033,PUSH
8.739,0.31707,0.15545,169.306,0.031,PUSH
8.74,0.31707,0.15545,169.306,0.03,PUSH
8.741,0.31707,0.15545,169.306,0.03,PUSH
8.742,0.31707,0.15545,169.306,0.029,PUSH
8.743,0.31707,0.15545,169.306,0.029,PUSH
8.744,0.31707,0.15545,169.306,0.029,PUSH
8.745,0.31707,0.15545,169.306,0.028,PUSH
8.746,0.31707,0.15545,169.306,0.028,PUSH
8.747,0.31707,0.15545,169.306,0.027,PUSH
8.748,0.31707,0.15545,169.306,0.026,PUSH
8.749,0.31707,0.15545,169.306,0.026,PUSH
8.75,0.31707,0.15545,169.306,0.025,PUSH
8.751,0.31707,0.15545,169.306,0.025,PUSH
8.752,0.31707,0.15545,169.306,0.024,PUSH
8.753,0.31707,0.15545,169.306,0.024,PUSH
8.754,0.31707,0.15545,169.306,0.023,PUSH
8.755,0.31707,0.15545,169.306,0.023,PUSH
8.756,0.31707,0.15545,169.306,0.022,PUSH
8.757,0.31707,0.15545,169.306,0.021,PUSH
8.758,0.31707,0.15545,169.306,0.021,PUSH
8.759,0.31707,0.15545,169.306,0.021,PUSH
8.76,0.31707,0.15545,169.306,0.02,PUSH
8.761,0.31707,0.15545,169.306,0.02,PUSH
8.762,0.31707,0.15545,169.306,0.019,PUSH
8.763,0.31707,0.15545,169.306,0.018,PUSH
8.764,0.31707,0.15545,169.306,0.018,PUSH
8.765,0.31707,0.15545,169.306,0.018,PUSH
8.766,0.31707,0.15545,169.306,0.017,PUSH
8.767,0.31815,0.15435,168.727,2.315,PUSH
8.768,0.31815,0.15435,168.727,2.314,PUSH
8.769,0.31815,0.15435,168.727,2.313,PUSH
8.77,0.31815,0.15435,168.727,2.312,PUSH
8.771,0.31815,0.15435,168.727,2.31,PUSH
8.772,0.31815,0.15435,168.727,2.308,PUSH
8.773,0.31815,0.15435,168.727,2.307,PUSH
8.774,0.31815,0.15435,168.727,2.305,PUSH
8.775,0.31815,0.15435,168.727,2.303,PUSH
8.776,0.31815,0.15435,168.727,2.301,PUSH
8.777,0.31815,0.15435,168.727,2.299,PUSH
8.778,0.31815,0.15435,168.727,2.298,PUSH
8.779,0.31815,0.15435,168.727,2.296,PUSH
8.78,0.31815,0.15435,168.727,2.294,PUSH
8.781,0.31815,0.15435,168.727,2.291,PUSH
8.782,0.31815,0.15435,168.727,2.29,PUSH
8.783,0.31815,0.15435,168.727,2.288,PUSH
8.784,0.31815,0.15435,168.727,2.287,PUSH
8.785,0.31815,0.15435,168.727,2.284,PUSH
8.786,0.31815,0.15435,168.727,2.282,PUSH
8.787,0.31815,0.15435,168.727,2.28,PUSH
8.788,0.31815,0.15435,168.727,2.277,PUSH
8.789,0.31815,0.15435,168.727,2.275,PUSH
8.79,0.31815,0.15435,168.727,2.273,PUSH
8.791,0.31815,0.15435,168.727,2.271,PUSH
8.792,0.31815,0.15435,168.727,2.27,PUSH
8.793,0.31815,0.15435,168.727,2.267,PUSH
8.794,0.31815,0.15435,168.727,2.265,PUSH
8.795,0.31815,0.15435,168.727,2.263,PUSH
8.796,0.31815,0.15435,168.727,2.261,PUSH
8.797,0.31815,0.15435,168.727,2.259,PUSH
8.798,0.31815,0.15435,168.727,2.257,PUSH
8.799,0.31815,0.15435,168.727,2.255,PUSH
8.8,0.31815,0.15435,168.727,2.252,PUSH
8.801,0.31746,0.15297,167.183,2.138,PUSH
8.802,0.31746,0.15297,167.183,2.135,PUSH
8.803,0.31746,0.15297,167.183,2.134,PUSH
8.804,0.31746,0.15297,167.183,2.132,PUSH
8.805,0.31746,0.15297,167.183,2.13,PUSH
8.806,0.31746,0.15297,167.183,2.127,PUSH
8.807,0.31746,0.15297,167.183,2.125,PUSH
8.808,0.31746,0.15297,167.183,2.124,PUSH
8.809,0.31746,0.15297,167.183,2.122,PUSH
8.81,0.31746,0.15297,167.183,2.12,PUSH
8.811,0.31746,0.15297,167.183,2.117,PUSH
8.812,0.31746,0.15297,167.183,2.116,PUSH
8.813,0.31746,0.15297,167.183,2.113,PUSH
8.814,0.31746,0.15297,167.183,2.111,PUSH
8.815,0.31746,0.15297,167.183,2.109,PUSH
8.816,0.31746,0.15297,167.183,2.107,PUSH
8.817,0.31746,0.15297,167.183,2.106,PUSH
8.818,0.31746,0.15297,167.183,2.104,PUSH
8.819,0.31746,0.15297,167.183,2.102,PUSH
8.82,0.31746,0.15297,167.183,2.1,PUSH
8.821,0.31746,0.15297,167.183,2.098,PUSH
8.822,0.31746,0.15297,167.183,2.096,PUSH
8.823,0.31746,0.15297,167.183,2.094,PUSH
8.824,0.31746,0.15297,167.183,2.092,PUSH
8.825,0.31746,0.15297,167.183,2.09,PUSH
8.826,0.31746,0.15297,167.183,2.088,PUSH
8.827,0.31746,0.15297,167.183,2.086,PUSH
8.828,0.31746,0.15297,167.183,2.085,PUSH
8.829,0.31746,0.15297,167.183,2.083,PUSH
8.83,0.31746,0.15297,167.183,2.081,PUSH
8.831,0.31746,0.15297,167.183,2.078,PUSH
8.832,0.31746,0.15297,167.183,2.077,PUSH
8.833,0.31746,0.15297,167.183,2.076,PUSH
8.834,0.31729,0.15147,165.751,2.806,PUSH
8.835,0.31729,0.15147,165.751,2.804,PUSH
8.836,0.31729,0.15147,165.751,2.801,PUSH
8.837,0.31729,0.15147,165.751,2.799,PUSH
8.838,0.31729,0.15147,165.751,2.797,PUSH
8.839,0.31729,0.15147,165.751,2.794,PUSH
8.84,0.31729,0.15147,165.751,2.792,PUSH
8.841,0.31729,0.15147,165.751,2.789,PUSH
8.842,0.31729,0.15147,165.751,2.788,PUSH
8.843,0.31729,0.15147,165.751,2.785,PUSH
8.844,0.31729,0.15147,165.751,2.783,PUSH
8.845,0.31729,0.15147,165.751,2.781,PUSH
8.846,0.31729,0.15147,165.751,2.778,PUSH
8.847,0.31729,0.15147,165.751,2.775,PUSH
8.848,0.31729,0.15147,165.751,2.773,PUSH
8.849,0.31729,0.15147,165.751,2.771,PUSH
8.85,0.31729,0.15147,165.751,2.768,PUSH
8.851,0.31729,0.15147,165.751,2.766,PUSH
8.852,0.31729,0.15147,165.751,2.763,PUSH
8.853,0.31729,0.15147,165.751,2.762,PUSH
8.854,0.31729,0.15147,165.751,2.759,PUSH
8.855,0.31729,0.15147,165.751,2.756,PUSH
8.856,0.31729,0.15147,165.751,2.754,PUSH
8.857,0.31729,0.15147,165.751,2.752,PUSH
8.858,0.31729,0.15147,165.751,2.749,PUSH
8.859,0.31729,0.15147,165.751,2.747,PUSH
8.86,0.31729,0.15147,165.751,2.744,PUSH
8.861,0.31729,0.15147,165.751,2.741,PUSH
8.862,0.31729,0.15147,165.751,2.739,PUSH
8.863,0.31729,0.15147,165.751,2.736,PUSH
8.864,0.31729,0.15147,165.751,2.734,PUSH
8.865,0.31729,0.15147,165.751,2.732,PUSH
8.866,0.31729,0.15147,165.751,2.729,PUSH
8.867,0.31635,0.15094,164.881,1.66,PUSH
8.868,0.31635,0.15094,164.881,1.657,PUSH
8.869,0.31635,0.15094,164.881,1.655,PUSH
8.87,0.31635,0.15094,164.881,1.653,PUSH
8.871,0.31635,0.15094,164.881,1.651,PUSH
8.872,0.31635,0.15094,164.881,1.648,PUSH
8.873,0.31635,0.15094,164.881,1.647,PUSH
8.874,0.31635,0.15094,164.881,1.645,PUSH
8.875,0.31635,0.15094,164.881,1.644,PUSH
8.876,0.31635,0.15094,164.881,1.642,PUSH
8.877,0.31635,0.15094,164.881,1.64,PUSH
8.878,0.31635,0.15094,164.881,1.637,PUSH
8.879,0.31635,0.15094,164.881,1.636,PUSH
8.88,0.31635,0.15094,164.881,1.635,PUSH
8.881,0.31635,0.15094,164.881,1.634,PUSH
8.882,0.31635,0.15094,164.881,1.631,PUSH
8.883,0.31635,0.15094,164.881,1.629,PUSH
8.884,0.31635,0.15094,164.881,1.627,PUSH
8.885,0.31635,0.15094,164.881,1.625,PUSH
8.886,0.31635,0.15094,164.881,1.625,PUSH
8.887,0.31635,0.15094,164.881,1.623,PUSH
8.888,0.31635,0.15094,164.881,1.621,PUSH
8.889,0.31635,0.15094,164.881,1.619,PUSH
8.89,0.31635,0.15094,164.881,1.618,PUSH
8.891,0.31635,0.15094,164.881,1.617,PUSH
8.892,0.31635,0.15094,164.881,1.616,PUSH
8.893,0.31635,0.15094,164.881,1.614,PUSH
8.894,0.31635,0.15094,164.881,1.613,PUSH
8.895,0.31635,0.15094,164.881,1.612,PUSH
8.896,0.31635,0.15094,164.881,1.61,PUSH
8.897,0.31635,0.15094,164.881,1.608,PUSH
8.898,0.31635,0.15094,164.881,1.607,PUSH
8.899,0.31635,0.15094,164.881,1.605,PUSH
8.9,0.31635,0.15094,164.881,1.604,PUSH
8.901,0.31404,0.14887,162.06,0.519,PUSH
8.902,0.31404,0.14887,162.06,0.52,PUSH
8.903,0.31404,0.14887,162.06,0.52,PUSH
8.904,0.31404,0.14887,162.06,0.521,PUSH
8.905,0.31404,0.14887,162.06,0.521,PUSH
8.906,0.31404,0.14887,162.06,0.522,PUSH
8.907,0.31404,0.14887,162.06,0.522,PUSH
8.908,0.31404,0.14887,162.06,0.521,PUSH
8.909,0.31404,0.14887,162.06,0.521,PUSH
8.91,0.31404,0.14887,162.06,0.521,PUSH
8.911,0.31404,0.14887,162.06,0.522,PUSH
8.912,0.31404,0.14887,162.06,0.523,PUSH
8.913,0.31404,0.14887,162.06,0.522,PUSH
8.914,0.31404,0.14887,162.06,0.522,PUSH
8.915,0.31404,0.14887,162.06,0.521,PUSH
8.916,0.31404,0.14887,162.06,0.521,PUSH
8.917,0.31404,0.14887,162.06,0.522,PUSH
8.918,0.31404,0.14887,162.06,0.522,PUSH
8.919,0.31404,0.14887,162.06,0.522,PUSH
8.92,0.31404,0.14887,162.06,0.52,PUSH
8.921,0.31404,0.14887,162.06,0.52,PUSH
8.922,0.31404,0.14887,162.06,0.519,PUSH
8.923,0.31404,0.14887,162.06,0.52,PUSH
8.924,0.31404,0.14887,162.06,0.519,PUSH
8.925,0.31404,0.14887,162.06,0.518,PUSH
8.926,0.31404,0.14887,162.06,0.518,PUSH
8.927,0.31404,0.14887,162.06,0.517,PUSH
8.928,0.31404,0.14887,162.06,0.517,PUSH
8.929,0.31404,0.14887,162.06,0.516,PUSH
8.93,0.31404,0.14887,162.06,0.515,PUSH
8.931,0.31404,0.14887,162.06,0.515,PUSH
8.932,0.31404,0.14887,162.06,0.515,PUSH
8.933,0.31404,0.14887,162.06,0.514,PUSH
8.934,0.31437,0.15019,163.405,0.884,PUSH
8.935,0.31437,0.15019,163.405,0.884,PUSH
8.936,0.31437,0.15019,163.405,0.883,PUSH
8.937,0.31437,0.15019,163.405,0.883,PUSH
8.938,0.31437,0.15019,163.405,0.883,PUSH
8.939,0.31437,0.15019,163.405,0.882,PUSH
8.94,0.31437,0.15019,163.405,0.882,PUSH
8.941,0.31437,0.15019,163.405,0.88,PUSH
8.942,0.31437,0.15019,163.405,0.879,PUSH
8.943,0.31437,0.15019,163.405,0.879,PUSH
8.944,0.31437,0.15019,163.405,0.877,PUSH
8.945,0.31437,0.15019,163.405,0.877,PUSH
8.946,0.31437,0.15019,163.405,0.876,PUSH
8.947,0.31437,0.15019,163.405,0.875,PUSH
8.948,0.31437,0.15019,163.405,0.874,PUSH
8.949,0.31437,0.15019,163.405,0.873,PUSH
8.95,0.31437,0.15019,163.405,0.872,PUSH
8.951,0.31437,0.15019,163.405,0.871,PUSH
8.952,0.31437,0.15019,163.405,0.871,PUSH
8.953,0.31437,0.15019,163.405,0.869,PUSH
8.954,0.31437,0.15019,163.405,0.869,PUSH
8.955,0.31437,0.15019,163.405,0.868,PUSH
8.956,0.31437,0.15019,163.405,0.867,PUSH
8.957,0.31437,0.15019,163.405,0.866,PUSH
8.958,0.31437,0.15019,163.405,0.865,PUSH
8.959,0.31437,0.15019,163.405,0.864,PUSH
8.96,0.31437,0.15019,163.405,0.863,PUSH
8.961,0.31437,0.15019,163.405,0.863,PUSH
8.962,0.31437,0.15019,163.405,0.861,PUSH
8.963,0.31437,0.15019,163.405,0.86,PUSH
8.964,0.31437,0.15019,163.405,0.86,PUSH
8.965,0.31437,0.15019,163.405,0.858,PUSH
8.966,0.31437,0.15019,163.405,0.857,PUSH
8.967,0.31561,0.15254,166.05,0.497,PUSH
8.968,0.31561,0.15254,166.05,0.495,PUSH
8.969,0.31561,0.15254,166.05,0.494,PUSH
8.97,0.31561,0.15254,166.05,0.493,PUSH
8.971,0.31561,0.15254,166.05,0.492,PUSH
8.972,0.31561,0.15254,166.05,0.492,PUSH
8.973,0.31561,0.15254,166.05,0.492,PUSH
8.974,0.31561,0.15254,166.05,0.49,PUSH
8.975,0.31561,0.15254,166.05,0.49,PUSH
8.976,0.31561,0.15254,166.05,0.489,PUSH
8.977,0.31561,0.15254,166.05,0.488,PUSH
8.978,0.31561,0.15254,166.05,0.487,PUSH
8.979,0.31561,0.15254,166.05,0.486,PUSH
8.98,0.31561,0.15254,166.05,0.485,PUSH
8.981,0.31561,0.15254,166.05,0.485,PUSH
8.982,0.31561,0.15254,166.05,0.484,PUSH
8.983,0.31561,0.15254,166.05,0.483,PUSH
8.984,0.31561,0.15254,166.05,0.483,PUSH
8.985,0.31561,0.15254,166.05,0.482,PUSH
8.986,0.31561,0.15254,166.05,0.481,PUSH
8.987,0.31561,0.15254,166.05,0.48,PUSH
8.988,0.31561,0.15254,166.05,0.479,PUSH
8.989,0.31561,0.15254,166.05,0.478,PUSH
8.99,0.31561,0.15254,166.05,0.478,PUSH
8.991,0.31561,0.15254,166.05,0.477,PUSH
8.992,0.31561,0.15254,166.05,0.475,PUSH
8.993,0.31561,0.15254,166.05,0.474,PUSH
8.994,0.31561,0.15254,166.05,0.474,PUSH
8.995,0.31561,0.15254,166.05,0.473,PUSH
8.996,0.31561,0.15254,166.05,0.473,PUSH
8.997,0.31561,0.15254,166.05,0.472,PUSH
8.998,0.31561,0.15254,166.05,0.47,PUSH
8.999,0.31561,0.15254,166.05,0.469,PUSH
9.0,0.31561,0.15254,166.05,0.468,PUSH
9.001,0.31528,0.15101,164.515,0.011,PUSH
9.002,0.31528,0.15101,164.515,0.012,PUSH
9.003,0.31528,0.15101,164.515,0.013,PUSH
9.004,0.31528,0.15101,164.515,0.015,PUSH
9.005,0.31528,0.15101,164.515,0.015,PUSH
9.006,0.31528,0.15101,164.515,0.016,PUSH
9.007,0.31528,0.15101,164.515,0.017,PUSH
9.008,0.31528,0.15101,164.515,0.018,PUSH
9.009,0.31528,0.15101,164.515,0.018,PUSH
9.01,0.31528,0.15101,164.515,0.019,PUSH
9.011,0.31528,0.15101,164.515,0.02,PUSH
9.012,0.31528,0.15101,164.515,0.02,PUSH
9.013,0.31528,0.15101,164.515,0.021,PUSH
9.014,0.31528,0.15101,164.515,0.022,PUSH
9.015,0.31528,0.15101,164.515,0.023,PUSH
9.016,0.31528,0.15101,164.515,0.024,PUSH
9.017,0.31528,0.15101,164.515,0.024,PUSH
9.018,0.31528,0.15101,164.515,0.025,PUSH
9.019,0.31528,0.15101,164.515,0.025,PUSH
9.02,0.31528,0.15101,164.515,0.026,PUSH
9.021,0.31528,0.15101,164.515,0.027,PUSH
9.022,0.31528,0.15101,164.515,0.027,PUSH
9.023,0.31528,0.15101,164.515,0.027,PUSH
9.024,0.31528,0.15101,164.515,0.028,PUSH
9.025,0.31528,0.15101,164.515,0.028,PUSH
9.026,0.31528,0.15101,164.515,0.03,PUSH
9.027,0.31528,0.15101,164.515,0.03,PUSH
9.028,0.31528,0.15101,164.515,0.03,PUSH
9.029,0.31528,0.15101,164.515,0.031,PUSH
9.03,0.31528,0.15101,164.515,0.032,PUSH
9.031,0.31528,0.15101,164.515,0.032,PUSH
9.032,0.31528,0.15101,164.515,0.033,PUSH
9.033,0.31528,0.15101,164.515,0.033,PUSH
9.034,0.31675,0.14909,163.352,3.491,PUSH
9.035,0.31675,0.14909,163.352,3.491,PUSH
9.036,0.31675,0.14909,163.352,3.49,PUSH
9.037,0.31675,0.14909,163.352,3.49,PUSH
9.038,0.31675,0.14909,163.352,3.489,PUSH
9.039,0.31675,0.14909,163.352,3.487,PUSH
9.04,0.31675,0.14909,163.352,3.487,PUSH
9.041,0.31675,0.14909,163.352,3.485,PUSH
9.042,0.31675,0.14909,163.352,3.483,PUSH
9.043,0.31675,0.14909,163.352,3.481,PUSH
9.044,0.31675,0.14909,163.352,3.479,PUSH
9.045,0.31675,0.14909,163.352,3.478,PUSH
9.046,0.31675,0.14909,163.352,3.476,PUSH
9.047,0.31675,0.14909,163.352,3.474,PUSH
9.048,0.31675,0.14909,163.352,3.472,PUSH
9.049,0.31675,0.14909,163.352,3.47,PUSH
9.05,0.31675,0.14909,163.352,3.468,PUSH
9.051,0.31675,0.14909,163.352,3.466,PUSH
9.052,0.31675,0.14909,163.352,3.465,PUSH
9.053,0.31675,0.14909,163.352,3.463,PUSH
9.054,0.31675,0.14909,163.352,3.46,PUSH
9.055,0.31675,0.14909,163.352,3.457,PUSH
9.056,0.31675,0.14909,163.352,3.456,PUSH
9.057,0.31675,0.14909,163.352,3.453,PUSH
9.058,0.31675,0.14909,163.352,3.451,PUSH
9.059,0.31675,0.14909,163.352,3.449,PUSH
9.06,0.31675,0.14909,163.352,3.446,PUSH
9.061,0.31675,0.14909,163.352,3.444,PUSH
9.062,0.31675,0.14909,163.352,3.442,PUSH
9.063,0.31675,0.14909,163.352,3.439,PUSH
9.064,0.31675,0.14909,163.352,3.437,PUSH
9.065,0.31675,0.14909,163.352,3.434,PUSH
9.066,0.31675,0.14909,163.352,3.433,PUSH
9.067,0.31496,0.15111,164.482,0.549,PUSH
9.068,0.31496,0.15111,164.482,0.551,PUSH
9.069,0.31496,0.15111,164.482,0.551,PUSH
9.07,0.31496,0.15111,164.482,0.552,PUSH
9.071,0.31496,0.15111,164.482,0.553,PUSH
9.072,0.31496,0.15111,164.482,0.553,PUSH
9.073,0.31496,0.15111,164.482,0.553,PUSH
9.074,0.31496,0.15111,164.482,0.553,PUSH
9.075,0.31496,0.15111,164.482,0.552,PUSH
9.076,0.31496,0.15111,164.482,0.553,PUSH
9.077,0.31496,0.15111,164.482,0.553,PUSH
9.078,0.31496,0.15111,164.482,0.553,PUSH
9.079,0.31496,0.15111,164.482,0.551,PUSH
9.08,0.31496,0.15111,164.482,0.551,PUSH
9.081,0.31496,0.15111,164.482,0.551,PUSH
9.082,0.31496,0.15111,164.482,0.551,PUSH
9.083,0.31496,0.15111,164.482,0.551,PUSH
9.084,0.31496,0.15111,164.482,0.55,PUSH
9.085,0.31496,0.15111,164.482,0.549,PUSH
9.086,0.31496,0.15111,164.482,0.548,PUSH
9.087,0.31496,0.15111,164.482,0.548,PUSH
9.088,0.31496,0.15111,164.482,0.547,PUSH
9.089,0.31496,0.15111,164.482,0.546,PUSH
9.09,0.31496,0.15111,164.482,0.546,PUSH
9.091,0.31496,0.15111,164.482,0.545,PUSH
9.092,0.31496,0.15111,164.482,0.544,PUSH
9.093,0.31496,0.15111,164.482,0.543,PUSH
9.094,0.31496,0.15111,164.482,0.542,PUSH
9.095,0.31496,0.15111,164.482,0.541,PUSH
9.096,0.31496,0.15111,164.482,0.54,PUSH
9.097,0.31496,0.15111,164.482,0.539,PUSH
9.098,0.31496,0.15111,164.482,0.538,PUSH
9.099,0.31496,0.15111,164.482,0.538,PUSH
9.1,0.31496,0.15111,164.482,0.536,PUSH
9.101,0.31331,0.14995,162.766,2.268,PUSH
9.102,0.31331,0.14995,162.766,2.267,PUSH
9.103,0.31331,0.14995,162.766,2.265,PUSH
9.104,0.31331,0.14995,162.766,2.264,PUSH
9.105,0.31331,0.14995,162.766,2.262,PUSH
9.106,0.31331,0.14995,162.766,2.26,PUSH
9.107,0.31331,0.14995,162.766,2.258,PUSH
9.108,0.31331,0.14995,162.766,2.256,PUSH
9.109,0.31331,0.14995,162.766,2.254,PUSH
9.11,0.31331,0.14995,162.766,2.252,PUSH
9.111,0.31331,0.14995,162.766,2.25,PUSH
9.112,0.31331,0.14995,162.766,2.248,PUSH
9.113,0.31331,0.14995,162.766,2.246,PUSH
9.114,0.31331,0.14995,162.766,2.243,PUSH
9.115,0.31331,0.14995,162.766,2.241,PUSH
9.116,0.31331,0.14995,162.766,2.239,PUSH
9.117,0.31331,0.14995,162.766,2.238,PUSH
9.118,0.31331,0.14995,162.766,2.235,PUSH
9.119,0.31331,0.14995,162.766,2.232,PUSH
9.12,0.31331,0.14995,162.766,2.23,PUSH
9.121,0.31331,0.14995,162.766,2.228,PUSH
9.122,0.31331,0.14995,162.766,2.226,PUSH
9.123,0.31331,0.14995,162.766,2.224,PUSH
9.124,0.31331,0.14995,162.766,2.222,PUSH
9.125,0.31331,0.14995,162.766,2.219,PUSH
9.126,0.31331,0.14995,162.766,2.216,PUSH
9.127,0.31331,0.14995,162.766,2.214,PUSH
9.128,0.31331,0.14995,162.766,2.212,PUSH
9.129,0.31331,0.14995,162.766,2.209,PUSH
9.13,0.31331,0.14995,162.766,2.206,PUSH
9.131,0.31331,0.14995,162.766,2.204,PUSH
9.132,0.31331,0.14995,162.766,2.201,PUSH
9.133,0.31331,0.14995,162.766,2.199,PUSH
9.134,0.3103,0.14689,158.786,4.851,PUSH
9.135,0.3103,0.14689,158.786,4.848,PUSH
9.136,0.3103,0.14689,158.786,4.845,PUSH
9.137,0.3103,0.14689,158.786,4.841,PUSH
9.138,0.3103,0.14689,158.786,4.837,PUSH
9.139,0.3103,0.14689,158.786,4.833,PUSH
9.14,0.3103,0.14689,158.786,4.83,PUSH
9.141,0.3103,0.14689,158.786,4.825,PUSH
9.142,0.3103,0.14689,158.786,4.821,PUSH
9.143,0.3103,0.14689,158.786,4.817,PUSH
9.144,0.3103,0.14689,158.786,4.813,PUSH
9.145,0.3103,0.14689,158.786,4.808,PUSH
9.146,0.3103,0.14689,158.786,4.804,PUSH
9.147,0.3103,0.14689,158.786,4.8,PUSH
9.148,0.3103,0.14689,158.786,4.795,PUSH
9.149,0.3103,0.14689,158.786,4.791,PUSH
9.15,0.3103,0.14689,158.786,4.786,PUSH
9.151,0.3103,0.14689,158.786,4.782,PUSH
9.152,0.3103,0.14689,158.786,4.778,PUSH
9.153,0.3103,0.14689,158.786,4.773,PUSH
9.154,0.3103,0.14689,158.786,4.768,PUSH
9.155,0.3103,0.14689,158.786,4.764,PUSH
9.156,0.3103,0.14689,158.786,4.759,PUSH
9.157,0.3103,0.14689,158.786,4.755,PUSH
9.158,0.3103,0.14689,158.786,4.75,PUSH
9.159,0.3103,0.14689,158.786,4.745,PUSH
9.16,0.3103,0.14689,158.786,4.74,PUSH
9.161,0.3103,0.14689,158.786,4.736,PUSH
9.162,0.3103,0.14689,158.786,4.731,PUSH
9.163,0.3103,0.14689,158.786,4.726,PUSH
9.164,0.3103,0.14689,158.786,4.722,PUSH
9.165,0.3103,0.14689,158.786,4.717,PUSH
9.166,0.3103,0.14689,158.786,4.712,PUSH
9.167,0.31237,0.14513,157.968,0.372,PUSH
9.168,0.31237,0.14513,157.968,0.368,PUSH
9.169,0.31237,0.14513,157.968,0.365,PUSH
9.17,0.31237,0.14513,157.968,0.362,PUSH
9.171,0.31237,0.14513,157.968,0.359,PUSH
9.172,0.31237,0.14513,157.968,0.356,PUSH
9.173,0.31237,0.14513,157.968,0.354,PUSH
9.174,0.31237,0.14513,157.968,0.352,PUSH
9.175,0.31237,0.14513,157.968,0.349,PUSH
9.176,0.31237,0.14513,157.968,0.347,PUSH
9.177,0.31237,0.14513,157.968,0.344,PUSH
9.178,0.31237,0.14513,157.968,0.343,PUSH
9.179,0.31237,0.14513,157.968,0.34,PUSH
9.18,0.31237,0.14513,157.968,0.339,PUSH
9.181,0.31237,0.14513,157.968,0.337,PUSH
9.182,0.31237,0.14513,157.968,0.335,PUSH
9.183,0.31237,0.14513,157.968,0.333,PUSH
9.184,0.31237,0.14513,157.968,0.331,PUSH
9.185,0.31237,0.14513,157.968,0.329,PUSH
9.186,0.31237,0.14513,157.968,0.328,PUSH
9.187,0.31237,0.14513,157.968,0.326,PUSH
9.188,0.31237,0.14513,157.968,0.325,PUSH
9.189,0.31237,0.14513,157.968,0.324,PUSH
9.19,0.31237,0.14513,157.968,0.322,PUSH
9.191,0.31237,0.14513,157.968,0.32,PUSH
9.192,0.31237,0.14513,157.968,0.318,PUSH
9.193,0.31237,0.14513,157.968,0.317,PUSH
9.194,0.31237,0.14513,157.968,0.316,PUSH
9.195,0.31237,0.14513,157.968,0.314,PUSH
9.196,0.31237,0.14513,157.968,0.313,PUSH
9.197,0.31237,0.14513,157.968,0.312,PUSH
9.198,0.31237,0.14513,157.968,0.31,PUSH
9.199,0.31237,0.14513,157.968,0.309,PUSH
9.2,0.31173,0.14235,155.159,0.569,PUSH
9.201,0.31173,0.14235,155.159,0.571,PUSH
9.202,0.31173,0.14235,155.159,0.572,PUSH
9.203,0.31173,0.14235,155.159,0.574,PUSH
9.204,0.31173,0.14235,155.159,0.575,PUSH
9.205,0.31173,0.14235,155.159,0.575,PUSH
9.206,0.31173,0.14235,155.159,0.577,PUSH
9.207,0.31173,0.14235,155.159,0.578,PUSH
9.208,0.31173,0.14235,155.159,0.578,PUSH
9.209,0.31173,0.14235,155.159,0.579,PUSH
9.21,0.31173,0.14235,155.159,0.58,PUSH
9.211,0.31173,0.14235,155.159,0.582,PUSH
9.212,0.31173,0.14235,155.159,0.583,PUSH
9.213,0.31173,0.14235,155.159,0.583,PUSH
9.214,0.31173,0.14235,155.159,0.584,PUSH
9.215,0.31173,0.14235,155.159,0.585,PUSH
9.216,0.31173,0.14235,155.159,0.585,PUSH
9.217,0.31173,0.14235,155.159,0.587,PUSH
9.218,0.31173,0.14235,155.159,0.587,PUSH
9.219,0.31173,0.14235,155.159,0.589,PUSH
9.22,0.31173,0.14235,155.159,0.589,PUSH
9.221,0.31173,0.14235,155.159,0.59,PUSH
9.222,0.31173,0.14235,155.159,0.591,PUSH
9.223,0.31173,0.14235,155.159,0.592,PUSH
9.224,0.31173,0.14235,155.159,0.592,PUSH
9.225,0.31173,0.14235,155.159,0.593,PUSH
9.226,0.31173,0.14235,155.159,0.594,PUSH
9.227,0.31173,0.14235,155.159,0.595,PUSH
9.228,0.31173,0.14235,155.159,0.596,PUSH
9.229,0.31173,0.14235,155.159,0.596,PUSH
9.23,0.31173,0.14235,155.159,0.597,PUSH
9.231,0.31173,0.14235,155.159,0.598,PUSH
9.232,0.31173,0.14235,155.159,0.598,PUSH
9.233,0.31173,0.14235,155.159,0.599,PUSH
9.234,0.31303,0.14081,154.273,3.677,PUSH
9.235,0.31303,0.14081,154.273,3.677,PUSH
9.236,0.31303,0.14081,154.273,3.677,PUSH
9.237,0.31303,0.14081,154.273,3.676,PUSH
9.238,0.31303,0.14081,154.273,3.676,PUSH
9.239,0.31303,0.14081,154.273,3.675,PUSH
9.24,0.31303,0.14081,154.273,3.673,PUSH
9.241,0.31303,0.14081,154.273,3.672,PUSH
9.242,0.31303,0.14081,154.273,3.671,PUSH
9.243,0.31303,0.14081,154.273,3.67,PUSH
9.244,0.31303,0.14081,154.273,3.669,PUSH
9.245,0.31303,0.14081,154.273,3.667,PUSH
9.246,0.31303,0.14081,154.273,3.665,PUSH
9.247,0.31303,0.14081,154.273,3.664,PUSH
9.248,0.31303,0.14081,154.273,3.661,PUSH
9.249,0.31303,0.14081,154.273,3.66,PUSH
9.25,0.31303,0.14081,154.273,3.66,PUSH
9.251,0.31303,0.14081,154.273,3.658,PUSH
9.252,0.31303,0.14081,154.273,3.656,PUSH
9.253,0.31303,0.14081,154.273,3.653,PUSH
9.254,0.31303,0.14081,154.273,3.652,PUSH
9.255,0.31303,0.14081,154.273,3.651,PUSH
9.256,0.31303,0.14081,154.273,3.649,PUSH
9.257,0.31303,0.14081,154.273,3.646,PUSH
9.258,0.31303,0.14081,154.273,3.643,PUSH
9.259,0.31303,0.14081,154.273,3.642,PUSH
9.26,0.31303,0.14081,154.273,3.641,PUSH
9.261,0.31303,0.14081,154.273,3.639,PUSH
9.262,0.31303,0.14081,154.273,3.636,PUSH
9.263,0.31303,0.14081,154.273,3.633,PUSH
9.264,0.31303,0.14081,154.273,3.632,PUSH
9.265,0.31303,0.14081,154.273,3.631,PUSH
9.266,0.31303,0.14081,154.273,3.629,PUSH
9.267,0.31331,0.14114,154.69,3.84,PUSH
9.268,0.31331,0.14114,154.69,3.837,PUSH
9.269,0.31331,0.14114,154.69,3.835,PUSH
9.27,0.31331,0.14114,154.69,3.834,PUSH
9.271,0.31331,0.14114,154.69,3.832,PUSH
9.272,0.31331,0.14114,154.69,3.829,PUSH
9.273,0.31331,0.14114,154.69,3.826,PUSH
9.274,0.31331,0.14114,154.69,3.824,PUSH
9.275,0.31331,0.14114,154.69,3.823,PUSH
9.276,0.31331,0.14114,154.69,3.82,PUSH
9.277,0.31331,0.14114,154.69,3.818,PUSH
9.278,0.31331,0.14114,154.69,3.814,PUSH
9.279,0.31331,0.14114,154.69,3.812,PUSH
9.28,0.31331,0.14114,154.69,3.811,PUSH
9.281,0.31331,0.14114,154.69,3.809,PUSH
9.282,0.31331,0.14114,154.69,3.806,PUSH
9.283,0.31331,0.14114,154.69,3.802,PUSH
9.284,0.31331,0.14114,154.69,3.8,PUSH
9.285,0.31331,0.14114,154.69,3.799,PUSH
9.286,0.31331,0.14114,154.69,3.796,PUSH
9.287,0.31331,0.14114,154.69,3.793,PUSH
9.288,0.31331,0.14114,154.69,3.79,PUSH
9.289,0.31331,0.14114,154.69,3.788,PUSH
9.29,0.31331,0.14114,154.69,3.786,PUSH
9.291,0.31331,0.14114,154.69,3.784,PUSH
9.292,0.31331,0.14114,154.69,3.78,PUSH
9.293,0.31331,0.14114,154.69,3.777,PUSH
9.294,0.31331,0.14114,154.69,3.775,PUSH
9.295,0.31331,0.14114,154.69,3.773,PUSH
9.296,0.31331,0.14114,154.69,3.771,PUSH
9.297,0.31331,0.14114,154.69,3.767,PUSH
9.298,0.31331,0.14114,154.69,3.764,PUSH
9.299,0.31331,0.14114,154.69,3.762,PUSH
9.3,0.31331,0.14114,154.69,3.76,PUSH
9.301,0.31295,0.14109,154.501,3.234,PUSH
9.302,0.31295,0.14109,154.501,3.231,PUSH
9.303,0.31295,0.14109,154.501,3.228,PUSH
9.304,0.31295,0.14109,154.501,3.225,PUSH
9.305,0.31295,0.14109,154.501,3.224,PUSH
9.306,0.31295,0.14109,154.501,3.222,PUSH
9.307,0.31295,0.14109,154.501,3.219,PUSH
9.308,0.31295,0.14109,154.501,3.215,PUSH
9.309,0.31295,0.14109,154.501,3.213,PUSH
9.31,0.31295,0.14109,154.501,3.21,PUSH
9.311,0.31295,0.14109,154.501,3.209,PUSH
9.312,0.31295,0.14109,154.501,3.206,PUSH
9.313,0.31295,0.14109,154.501,3.203,PUSH
9.314,0.31295,0.14109,154.501,3.201,PUSH
9.315,0.31295,0.14109,154.501,3.199,PUSH
9.316,0.31295,0.14109,154.501,3.196,PUSH
9.317,0.31295,0.14109,154.501,3.194,PUSH
9.318,0.31295,0.14109,154.501,3.191,PUSH
9.319,0.31295,0.14109,154.501,3.189,PUSH
9.32,0.31295,0.14109,154.501,3.187,PUSH
9.321,0.31295,0.14109,154.501,3.184,PUSH
9.322,0.31295,0.14109,154.501,3.182,PUSH
9.323,0.31295,0.14109,154.501,3.179,PUSH
9.324,0.31295,0.14109,154.501,3.176,PUSH
9.325,0.31295,0.14109,154.501,3.174,PUSH
9.326,0.31295,0.14109,154.501,3.171,PUSH
9.327,0.31295,0.14109,154.501,3.168,PUSH
9.328,0.31295,0.14109,154.501,3.166,PUSH
9.329,0.31295,0.14109,154.501,3.163,PUSH
9.33,0.31295,0.14109,154.501,3.161,PUSH
9.331,0.31295,0.14109,154.501,3.158,PUSH
9.332,0.31295,0.14109,154.501,3.155,PUSH
9.333,0.31295,0.14109,154.501,3.153,PUSH
9.334,0.31396,0.14019,154.086,5.338,PUSH
9.335,0.31396,0.14019,154.086,5.335,PUSH
9.336,0.31396,0.14019,154.086,5.332,PUSH
9.337,0.31396,0.14019,154.086,5.328,PUSH
9.338,0.31396,0.14019,154.086,5.324,PUSH
9.339,0.31396,0.14019,154.086,5.32,PUSH
9.34,0.31396,0.14019,154.086,5.316,PUSH
9.341,0.31396,0.14019,154.086,5.313,PUSH
9.342,0.31396,0.14019,154.086,5.309,PUSH
9.343,0.31396,0.14019,154.086,5.304,PUSH
9.344,0.31396,0.14019,154.086,5.301,PUSH
9.345,0.31396,0.14019,154.086,5.296,PUSH
9.346,0.31396,0.14019,154.086,5.292,PUSH
9.347,0.31396,0.14019,154.086,5.288,PUSH
9.348,0.31396,0.14019,154.086,5.283,PUSH
9.349,0.31396,0.14019,154.086,5.28,PUSH
9.35,0.31396,0.14019,154.086,5.275,PUSH
9.351,0.31396,0.14019,154.086,5.27,PUSH
9.352,0.31396,0.14019,154.086,5.266,PUSH
9.353,0.31396,0.14019,154.086,5.262,PUSH
9.354,0.31396,0.14019,154.086,5.257,PUSH
9.355,0.31396,0.14019,154.086,5.253,PUSH
9.356,0.31396,0.14019,154.086,5.248,PUSH
9.357,0.31396,0.14019,154.086,5.244,PUSH
9.358,0.31396,0.14019,154.086,5.239,PUSH
9.359,0.31396,0.14019,154.086,5.234,PUSH
9.36,0.31396,0.14019,154.086,5.23,PUSH
9.361,0.31396,0.14019,154.086,5.225,PUSH
9.362,0.31396,0.14019,154.086,5.22,PUSH
9.363,0.31396,0.14019,154.086,5.216,PUSH
9.364,0.31396,0.14019,154.086,5.211,PUSH
9.365,0.31396,0.14019,154.086,5.207,PUSH
9.366,0.31396,0.14019,154.086,5.202,PUSH
9.367,0.31329,0.14001,153.653,4.288,PUSH
9.368,0.31329,0.14001,153.653,4.284,PUSH
9.369,0.31329,0.14001,153.653,4.279,PUSH
9.37,0.31329,0.14001,153.653,4.274,PUSH
9.371,0.31329,0.14001,153.653,4.27,PUSH
9.372,0.31329,0.14001,153.653,4.266,PUSH
9.373,0.31329,0.14001,153.653,4.262,PUSH
9.374,0.31329,0.14001,153.653,4.258,PUSH
9.375,0.31329,0.14001,153.653,4.253,PUSH
9.376,0.31329,0.14001,153.653,4.25,PUSH
9.377,0.31329,0.14001,153.653,4.245,PUSH
9.378,0.31329,0.14001,153.653,4.241,PUSH
9.379,0.31329,0.14001,153.653,4.237,PUSH
9.38,0.31329,0.14001,153.653,4.232,PUSH
9.381,0.31329,0.14001,153.653,4.228,PUSH
9.382,0.31329,0.14001,153.653,4.224,PUSH
9.383,0.31329,0.14001,153.653,4.22,PUSH
9.384,0.31329,0.14001,153.653,4.217,PUSH
9.385,0.31329,0.14001,153.653,4.212,PUSH
9.386,0.31329,0.14001,153.653,4.208,PUSH
9.387,0.31329,0.14001,153.653,4.203,PUSH
9.388,0.31329,0.14001,153.653,4.199,PUSH
9.389,0.31329,0.14001,153.653,4.196,PUSH
9.39,0.31329,0.14001,153.653,4.193,PUSH
9.391,0.31329,0.14001,153.653,4.188,PUSH
9.392,0.31329,0.14001,153.653,4.183,PUSH
9.393,0.31329,0.14001,153.653,4.18,PUSH
9.394,0.31329,0.14001,153.653,4.176,PUSH
9.395,0.31329,0.14001,153.653,4.171,PUSH
9.396,0.31329,0.14001,153.653,4.167,PUSH
9.397,0.31329,0.14001,153.653,4.163,PUSH
9.398,0.31329,0.14001,153.653,4.16,PUSH
9.399,0.31329,0.14001,153.653,4.156,PUSH
9.4,0.31329,0.14001,153.653,4.152,PUSH
9.401,0.31237,0.14072,153.917,2.23,PUSH
9.402,0.31237,0.14072,153.917,2.227,PUSH
9.403,0.31237,0.14072,153.917,2.223,PUSH
9.404,0.31237,0.14072,153.917,2.22,PUSH
9.405,0.31237,0.14072,153.917,2.217,PUSH
9.406,0.31237,0.14072,153.917,2.213,PUSH
9.407,0.31237,0.14072,153.917,2.211,PUSH
9.408,0.31237,0.14072,153.917,2.208,PUSH
9.409,0.31237,0.14072,153.917,2.205,PUSH
9.41,0.31237,0.14072,153.917,2.202,PUSH
9.411,0.31237,0.14072,153.917,2.2,PUSH
9.412,0.31237,0.14072,153.917,2.198,PUSH
9.413,0.31237,0.14072,153.917,2.195,PUSH
9.414,0.31237,0.14072,153.917,2.192,PUSH
9.415,0.31237,0.14072,153.917,2.189,PUSH
9.416,0.31237,0.14072,153.917,2.187,PUSH
9.417,0.31237,0.14072,153.917,2.184,PUSH
9.418,0.31237,0.14072,153.917,2.182,PUSH
9.419,0.31237,0.14072,153.917,2.179,PUSH
9.42,0.31237,0.14072,153.917,2.176,PUSH
9.421,0.31237,0.14072,153.917,2.173,PUSH
9.422,0.31237,0.14072,153.917,2.171,PUSH
9.423,0.31237,0.14072,153.917,2.17,PUSH
9.424,0.31237,0.14072,153.917,2.168,PUSH
9.425,0.31237,0.14072,153.917,2.165,PUSH
9.426,0.31237,0.14072,153.917,2.162,PUSH
9.427,0.31237,0.14072,153.917,2.159,PUSH
9.428,0.31237,0.14072,153.917,2.157,PUSH
9.429,0.31237,0.14072,153.917,2.156,PUSH
9.43,0.31237,0.14072,153.917,2.154,PUSH
9.431,0.31237,0.14072,153.917,2.151,PUSH
9.432,0.31237,0.14072,153.917,2.148,PUSH
9.433,0.31237,0.14072,153.917,2.146,PUSH
9.434,0.31259,0.14018,153.519,2.866,PUSH
9.435,0.31259,0.14018,153.519,2.864,PUSH
9.436,0.31259,0.14018,153.519,2.861,PUSH
9.437,0.31259,0.14018,153.519,2.859,PUSH
9.438,0.31259,0.14018,153.519,2.855,PUSH
9.439,0.31259,0.14018,153.519,2.853,PUSH
9.44,0.31259,0.14018,153.519,2.852,PUSH
9.441,0.31259,0.14018,153.519,2.849,PUSH
9.442,0.31259,0.14018,153.519,2.847,PUSH
9.443,0.31259,0.14018,153.519,2.843,PUSH
9.444,0.31259,0.14018,153.519,2.841,PUSH
9.445,0.31259,0.14018,153.519,2.838,PUSH
9.446,0.31259,0.14018,153.519,2.835,PUSH
9.447,0.31259,0.14018,153.519,2.833,PUSH
9.448,0.31259,0.14018,153.519,2.83,PUSH
9.449,0.31259,0.14018,153.519,2.828,PUSH
9.45,0.31259,0.14018,153.519,2.825,PUSH
9.451,0.31259,0.14018,153.519,2.822,PUSH
9.452,0.31259,0.14018,153.519,2.82,PUSH
9.453,0.31259,0.14018,153.519,2.817,PUSH
9.454,0.31259,0.14018,153.519,2.814,PUSH
9.455,0.31259,0.14018,153.519,2.812,PUSH
9.456,0.31259,0.14018,153.519,2.809,PUSH
9.457,0.31259,0.14018,153.519,2.806,PUSH
9.458,0.31259,0.14018,153.519,2.804,PUSH
9.459,0.31259,0.14018,153.519,2.801,PUSH
9.46,0.31259,0.14018,153.519,2.798,PUSH
9.461,0.31259,0.14018,153.519,2.795,PUSH
9.462,0.31259,0.14018,153.519,2.793,PUSH
9.463,0.31259,0.14018,153.519,2.791,PUSH
9.464,0.31259,0.14018,153.519,2.788,PUSH
9.465,0.31259,0.14018,153.519,2.785,PUSH
9.466,0.31259,0.14018,153.519,2.781,PUSH
9.467,0.31208,0.14003,153.176,2.084,PUSH
9.468,0.31208,0.14003,153.176,2.082,PUSH
9.469,0.31208,0.14003,153.176,2.08,PUSH
9.47,0.31208,0.14003,153.176,2.077,PUSH
9.471,0.31208,0.14003,153.176,2.074,PUSH
9.472,0.31208,0.14003,153.176,2.071,PUSH
9.473,0.31208,0.14003,153.176,2.069,PUSH
9.474,0.31208,0.14003,153.176,2.068,PUSH
9.475,0.31208,0.14003,153.176,2.066,PUSH
9.476,0.31208,0.14003,153.176,2.064,PUSH
9.477,0.31208,0.14003,153.176,2.061,PUSH
9.478,0.31208,0.14003,153.176,2.059,PUSH
9.479,0.31208,0.14003,153.176,2.057,PUSH
9.48,0.31208,0.14003,153.176,2.055,PUSH
9.481,0.31208,0.14003,153.176,2.053,PUSH
9.482,0.31208,0.14003,153.176,2.051,PUSH
9.483,0.31208,0.14003,153.176,2.048,PUSH
9.484,0.31208,0.14003,153.176,2.046,PUSH
9.485,0.31208,0.14003,153.176,2.045,PUSH
9.486,0.31208,0.14003,153.176,2.043,PUSH
9.487,0.31208,0.14003,153.176,2.041,PUSH
9.488,0.31208,0.14003,153.176,2.038,PUSH
9.489,0.31208,0.14003,153.176,2.035,PUSH
9.49,0.31208,0.14003,153.176,2.034,PUSH
9.491,0.31208,0.14003,153.176,2.033,PUSH
9.492,0.31208,0.14003,153.176,2.031,PUSH
9.493,0.31208,0.14003,153.176,2.029,PUSH
9.494,0.31208,0.14003,153.176,2.026,PUSH
9.495,0.31208,0.14003,153.176,2.025,PUSH
9.496,0.31208,0.14003,153.176,2.022,PUSH
9.497,0.31208,0.14003,153.176,2.021,PUSH
9.498,0.31208,0.14003,153.176,2.019,PUSH
9.499,0.31208,0.14003,153.176,2.017,PUSH
9.5,0.31208,0.14003,153.176,2.015,PUSH
9.501,0.30902,0.13802,150.112,1.407,PUSH
9.502,0.30902,0.13802,150.112,1.408,PUSH
9.503,0.30902,0.13802,150.112,1.409,PUSH
9.504,0.30902,0.13802,150.112,1.409,PUSH
9.505,0.30902,0.13802,150.112,1.41,PUSH
9.506,0.30902,0.13802,150.112,1.41,PUSH
9.507,0.30902,0.13802,150.112,1.41,PUSH
9.508,0.30902,0.13802,150.112,1.41,PUSH
9.509,0.30902,0.13802,150.112,1.409,PUSH
9.51,0.30902,0.13802,150.112,1.409,PUSH
9.511,0.30902,0.13802,150.112,1.409,PUSH
9.512,0.30902,0.13802,150.112,1.408,PUSH
9.513,0.30902,0.13802,150.112,1.408,PUSH
9.514,0.30902,0.13802,150.112,1.407,PUSH
9.515,0.30902,0.13802,150.112,1.406,PUSH
9.516,0.30902,0.13802,150.112,1.406,PUSH
9.517,0.30902,0.13802,150.112,1.406,PUSH
9.518,0.30902,0.13802,150.112,1.405,PUSH
9.519,0.30902,0.13802,150.112,1.404,PUSH
9.52,0.30902,0.13802,150.112,1.404,PUSH
9.521,0.30902,0.13802,150.112,1.403,PUSH
9.522,0.30902,0.13802,150.112,1.402,PUSH
9.523,0.30902,0.13802,150.112,1.402,PUSH
9.524,0.30902,0.13802,150.112,1.4,PUSH
9.525,0.30902,0.13802,150.112,1.4,PUSH
9.526,0.30902,0.13802,150.112,1.399,PUSH
9.527,0.30902,0.13802,150.112,1.398,PUSH
9.528,0.30902,0.13802,150.112,1.397,PUSH
9.529,0.30902,0.13802,150.112,1.396,PUSH
9.53,0.30902,0.13802,150.112,1.395,PUSH
9.531,0.30902,0.13802,150.112,1.394,PUSH
9.532,0.30902,0.13802,150.112,1.394,PUSH
9.533,0.30902,0.13802,150.112,1.392,PUSH
9.534,0.30808,0.13829,149.988,3.054,PUSH
9.535,0.30808,0.13829,149.988,3.053,PUSH
9.536,0.30808,0.13829,149.988,3.051,PUSH
9.537,0.30808,0.13829,149.988,3.05,PUSH
9.538,0.30808,0.13829,149.988,3.048,PUSH
9.539,0.30808,0.13829,149.988,3.046,PUSH
9.54,0.30808,0.13829,149.988,3.044,PUSH
9.541,0.30808,0.13829,149.988,3.042,PUSH
9.542,0.30808,0.13829,149.988,3.04,PUSH
9.543,0.30808,0.13829,149.988,3.038,PUSH
9.544,0.30808,0.13829,149.988,3.036,PUSH
9.545,0.30808,0.13829,149.988,3.033,PUSH
9.546,0.30808,0.13829,149.988,3.031,PUSH
9.547,0.30808,0.13829,149.988,3.029,PUSH
9.548,0.30808,0.13829,149.988,3.026,PUSH
9.549,0.30808,0.13829,149.988,3.024,PUSH
9.55,0.30808,0.13829,149.988,3.022,PUSH
9.551,0.30808,0.13829,149.988,3.019,PUSH
9.552,0.30808,0.13829,149.988,3.017,PUSH
9.553,0.30808,0.13829,149.988,3.015,PUSH
9.554,0.30808,0.13829,149.988,3.012,PUSH
9.555,0.30808,0.13829,149.988,3.009,PUSH
9.556,0.30808,0.13829,149.988,3.007,PUSH
9.557,0.30808,0.13829,149.988,3.004,PUSH
9.558,0.30808,0.13829,149.988,3.002,PUSH
9.559,0.30808,0.13829,149.988,3.0,PUSH
9.56,0.30808,0.13829,149.988,2.997,PUSH
9.561,0.30808,0.13829,149.988,2.994,PUSH
9.562,0.30808,0.13829,149.988,2.992,PUSH
9.563,0.30808,0.13829,149.988,2.989,PUSH
9.564,0.30808,0.13829,149.988,2.986,PUSH
9.565,0.30808,0.13829,149.988,2.984,PUSH
9.566,0.30808,0.13829,149.988,2.981,PUSH
9.567,0.30839,0.14028,151.945,3.812,PUSH
9.568,0.30839,0.14028,151.945,3.81,PUSH
9.569,0.30839,0.14028,151.945,3.806,PUSH
9.57,0.30839,0.14028,151.945,3.803,PUSH
9.571,0.30839,0.14028,151.945,3.801,PUSH
9.572,0.30839,0.14028,151.945,3.797,PUSH
9.573,0.30839,0.14028,151.945,3.794,PUSH
9.574,0.30839,0.14028,151.945,3.791,PUSH
9.575,0.30839,0.14028,151.945,3.787,PUSH
9.576,0.30839,0.14028,151.945,3.784,PUSH
9.577,0.30839,0.14028,151.945,3.781,PUSH
9.578,0.30839,0.14028,151.945,3.777,PUSH
9.579,0.30839,0.14028,151.945,3.773,PUSH
9.58,0.30839,0.14028,151.945,3.77,PUSH
9.581,0.30839,0.14028,151.945,3.766,PUSH
9.582,0.30839,0.14028,151.945,3.763,PUSH
9.583,0.30839,0.14028,151.945,3.76,PUSH
9.584,0.30839,0.14028,151.945,3.756,PUSH
9.585,0.30839,0.14028,151.945,3.752,PUSH
9.586,0.30839,0.14028,151.945,3.749,PUSH
9.587,0.30839,0.14028,151.945,3.745,PUSH
9.588,0.30839,0.14028,151.945,3.741,PUSH
9.589,0.30839,0.14028,151.945,3.738,PUSH
9.59,0.30839,0.14028,151.945,3.734,PUSH
9.591,0.30839,0.14028,151.945,3.73,PUSH
9.592,0.30839,0.14028,151.945,3.727,PUSH
9.593,0.30839,0.14028,151.945,3.723,PUSH
9.594,0.30839,0.14028,151.945,3.719,PUSH
9.595,0.30839,0.14028,151.945,3.716,PUSH
9.596,0.30839,0.14028,151.945,3.712,PUSH
9.597,0.30839,0.14028,151.945,3.708,PUSH
9.598,0.30839,0.14028,151.945,3.705,PUSH
9.599,0.30839,0.14028,151.945,3.7,PUSH
9.6,0.30839,0.14028,151.945,3.697,PUSH
9.601,0.3085,0.13862,150.456,2.421,PUSH
9.602,0.3085,0.13862,150.456,2.417,PUSH
9.603,0.3085,0.13862,150.456,2.413,PUSH
9.604,0.3085,0.13862,150.456,2.41,PUSH
9.605,0.3085,0.13862,150.456,2.407,PUSH
9.606,0.3085,0.13862,150.456,2.403,PUSH
9.607,0.3085,0.13862,150.456,2.401,PUSH
9.608,0.3085,0.13862,150.456,2.397,PUSH
9.609,0.3085,0.13862,150.456,2.394,PUSH
9.61,0.3085,0.13862,150.456,2.391,PUSH
9.611,0.3085,0.13862,150.456,2.388,PUSH
9.612,0.3085,0.13862,150.456,2.385,PUSH
9.613,0.3085,0.13862,150.456,2.382,PUSH
9.614,0.3085,0.13862,150.456,2.378,PUSH
9.615,0.3085,0.13862,150.456,2.375,PUSH
9.616,0.3085,0.13862,150.456,2.371,PUSH
9.617,0.3085,0.13862,150.456,2.368,PUSH
9.618,0.3085,0.13862,150.456,2.366,PUSH
9.619,0.3085,0.13862,150.456,2.363,PUSH
9.62,0.3085,0.13862,150.456,2.36,PUSH
9.621,0.3085,0.13862,150.456,2.356,PUSH
9.622,0.3085,0.13862,150.456,2.352,PUSH
9.623,0.3085,0.13862,150.456,2.35,PUSH
9.624,0.3085,0.13862,150.456,2.347,PUSH
9.625,0.3085,0.13862,150.456,2.345,PUSH
9.626,0.3085,0.13862,150.456,2.341,PUSH
9.627,0.3085,0.13862,150.456,2.337,PUSH
9.628,0.3085,0.13862,150.456,2.334,PUSH
9.629,0.3085,0.13862,150.456,2.331,PUSH
9.63,0.3085,0.13862,150.456,2.328,PUSH
9.631,0.3085,0.13862,150.456,2.325,PUSH
9.632,0.3085,0.13862,150.456,2.322,PUSH
9.633,0.3085,0.13862,150.456,2.318,PUSH
9.634,0.30707,0.13857,149.867,4.543,PUSH
9.635,0.30707,0.13857,149.867,4.54,PUSH
9.636,0.30707,0.13857,149.867,4.535,PUSH
9.637,0.30707,0.13857,149.867,4.531,PUSH
9.638,0.30707,0.13857,149.867,4.528,PUSH
9.639,0.30707,0.13857,149.867,4.523,PUSH
9.64,0.30707,0.13857,149.867,4.518,PUSH
9.641,0.30707,0.13857,149.867,4.514,PUSH
9.642,0.30707,0.13857,149.867,4.509,PUSH
9.643,0.30707,0.13857,149.867,4.504,PUSH
9.644,0.30707,0.13857,149.867,4.5,PUSH
9.645,0.30707,0.13857,149.867,4.495,PUSH
9.646,0.30707,0.13857,149.867,4.49,PUSH
9.647,0.30707,0.13857,149.867,4.486,PUSH
9.648,0.30707,0.13857,149.867,4.48,PUSH
9.649,0.30707,0.13857,149.867,4.476,PUSH
9.65,0.30707,0.13857,149.867,4.471,PUSH
9.651,0.30707,0.13857,149.867,4.466,PUSH
9.652,0.30707,0.13857,149.867,4.461,PUSH
9.653,0.30707,0.13857,149.867,4.456,PUSH
9.654,0.30707,0.13857,149.867,4.451,PUSH
9.655,0.30707,0.13857,149.867,4.446,PUSH
9.656,0.30707,0.13857,149.867,4.441,PUSH
9.657,0.30707,0.13857,149.867,4.436,PUSH
9.658,0.30707,0.13857,149.867,4.431,PUSH
9.659,0.30707,0.13857,149.867,4.426,PUSH
9.66,0.30707,0.13857,149.867,4.421,PUSH
9.661,0.30707,0.13857,149.867,4.416,PUSH
9.662,0.30707,0.13857,149.867,4.411,PUSH
9.663,0.30707,0.13857,149.867,4.406,PUSH
9.664,0.30707,0.13857,149.867,4.401,PUSH
9.665,0.30707,0.13857,149.867,4.396,PUSH
9.666,0.30707,0.13857,149.867,4.39,PUSH
9.667,0.30913,0.13751,149.686,0.441,PUSH
9.668,0.30913,0.13751,149.686,0.437,PUSH
9.669,0.30913,0.13751,149.686,0.432,PUSH
9.67,0.30913,0.13751,149.686,0.429,PUSH
9.671,0.30913,0.13751,149.686,0.426,PUSH
9.672,0.30913,0.13751,149.686,0.423,PUSH
9.673,0.30913,0.13751,149.686,0.42,PUSH
9.674,0.30913,0.13751,149.686,0.416,PUSH
9.675,0.30913,0.13751,149.686,0.414,PUSH
9.676,0.30913,0.13751,149.686,0.411,PUSH
9.677,0.30913,0.13751,149.686,0.408,PUSH
9.678,0.30913,0.13751,149.686,0.406,PUSH
9.679,0.30913,0.13751,149.686,0.404,PUSH
9.68,0.30913,0.13751,149.686,0.401,PUSH
9.681,0.30913,0.13751,149.686,0.399,PUSH
9.682,0.30913,0.13751,149.686,0.396,PUSH
9.683,0.30913,0.13751,149.686,0.394,PUSH
9.684,0.30913,0.13751,149.686,0.392,PUSH
9.685,0.30913,0.13751,149.686,0.39,PUSH
9.686,0.30913,0.13751,149.686,0.388,PUSH
9.687,0.30913,0.13751,149.686,0.386,PUSH
9.688,0.30913,0.13751,149.686,0.384,PUSH
9.689,0.30913,0.13751,149.686,0.382,PUSH
9.69,0.30913,0.13751,149.686,0.379,PUSH
9.691,0.30913,0.13751,149.686,0.377,PUSH
9.692,0.30913,0.13751,149.686,0.376,PUSH
9.693,0.30913,0.13751,149.686,0.373,PUSH
9.694,0.30913,0.13751,149.686,0.371,PUSH
9.695,0.30913,0.13751,149.686,0.37,PUSH
9.696,0.30913,0.13751,149.686,0.368,PUSH
9.697,0.30913,0.13751,149.686,0.366,PUSH
9.698,0.30913,0.13751,149.686,0.363,PUSH
9.699,0.30913,0.13751,149.686,0.361,PUSH
9.7,0.31158,0.13472,148.123,5.437,PUSH
9.701,0.31158,0.13472,148.123,5.438,PUSH
9.702,0.31158,0.13472,148.123,5.438,PUSH
9.703,0.31158,0.13472,148.123,5.437,PUSH
9.704,0.31158,0.13472,148.123,5.436,PUSH
9.705,0.31158,0.13472,148.123,5.434,PUSH
9.706,0.31158,0.13472,148.123,5.432,PUSH
9.707,0.31158,0.13472,148.123,5.431,PUSH
9.708,0.31158,0.13472,148.123,5.429,PUSH
9.709,0.31158,0.13472,148.123,5.427,PUSH
9.71,0.31158,0.13472,148.123,5.425,PUSH
9.711,0.31158,0.13472,148.123,5.422,PUSH
9.712,0.31158,0.13472,148.123,5.42,PUSH
9.713,0.31158,0.13472,148.123,5.418,PUSH
9.714,0.31158,0.13472,148.123,5.416,PUSH
9.715,0.31158,0.13472,148.123,5.414,PUSH
9.716,0.31158,0.13472,148.123,5.41,PUSH
9.717,0.31158,0.13472,148.123,5.408,PUSH
9.718,0.31158,0.13472,148.123,5.405,PUSH
9.719,0.31158,0.13472,148.123,5.403,PUSH
9.72,0.31158,0.13472,148.123,5.4,PUSH
9.721,0.31158,0.13472,148.123,5.396,PUSH
9.722,0.31158,0.13472,148.123,5.394,PUSH
9.723,0.31158,0.13472,148.123,5.39,PUSH
9.724,0.31158,0.13472,148.123,5.388,PUSH
9.725,0.31158,0.13472,148.123,5.385,PUSH
9.726,0.31158,0.13472,148.123,5.381,PUSH
9.727,0.31158,0.13472,148.123,5.378,PUSH
9.728,0.31158,0.13472,148.123,5.374,PUSH
9.729,0.31158,0.13472,148.123,5.372,PUSH
9.73,0.31158,0.13472,148.123,5.368,PUSH
9.731,0.31158,0.13472,148.123,5.364,PUSH
9.732,0.31158,0.13472,148.123,5.361,PUSH
9.733,0.31158,0.13472,148.123,5.358,PUSH
9.734,0.31019,0.13514,147.939,2.882,PUSH
9.735,0.31019,0.13514,147.939,2.879,PUSH
9.736,0.31019,0.13514,147.939,2.878,PUSH
9.737,0.31019,0.13514,147.939,2.876,PUSH
9.738,0.31019,0.13514,147.939,2.873,PUSH
9.739,0.31019,0.13514,147.939,2.87,PUSH
9.74,0.31019,0.13514,147.939,2.868,PUSH
9.741,0.31019,0.13514,147.939,2.867,PUSH
9.742,0.31019,0.13514,147.939,2.865,PUSH
9.743,0.31019,0.13514,147.939,2.863,PUSH
9.744,0.31019,0.13514,147.939,2.86,PUSH
9.745,0.31019,0.13514,147.939,2.859,PUSH
9.746,0.31019,0.13514,147.939,2.858,PUSH
9.747,0.31019,0.13514,147.939,2.856,PUSH
9.748,0.31019,0.13514,147.939,2.854,PUSH
9.749,0.31019,0.13514,147.939,2.851,PUSH
9.75,0.31019,0.13514,147.939,2.85,PUSH
9.751,0.31019,0.13514,147.939,2.848,PUSH
9.752,0.31019,0.13514,147.939,2.847,PUSH
9.753,0.31019,0.13514,147.939,2.845,PUSH
9.754,0.31019,0.13514,147.939,2.843,PUSH
9.755,0.31019,0.13514,147.939,2.842,PUSH
9.756,0.31019,0.13514,147.939,2.84,PUSH
9.757,0.31019,0.13514,147.939,2.837,PUSH
9.758,0.31019,0.13514,147.939,2.836,PUSH
9.759,0.31019,0.13514,147.939,2.834,PUSH
9.76,0.31019,0.13514,147.939,2.833,PUSH
9.761,0.31019,0.13514,147.939,2.832,PUSH
9.762,0.31019,0.13514,147.939,2.829,PUSH
9.763,0.31019,0.13514,147.939,2.828,PUSH
9.764,0.31019,0.13514,147.939,2.826,PUSH
9.765,0.31019,0.13514,147.939,2.824,PUSH
9.766,0.31019,0.13514,147.939,2.822,PUSH
9.767,0.31094,0.13857,151.378,1.617,PUSH
9.768,0.31094,0.13857,151.378,1.615,PUSH
9.769,0.31094,0.13857,151.378,1.614,PUSH
9.77,0.31094,0.13857,151.378,1.612,PUSH
9.771,0.31094,0.13857,151.378,1.612,PUSH
9.772,0.31094,0.13857,151.378,1.611,PUSH
9.773,0.31094,0.13857,151.378,1.609,PUSH
9.774,0.31094,0.13857,151.378,1.608,PUSH
9.775,0.31094,0.13857,151.378,1.607,PUSH
9.776,0.31094,0.13857,151.378,1.605,PUSH
9.777,0.31094,0.13857,151.378,1.605,PUSH
9.778,0.31094,0.13857,151.378,1.604,PUSH
9.779,0.31094,0.13857,151.378,1.602,PUSH
9.78,0.31094,0.13857,151.378,1.601,PUSH
9.781,0.31094,0.13857,151.378,1.6,PUSH
9.782,0.31094,0.13857,151.378,1.6,PUSH
9.783,0.31094,0.13857,151.378,1.599,PUSH
9.784,0.31094,0.13857,151.378,1.597,PUSH
9.785,0.31094,0.13857,151.378,1.595,PUSH
9.786,0.31094,0.13857,151.378,1.595,PUSH
9.787,0.31094,0.13857,151.378,1.595,PUSH
9.788,0.31094,0.13857,151.378,1.594,PUSH
9.789,0.31094,0.13857,151.378,1.593,PUSH
9.79,0.31094,0.13857,151.378,1.591,PUSH
9.791,0.31094,0.13857,151.378,1.59,PUSH
9.792,0.31094,0.13857,151.378,1.589,PUSH
9.793,0.31094,0.13857,151.378,1.587,PUSH
9.794,0.31094,0.13857,151.378,1.587,PUSH
9.795,0.31094,0.13857,151.378,1.586,PUSH
9.796,0.31094,0.13857,151.378,1.586,PUSH
9.797,0.31094,0.13857,151.378,1.585,PUSH
9.798,0.31094,0.13857,151.378,1.583,PUSH
9.799,0.31094,0.13857,151.378,1.583,PUSH
9.8,0.31094,0.13857,151.378,1.582,PUSH
9.801,0.30914,0.13918,151.218,1.597,PUSH
9.802,0.30914,0.13918,151.218,1.597,PUSH
9.803,0.30914,0.13918,151.218,1.597,PUSH
9.804,0.30914,0.13918,151.218,1.597,PUSH
9.805,0.30914,0.13918,151.218,1.596,PUSH
9.806,0.30914,0.13918,151.218,1.596,PUSH
9.807,0.30914,0.13918,151.218,1.594,PUSH
9.808,0.30914,0.13918,151.218,1.593,PUSH
9.809,0.30914,0.13918,151.218,1.593,PUSH
9.81,0.30914,0.13918,151.218,1.592,PUSH
9.811,0.30914,0.13918,151.218,1.591,PUSH
9.812,0.30914,0.13918,151.218,1.59,PUSH
9.813,0.30914,0.13918,151.218,1.588,PUSH
9.814,0.30914,0.13918,151.218,1.587,PUSH
9.815,0.30914,0.13918,151.218,1.586,PUSH
9.816,0.30914,0.13918,151.218,1.585,PUSH
9.817,0.30914,0.13918,151.218,1.583,PUSH
9.818,0.30914,0.13918,151.218,1.582,PUSH
9.819,0.30914,0.13918,151.218,1.58,PUSH
9.82,0.30914,0.13918,151.218,1.578,PUSH
9.821,0.30914,0.13918,151.218,1.577,PUSH
9.822,0.30914,0.13918,151.218,1.576,PUSH
9.823,0.30914,0.13918,151.218,1.574,PUSH
9.824,0.30914,0.13918,151.218,1.573,PUSH
9.825,0.30914,0.13918,151.218,1.57,PUSH
9.826,0.30914,0.13918,151.218,1.569,PUSH
9.827,0.30914,0.13918,151.218,1.567,PUSH
9.828,0.30914,0.13918,151.218,1.566,PUSH
9.829,0.30914,0.13918,151.218,1.564,PUSH
9.83,0.30914,0.13918,151.218,1.561,PUSH
9.831,0.30914,0.13918,151.218,1.559,PUSH
9.832,0.30914,0.13918,151.218,1.558,PUSH
9.833,0.30914,0.13918,151.218,1.556,PUSH
9.834,0.31041,0.13474,147.662,3.438,PUSH
9.835,0.31041,0.13474,147.662,3.439,PUSH
9.836,0.31041,0.13474,147.662,3.439,PUSH
9.837,0.31041,0.13474,147.662,3.439,PUSH
9.838,0.31041,0.13474,147.662,3.439,PUSH
9.839,0.31041,0.13474,147.662,3.438,PUSH
9.84,0.31041,0.13474,147.662,3.437,PUSH
9.841,0.31041,0.13474,147.662,3.436,PUSH
9.842,0.31041,0.13474,147.662,3.434,PUSH
9.843,0.31041,0.13474,147.662,3.434,PUSH
9.844,0.31041,0.13474,147.662,3.432,PUSH
9.845,0.31041,0.13474,147.662,3.431,PUSH
9.846,0.31041,0.13474,147.662,3.43,PUSH
9.847,0.31041,0.13474,147.662,3.428,PUSH
9.848,0.31041,0.13474,147.662,3.427,PUSH
9.849,0.31041,0.13474,147.662,3.425,PUSH
9.85,0.31041,0.13474,147.662,3.422,PUSH
9.851,0.31041,0.13474,147.662,3.421,PUSH
9.852,0.31041,0.13474,147.662,3.419,PUSH
9.853,0.31041,0.13474,147.662,3.418,PUSH
9.854,0.31041,0.13474,147.662,3.416,PUSH
9.855,0.31041,0.13474,147.662,3.413,PUSH
9.856,0.31041,0.13474,147.662,3.411,PUSH
9.857,0.31041,0.13474,147.662,3.409,PUSH
9.858,0.31041,0.13474,147.662,3.406,PUSH
9.859,0.31041,0.13474,147.662,3.405,PUSH
9.86,0.31041,0.13474,147.662,3.402,PUSH
9.861,0.31041,0.13474,147.662,3.401,PUSH
9.862,0.31041,0.13474,147.662,3.398,PUSH
9.863,0.31041,0.13474,147.662,3.395,PUSH
9.864,0.31041,0.13474,147.662,3.393,PUSH
9.865,0.31041,0.13474,147.662,3.391,PUSH
9.866,0.31041,0.13474,147.662,3.388,PUSH
9.867,0.30867,0.13056,143.137,3.594,PUSH
9.868,0.30867,0.13056,143.137,3.591,PUSH
9.869,0.30867,0.13056,143.137,3.588,PUSH
9.87,0.30867,0.13056,143.137,3.586,PUSH
9.871,0.30867,0.13056,143.137,3.583,PUSH
9.872,0.30867,0.13056,143.137,3.582,PUSH
9.873,0.30867,0.13056,143.137,3.579,PUSH
9.874,0.30867,0.13056,143.137,3.576,PUSH
9.875,0.30867,0.13056,143.137,3.574,PUSH
9.876,0.30867,0.13056,143.137,3.571,PUSH
9.877,0.30867,0.13056,143.137,3.568,PUSH
9.878,0.30867,0.13056,143.137,3.566,PUSH
9.879,0.30867,0.13056,143.137,3.563,PUSH
9.88,0.30867,0.13056,143.137,3.559,PUSH
9.881,0.30867,0.13056,143.137,3.557,PUSH
9.882,0.30867,0.13056,143.137,3.554,PUSH
9.883,0.30867,0.13056,143.137,3.553,PUSH
9.884,0.30867,0.13056,143.137,3.55,PUSH
9.885,0.30867,0.13056,143.137,3.547,PUSH
9.886,0.30867,0.13056,143.137,3.544,PUSH
9.887,0.30867,0.13056,143.137,3.542,PUSH
9.888,0.30867,0.13056,143.137,3.538,PUSH
9.889,0.30867,0.13056,143.137,3.536,PUSH
9.89,0.30867,0.13056,143.137,3.533,PUSH
9.891,0.30867,0.13056,143.137,3.53,PUSH
9.892,0.30867,0.13056,143.137,3.528,PUSH
9.893,0.30867,0.13056,143.137,3.525,PUSH
9.894,0.30867,0.13056,143.137,3.523,PUSH
9.895,0.30867,0.13056,143.137,3.52,PUSH
9.896,0.30867,0.13056,143.137,3.517,PUSH
9.897,0.30867,0.13056,143.137,3.514,PUSH
9.898,0.30867,0.13056,143.137,3.511,PUSH
9.899,0.30867,0.13056,143.137,3.508,PUSH
9.9,0.30867,0.13056,143.137,3.506,PUSH
9.901,0.31001,0.13221,145.195,4.451,PUSH
9.902,0.31001,0.13221,145.195,4.447,PUSH
9.903,0.31001,0.13221,145.195,4.445,PUSH
9.904,0.31001,0.13221,145.195,4.441,PUSH
9.905,0.31001,0.13221,145.195,4.439,PUSH
9.906,0.31001,0.13221,145.195,4.435,PUSH
9.907,0.31001,0.13221,145.195,4.432,PUSH
9.908,0.31001,0.13221,145.195,4.428,PUSH
9.909,0.31001,0.13221,145.195,4.425,PUSH
9.91,0.31001,0.13221,145.195,4.422,PUSH
9.911,0.31001,0.13221,145.195,4.419,PUSH
9.912,0.31001,0.13221,145.195,4.415,PUSH
9.913,0.31001,0.13221,145.195,4.411,PUSH
9.914,0.31001,0.13221,145.195,4.408,PUSH
9.915,0.31001,0.13221,145.195,4.404,PUSH
9.916,0.31001,0.13221,145.195,4.401,PUSH
9.917,0.31001,0.13221,145.195,4.397,PUSH
9.918,0.31001,0.13221,145.195,4.393,PUSH
9.919,0.31001,0.13221,145.195,4.39,PUSH
9.92,0.31001,0.13221,145.195,4.386,PUSH
9.921,0.31001,0.13221,145.195,4.382,PUSH
9.922,0.31001,0.13221,145.195,4.379,PUSH
9.923,0.31001,0.13221,145.195,4.375,PUSH
9.924,0.31001,0.13221,145.195,4.372,PUSH
9.925,0.31001,0.13221,145.195,4.368,PUSH
9.926,0.31001,0.13221,145.195,4.364,PUSH
9.927,0.31001,0.13221,145.195,4.36,PUSH
9.928,0.31001,0.13221,145.195,4.356,PUSH
9.929,0.31001,0.13221,145.195,4.354,PUSH
9.93,0.31001,0.13221,145.195,4.35,PUSH
9.931,0.31001,0.13221,145.195,4.346,PUSH
9.932,0.31001,0.13221,145.195,4.342,PUSH
9.933,0.31001,0.13221,145.195,4.338,PUSH
9.934,0.30824,0.1309,143.267,2.453,PUSH
9.935,0.30824,0.1309,143.267,2.451,PUSH
9.936,0.30824,0.1309,143.267,2.447,PUSH
9.937,0.30824,0.1309,143.267,2.444,PUSH
9.938,0.30824,0.1309,143.267,2.442,PUSH
9.939,0.30824,0.1309,143.267,2.439,PUSH
9.94,0.30824,0.1309,143.267,2.435,PUSH
9.941,0.30824,0.1309,143.267,2.433,PUSH
9.942,0.30824,0.1309,143.267,2.431,PUSH
9.943,0.30824,0.1309,143.267,2.428,PUSH
9.944,0.30824,0.1309,143.267,2.426,PUSH
9.945,0.30824,0.1309,143.267,2.423,PUSH
9.946,0.30824,0.1309,143.267,2.42,PUSH
9.947,0.30824,0.1309,143.267,2.418,PUSH
9.948,0.30824,0.1309,143.267,2.416,PUSH
9.949,0.30824,0.1309,143.267,2.413,PUSH
9.95,0.30824,0.1309,143.267,2.411,PUSH
9.951,0.30824,0.1309,143.267,2.409,PUSH
9.952,0.30824,0.1309,143.267,2.406,PUSH
9.953,0.30824,0.1309,143.267,2.404,PUSH
9.954,0.30824,0.1309,143.267,2.401,PUSH
9.955,0.30824,0.1309,143.267,2.399,PUSH
9.956,0.30824,0.1309,143.267,2.397,PUSH
9.957,0.30824,0.1309,143.267,2.395,PUSH
9.958,0.30824,0.1309,143.267,2.392,PUSH
9.959,0.30824,0.1309,143.267,2.39,PUSH
9.96,0.30824,0.1309,143.267,2.388,PUSH
9.961,0.30824,0.1309,143.267,2.385,PUSH
9.962,0.30824,0.1309,143.267,2.383,PUSH
9.963,0.30824,0.1309,143.267,2.381,PUSH
9.964,0.30824,0.1309,143.267,2.378,PUSH
9.965,0.30824,0.1309,143.267,2.377,PUSH
9.966,0.30824,0.1309,143.267,2.374,PUSH
9.967,0.31066,0.13035,143.768,6.624,PUSH
9.968,0.31066,0.13035,143.768,6.621,PUSH
9.969,0.31066,0.13035,143.768,6.617,PUSH
9.97,0.31066,0.13035,143.768,6.613,PUSH
9.971,0.31066,0.13035,143.768,6.609,PUSH
9.972,0.31066,0.13035,143.768,6.604,PUSH
9.973,0.31066,0.13035,143.768,6.599,PUSH
9.974,0.31066,0.13035,143.768,6.595,PUSH
9.975,0.31066,0.13035,143.768,6.59,PUSH
9.976,0.31066,0.13035,143.768,6.586,PUSH
9.977,0.31066,0.13035,143.768,6.581,PUSH
9.978,0.31066,0.13035,143.768,6.575,PUSH
9.979,0.31066,0.13035,143.768,6.57,PUSH
9.98,0.31066,0.13035,143.768,6.565,PUSH
9.981,0.31066,0.13035,143.768,6.559,PUSH
9.982,0.31066,0.13035,143.768,6.554,PUSH
9.983,0.31066,0.13035,143.768,6.548,PUSH
9.984,0.31066,0.13035,143.768,6.544,PUSH
9.985,0.31066,0.13035,143.768,6.538,PUSH
9.986,0.31066,0.13035,143.768,6.532,PUSH
9.987,0.31066,0.13035,143.768,6.527,PUSH
9.988,0.31066,0.13035,143.768,6.521,PUSH
9.989,0.31066,0.13035,143.768,6.515,PUSH
9.99,0.31066,0.13035,143.768,6.509,PUSH
9.991,0.31066,0.13035,143.768,6.503,PUSH
9.992,0.31066,0.13035,143.768,6.498,PUSH
9.993,0.31066,0.13035,143.768,6.492,PUSH
9.994,0.31066,0.13035,143.768,6.486,PUSH
9.995,0.31066,0.13035,143.768,6.481,PUSH
9.996,0.31066,0.13035,143.768,6.475,PUSH
9.997,0.31066,0.13035,143.768,6.468,PUSH
9.998,0.31066,0.13035,143.768,6.462,PUSH
9.999,0.31066,0.13035,143.768,6.456,PUSH
10.0,0.31066,0.13035,143.768,6.451,PUSH
10.001,0.31045,0.12922,142.657,6.949,PUSH
10.002,0.31045,0.12922,142.657,6.943,PUSH
10.003,0.31045,0.12922,142.657,6.937,PUSH
10.004,0.31045,0.12922,142.657,6.93,PUSH
10.005,0.31045,0.12922,142.657,6.923,PUSH
10.006,0.31045,0.12922,142.657,6.917,PUSH
10.007,0.31045,0.12922,142.657,6.911,PUSH
10.008,0.31045,0.12922,142.657,6.904,PUSH
10.009,0.31045,0.12922,142.657,6.898,PUSH
10.01,0.31045,0.12922,142.657,6.891,PUSH
10.011,0.31045,0.12922,142.657,6.885,PUSH
10.012,0.31045,0.12922,142.657,6.879,PUSH
10.013,0.31045,0.12922,142.657,6.872,PUSH
10.014,0.31045,0.12922,142.657,6.866,PUSH
10.015,0.31045,0.12922,142.657,6.859,PUSH
10.016,0.31045,0.12922,142.657,6.852,PUSH
10.017,0.31045,0.12922,142.657,6.846,PUSH
10.018,0.31045,0.12922,142.657,6.839,PUSH
10.019,0.31045,0.12922,142.657,6.831,PUSH
10.02,0.31045,0.12922,142.657,6.825,PUSH
10.021,0.31045,0.12922,142.657,6.819,PUSH
10.022,0.31045,0.12922,142.657,6.813,PUSH
10.023,0.31045,0.12922,142.657,6.806,PUSH
10.024,0.31045,0.12922,142.657,6.799,PUSH
10.025,0.31045,0.12922,142.657,6.793,PUSH
10.026,0.31045,0.12922,142.657,6.786,PUSH
10.027,0.31045,0.12922,142.657,6.779,PUSH
10.028,0.31045,0.12922,142.657,6.772,PUSH
10.029,0.31045,0.12922,142.657,6.766,PUSH
10.03,0.31045,0.12922,142.657,6.758,PUSH
10.031,0.31045,0.12922,142.657,6.752,PUSH
10.032,0.31045,0.12922,142.657,6.745,PUSH
10.033,0.31045,0.12922,142.657,6.739,PUSH
10.034,0.30978,0.12891,142.097,5.887,PUSH
10.035,0.30978,0.12891,142.097,5.88,PUSH
10.036,0.30978,0.12891,142.097,5.873,PUSH
10.037,0.30978,0.12891,142.097,5.867,PUSH
10.038,0.30978,0.12891,142.097,5.862,PUSH
10.039,0.30978,0.12891,142.097,5.856,PUSH
10.04,0.30978,0.12891,142.097,5.849,PUSH
10.041,0.30978,0.12891,142.097,5.842,PUSH
10.042,0.30978,0.12891,142.097,5.836,PUSH
10.043,0.30978,0.12891,142.097,5.83,PUSH
10.044,0.30978,0.12891,142.097,5.824,PUSH
10.045,0.30978,0.12891,142.097,5.818,PUSH
10.046,0.30978,0.12891,142.097,5.811,PUSH
10.047,0.30978,0.12891,142.097,5.805,PUSH
10.048,0.30978,0.12891,142.097,5.799,PUSH
10.049,0.30978,0.12891,142.097,5.792,PUSH
10.05,0.30978,0.12891,142.097,5.787,PUSH
10.051,0.30978,0.12891,142.097,5.78,PUSH
10.052,0.30978,0.12891,142.097,5.774,PUSH
10.053,0.30978,0.12891,142.097,5.768,PUSH
10.054,0.30978,0.12891,142.097,5.762,PUSH
10.055,0.30978,0.12891,142.097,5.755,PUSH
10.056,0.30978,0.12891,142.097,5.75,PUSH
10.057,0.30978,0.12891,142.097,5.744,PUSH
10.058,0.30978,0.12891,142.097,5.738,PUSH
10.059,0.30978,0.12891,142.097,5.732,PUSH
10.06,0.30978,0.12891,142.097,5.726,PUSH
10.061,0.30978,0.12891,142.097,5.719,PUSH
10.062,0.30978,0.12891,142.097,5.713,PUSH
10.063,0.30978,0.12891,142.097,5.708,PUSH
10.064,0.30978,0.12891,142.097,5.702,PUSH
10.065,0.30978,0.12891,142.097,5.696,PUSH
10.066,0.30978,0.12891,142.097,5.689,PUSH
10.067,0.30902,0.12975,142.539,3.878,PUSH
10.068,0.30902,0.12975,142.539,3.872,PUSH
10.069,0.30902,0.12975,142.539,3.866,PUSH
10.07,0.30902,0.12975,142.539,3.862,PUSH
10.071,0.30902,0.12975,142.539,3.856,PUSH
10.072,0.30902,0.12975,142.539,3.852,PUSH
10.073,0.30902,0.12975,142.539,3.847,PUSH
10.074,0.30902,0.12975,142.539,3.842,PUSH
10.075,0.30902,0.12975,142.539,3.837,PUSH
10.076,0.30902,0.12975,142.539,3.832,PUSH
10.077,0.30902,0.12975,142.539,3.829,PUSH
10.078,0.30902,0.12975,142.539,3.824,PUSH
10.079,0.30902,0.12975,142.539,3.819,PUSH
10.08,0.30902,0.12975,142.539,3.814,PUSH
10.081,0.30902,0.12975,142.539,3.809,PUSH
10.082,0.30902,0.12975,142.539,3.804,PUSH
10.083,0.30902,0.12975,142.539,3.799,PUSH
10.084,0.30902,0.12975,142.539,3.796,PUSH
10.085,0.30902,0.12975,142.539,3.791,PUSH
10.086,0.30902,0.12975,142.539,3.786,PUSH
10.087,0.30902,0.12975,142.539,3.782,PUSH
10.088,0.30902,0.12975,142.539,3.778,PUSH
10.089,0.30902,0.12975,142.539,3.773,PUSH
10.09,0.30902,0.12975,142.539,3.769,PUSH
10.091,0.30902,0.12975,142.539,3.765,PUSH
10.092,0.30902,0.12975,142.539,3.76,PUSH
10.093,0.30902,0.12975,142.539,3.756,PUSH
10.094,0.30902,0.12975,142.539,3.752,PUSH
10.095,0.30902,0.12975,142.539,3.747,PUSH
10.096,0.30902,0.12975,142.539,3.743,PUSH
10.097,0.30902,0.12975,142.539,3.739,PUSH
10.098,0.30902,0.12975,142.539,3.734,PUSH
10.099,0.30902,0.12975,142.539,3.73,PUSH
10.1,0.30902,0.12975,142.539,3.726,PUSH
10.101,0.30913,0.13156,144.241,2.597,PUSH
10.102,0.30913,0.13156,144.241,2.594,PUSH
10.103,0.30913,0.13156,144.241,2.59,PUSH
10.104,0.30913,0.13156,144.241,2.586,PUSH
10.105,0.30913,0.13156,144.241,2.583,PUSH
10.106,0.30913,0.13156,144.241,2.579,PUSH
10.107,0.30913,0.13156,144.241,2.575,PUSH
10.108,0.30913,0.13156,144.241,2.572,PUSH
10.109,0.30913,0.13156,144.241,2.569,PUSH
10.11,0.30913,0.13156,144.241,2.565,PUSH
10.111,0.30913,0.13156,144.241,2.562,PUSH
10.112,0.30913,0.13156,144.241,2.559,PUSH
10.113,0.30913,0.13156,144.241,2.555,PUSH
10.114,0.30913,0.13156,144.241,2.552,PUSH
10.115,0.30913,0.13156,144.241,2.549,PUSH
10.116,0.30913,0.13156,144.241,2.545,PUSH
10.117,0.30913,0.13156,144.241,2.542,PUSH
10.118,0.30913,0.13156,144.241,2.539,PUSH
10.119,0.30913,0.13156,144.241,2.535,PUSH
10.12,0.30913,0.13156,144.241,2.533,PUSH
10.121,0.30913,0.13156,144.241,2.529,PUSH
10.122,0.30913,0.13156,144.241,2.526,PUSH
10.123,0.30913,0.13156,144.241,2.523,PUSH
10.124,0.30913,0.13156,144.241,2.52,PUSH
10.125,0.30913,0.13156,144.241,2.516,PUSH
10.126,0.30913,0.13156,144.241,2.514,PUSH
10.127,0.30913,0.13156,144.241,2.51,PUSH
10.128,0.30913,0.13156,144.241,2.507,PUSH
10.129,0.30913,0.13156,144.241,2.504,PUSH
10.13,0.30913,0.13156,144.241,2.501,PUSH
10.131,0.30913,0.13156,144.241,2.498,PUSH
10.132,0.30913,0.13156,144.241,2.495,PUSH
10.133,0.30913,0.13156,144.241,2.492,PUSH
10.134,0.30818,0.13077,143.128,1.54,PUSH
10.135,0.30818,0.13077,143.128,1.537,PUSH
10.136,0.30818,0.13077,143.128,1.535,PUSH
10.137,0.30818,0.13077,143.128,1.532,PUSH
10.138,0.30818,0.13077,143.128,1.53,PUSH
10.139,0.30818,0.13077,143.128,1.527,PUSH
10.14,0.30818,0.13077,143.128,1.524,PUSH
10.141,0.30818,0.13077,143.128,1.523,PUSH
10.142,0.30818,0.13077,143.128,1.52,PUSH
10.143,0.30818,0.13077,143.128,1.518,PUSH
10.144,0.30818,0.13077,143.128,1.516,PUSH
10.145,0.30818,0.13077,143.128,1.514,PUSH
10.146,0.30818,0.13077,143.128,1.511,PUSH
10.147,0.30818,0.13077,143.128,1.509,PUSH
10.148,0.30818,0.13077,143.128,1.507,PUSH
10.149,0.30818,0.13077,143.128,1.505,PUSH
10.15,0.30818,0.13077,143.128,1.503,PUSH
10.151,0.30818,0.13077,143.128,1.501,PUSH
10.152,0.30818,0.13077,143.128,1.498,PUSH
10.153,0.30818,0.13077,143.128,1.497,PUSH
10.154,0.30818,0.13077,143.128,1.495,PUSH
10.155,0.30818,0.13077,143.128,1.492,PUSH
10.156,0.30818,0.13077,143.128,1.491,PUSH
10.157,0.30818,0.13077,143.128,1.489,PUSH
10.158,0.30818,0.13077,143.128,1.486,PUSH
10.159,0.30818,0.13077,143.128,1.485,PUSH
10.16,0.30818,0.13077,143.128,1.483,PUSH
10.161,0.30818,0.13077,143.128,1.481,PUSH
10.162,0.30818,0.13077,143.128,1.479,PUSH
10.163,0.30818,0.13077,143.128,1.477,PUSH
10.164,0.30818,0.13077,143.128,1.475,PUSH
10.165,0.30818,0.13077,143.128,1.474,PUSH
10.166,0.30818,0.13077,143.128,1.472,PUSH
10.167,0.31101,0.13319,146.496,4.187,PUSH
10.168,0.31101,0.13319,146.496,4.185,PUSH
10.169,0.31101,0.13319,146.496,4.183,PUSH
10.17,0.31101,0.13319,146.496,4.179,PUSH
10.171,0.31101,0.13319,146.496,4.177,PUSH
10.172,0.31101,0.13319,146.496,4.174,PUSH
10.173,0.31101,0.13319,146.496,4.17,PUSH
10.174,0.31101,0.13319,146.496,4.167,PUSH
10.175,0.31101,0.13319,146.496,4.163,PUSH
10.176,0.31101,0.13319,146.496,4.16,PUSH
10.177,0.31101,0.13319,146.496,4.157,PUSH
10.178,0.31101,0.13319,146.496,4.153,PUSH
10.179,0.31101,0.13319,146.496,4.149,PUSH
10.18,0.31101,0.13319,146.496,4.146,PUSH
10.181,0.31101,0.13319,146.496,4.142,PUSH
10.182,0.31101,0.13319,146.496,4.139,PUSH
10.183,0.31101,0.13319,146.496,4.136,PUSH
10.184,0.31101,0.13319,146.496,4.132,PUSH
10.185,0.31101,0.13319,146.496,4.127,PUSH
10.186,0.31101,0.13319,146.496,4.124,PUSH
10.187,0.31101,0.13319,146.496,4.121,PUSH
10.188,0.31101,0.13319,146.496,4.118,PUSH
10.189,0.31101,0.13319,146.496,4.114,PUSH
10.19,0.31101,0.13319,146.496,4.109,PUSH
10.191,0.31101,0.13319,146.496,4.106,PUSH
10.192,0.31101,0.13319,146.496,4.102,PUSH
10.193,0.31101,0.13319,146.496,4.097,PUSH
10.194,0.31101,0.13319,146.496,4.094,PUSH
10.195,0.31101,0.13319,146.496,4.09,PUSH
10.196,0.31101,0.13319,146.496,4.087,PUSH
10.197,0.31101,0.13319,146.496,4.083,PUSH
10.198,0.31101,0.13319,146.496,4.079,PUSH
10.199,0.31101,0.13319,146.496,4.075,PUSH
10.2,0.30921,0.13295,145.541,1.453,PUSH
10.201,0.30921,0.13295,145.541,1.449,PUSH
10.202,0.30921,0.13295,145.541,1.447,PUSH
10.203,0.30921,0.13295,145.541,1.444,PUSH
10.204,0.30921,0.13295,145.541,1.441,PUSH
10.205,0.30921,0.13295,145.541,1.439,PUSH
10.206,0.30921,0.13295,145.541,1.436,PUSH
10.207,0.30921,0.13295,145.541,1.434,PUSH
10.208,0.30921,0.13295,145.541,1.432,PUSH
10.209,0.30921,0.13295,145.541,1.43,PUSH
10.21,0.30921,0.13295,145.541,1.427,PUSH
10.211,0.30921,0.13295,145.541,1.426,PUSH
10.212,0.30921,0.13295,145.541,1.424,PUSH
10.213,0.30921,0.13295,145.541,1.421,PUSH
10.214,0.30921,0.13295,145.541,1.42,PUSH
10.215,0.30921,0.13295,145.541,1.418,PUSH
10.216,0.30921,0.13295,145.541,1.415,PUSH
10.217,0.30921,0.13295,145.541,1.414,PUSH
10.218,0.30921,0.13295,145.541,1.412,PUSH
10.219,0.30921,0.13295,145.541,1.41,PUSH
10.22,0.30921,0.13295,145.541,1.409,PUSH
10.221,0.30921,0.13295,145.541,1.407,PUSH
10.222,0.30921,0.13295,145.541,1.405,PUSH
10.223,0.30921,0.13295,145.541,1.403,PUSH
10.224,0.30921,0.13295,145.541,1.401,PUSH
10.225,0.30921,0.13295,145.541,1.399,PUSH
10.226,0.30921,0.13295,145.541,1.398,PUSH
10.227,0.30921,0.13295,145.541,1.397,PUSH
10.228,0.30921,0.13295,145.541,1.395,PUSH
10.229,0.30921,0.13295,145.541,1.393,PUSH
10.23,0.30921,0.13295,145.541,1.392,PUSH
10.231,0.30921,0.13295,145.541,1.39,PUSH
10.232,0.30921,0.13295,145.541,1.389,PUSH
10.233,0.30921,0.13295,145.541,1.387,PUSH
10.234,0.30709,0.13207,143.88,1.313,PUSH
10.235,0.30709,0.13207,143.88,1.313,PUSH
10.236,0.30709,0.13207,143.88,1.314,PUSH
10.237,0.30709,0.13207,143.88,1.315,PUSH
10.238,0.30709,0.13207,143.88,1.314,PUSH
10.239,0.30709,0.13207,143.88,1.314,PUSH
10.24,0.30709,0.13207,143.88,1.315,PUSH
10.241,0.30709,0.13207,143.88,1.314,PUSH
10.242,0.30709,0.13207,143.88,1.314,PUSH
10.243,0.30709,0.13207,143.88,1.314,PUSH
10.244,0.30709,0.13207,143.88,1.313,PUSH
10.245,0.30709,0.13207,143.88,1.313,PUSH
10.246,0.30709,0.13207,143.88,1.313,PUSH
10.247,0.30709,0.13207,143.88,1.312,PUSH
10.248,0.30709,0.13207,143.88,1.311,PUSH
10.249,0.30709,0.13207,143.88,1.311,PUSH
10.25,0.30709,0.13207,143.88,1.31,PUSH
10.251,0.30709,0.13207,143.88,1.31,PUSH
10.252,0.30709,0.13207,143.88,1.309,PUSH
10.253,0.30709,0.13207,143.88,1.308,PUSH
10.254,0.30709,0.13207,143.88,1.308,PUSH
10.255,0.30709,0.13207,143.88,1.307,PUSH
10.256,0.30709,0.13207,143.88,1.306,PUSH
10.257,0.30709,0.13207,143.88,1.305,PUSH
10.258,0.30709,0.13207,143.88,1.305,PUSH
10.259,0.30709,0.13207,143.88,1.304,PUSH
10.26,0.30709,0.13207,143.88,1.303,PUSH
10.261,0.30709,0.13207,143.88,1.302,PUSH
10.262,0.30709,0.13207,143.88,1.301,PUSH
10.263,0.30709,0.13207,143.88,1.3,PUSH
10.264,0.30709,0.13207,143.88,1.299,PUSH
10.265,0.30709,0.13207,143.88,1.298,PUSH
10.266,0.30709,0.13207,143.88,1.297,PUSH
10.267,0.30682,0.13135,143.111,1.223,PUSH
10.268,0.30682,0.13135,143.111,1.221,PUSH
10.269,0.30682,0.13135,143.111,1.22,PUSH
10.27,0.30682,0.13135,143.111,1.219,PUSH
10.271,0.30682,0.13135,143.111,1.218,PUSH
10.272,0.30682,0.13135,143.111,1.217,PUSH
10.273,0.30682,0.13135,143.111,1.216,PUSH
10.274,0.30682,0.13135,143.111,1.215,PUSH
10.275,0.30682,0.13135,143.111,1.214,PUSH
10.276,0.30682,0.13135,143.111,1.213,PUSH
10.277,0.30682,0.13135,143.111,1.211,PUSH
10.278,0.30682,0.13135,143.111,1.21,PUSH
10.279,0.30682,0.13135,143.111,1.21,PUSH
10.28,0.30682,0.13135,143.111,1.208,PUSH
10.281,0.30682,0.13135,143.111,1.207,PUSH
10.282,0.30682,0.13135,143.111,1.206,PUSH
10.283,0.30682,0.13135,143.111,1.204,PUSH
10.284,0.30682,0.13135,143.111,1.203,PUSH
10.285,0.30682,0.13135,143.111,1.203,PUSH
10.286,0.30682,0.13135,143.111,1.201,PUSH
10.287,0.30682,0.13135,143.111,1.2,PUSH
10.288,0.30682,0.13135,143.111,1.199,PUSH
10.289,0.30682,0.13135,143.111,1.197,PUSH
10.29,0.30682,0.13135,143.111,1.196,PUSH
10.291,0.30682,0.13135,143.111,1.195,PUSH
10.292,0.30682,0.13135,143.111,1.194,PUSH
10.293,0.30682,0.13135,143.111,1.193,PUSH
10.294,0.30682,0.13135,143.111,1.192,PUSH
10.295,0.30682,0.13135,143.111,1.19,PUSH
10.296,0.30682,0.13135,143.111,1.189,PUSH
10.297,0.30682,0.13135,143.111,1.188,PUSH
10.298,0.30682,0.13135,143.111,1.186,PUSH
10.299,0.30682,0.13135,143.111,1.185,PUSH
10.3,0.30682,0.13135,143.111,1.184,PUSH
10.301,0.30724,0.12839,140.571,1.534,PUSH
10.302,0.30724,0.12839,140.571,1.534,PUSH
10.303,0.30724,0.12839,140.571,1.535,PUSH
10.304,0.30724,0.12839,140.571,1.535,PUSH
10.305,0.30724,0.12839,140.571,1.535,PUSH
10.306,0.30724,0.12839,140.571,1.535,PUSH
10.307,0.30724,0.12839,140.571,1.535,PUSH
10.308,0.30724,0.12839,140.571,1.535,PUSH
10.309,0.30724,0.12839,140.571,1.534,PUSH
10.31,0.30724,0.12839,140.571,1.534,PUSH
10.311,0.30724,0.12839,140.571,1.534,PUSH
10.312,0.30724,0.12839,140.571,1.534,PUSH
10.313,0.30724,0.12839,140.571,1.534,PUSH
10.314,0.30724,0.12839,140.571,1.533,PUSH
10.315,0.30724,0.12839,140.571,1.532,PUSH
10.316,0.30724,0.12839,140.571,1.532,PUSH
10.317,0.30724,0.12839,140.571,1.532,PUSH
10.318,0.30724,0.12839,140.571,1.532,PUSH
10.319,0.30724,0.12839,140.571,1.531,PUSH
10.32,0.30724,0.12839,140.571,1.53,PUSH
10.321,0.30724,0.12839,140.571,1.53,PUSH
10.322,0.30724,0.12839,140.571,1.529,PUSH
10.323,0.30724,0.12839,140.571,1.529,PUSH
10.324,0.30724,0.12839,140.571,1.528,PUSH
10.325,0.30724,0.12839,140.571,1.527,PUSH
10.326,0.30724,0.12839,140.571,1.527,PUSH
10.327,0.30724,0.12839,140.571,1.526,PUSH
10.328,0.30724,0.12839,140.571,1.525,PUSH
10.329,0.30724,0.12839,140.571,1.525,PUSH
10.33,0.30724,0.12839,140.571,1.524,PUSH
10.331,0.30724,0.12839,140.571,1.523,PUSH
10.332,0.30724,0.12839,140.571,1.523,PUSH
10.333,0.30724,0.12839,140.571,1.522,PUSH
10.334,0.30452,0.12719,138.379,2.003,PUSH
10.335,0.30452,0.12719,138.379,2.003,PUSH
10.336,0.30452,0.12719,138.379,2.003,PUSH
10.337,0.30452,0.12719,138.379,2.002,PUSH
10.338,0.30452,0.12719,138.379,2.001,PUSH
10.339,0.30452,0.12719,138.379,2.0,PUSH
10.34,0.30452,0.12719,138.379,1.998,PUSH
10.341,0.30452,0.12719,138.379,1.997,PUSH
10.342,0.30452,0.12719,138.379,1.996,PUSH
10.343,0.30452,0.12719,138.379,1.994,PUSH
10.344,0.30452,0.12719,138.379,1.993,PUSH
10.345,0.30452,0.12719,138.379,1.991,PUSH
10.346,0.30452,0.12719,138.379,1.989,PUSH
10.347,0.30452,0.12719,138.379,1.988,PUSH
10.348,0.30452,0.12719,138.379,1.986,PUSH
10.349,0.30452,0.12719,138.379,1.984,PUSH
10.35,0.30452,0.12719,138.379,1.982,PUSH
10.351,0.30452,0.12719,138.379,1.981,PUSH
10.352,0.30452,0.12719,138.379,1.978,PUSH
10.353,0.30452,0.12719,138.379,1.976,PUSH
10.354,0.30452,0.12719,138.379,1.975,PUSH
10.355,0.30452,0.12719,138.379,1.972,PUSH
10.356,0.30452,0.12719,138.379,1.97,PUSH
10.357,0.30452,0.12719,138.379,1.968,PUSH
10.358,0.30452,0.12719,138.379,1.966,PUSH
10.359,0.30452,0.12719,138.379,1.964,PUSH
10.36,0.30452,0.12719,138.379,1.962,PUSH
10.361,0.30452,0.12719,138.379,1.959,PUSH
10.362,0.30452,0.12719,138.379,1.957,PUSH
10.363,0.30452,0.12719,138.379,1.955,PUSH
10.364,0.30452,0.12719,138.379,1.952,PUSH
10.365,0.30452,0.12719,138.379,1.95,PUSH
10.366,0.30452,0.12719,138.379,1.948,PUSH
10.367,0.30594,0.12409,136.118,2.579,PUSH
10.368,0.30594,0.12409,136.118,2.58,PUSH
10.369,0.30594,0.12409,136.118,2.58,PUSH
10.37,0.30594,0.12409,136.118,2.581,PUSH
10.371,0.30594,0.12409,136.118,2.581,PUSH
10.372,0.30594,0.12409,136.118,2.581,PUSH
10.373,0.30594,0.12409,136.118,2.581,PUSH
10.374,0.30594,0.12409,136.118,2.58,PUSH
10.375,0.30594,0.12409,136.118,2.58,PUSH
10.376,0.30594,0.12409,136.118,2.58,PUSH
10.377,0.30594,0.12409,136.118,2.579,PUSH
10.378,0.30594,0.12409,136.118,2.579,PUSH
10.379,0.30594,0.12409,136.118,2.578,PUSH
10.38,0.30594,0.12409,136.118,2.576,PUSH
10.381,0.30594,0.12409,136.118,2.576,PUSH
10.382,0.30594,0.12409,136.118,2.575,PUSH
10.383,0.30594,0.12409,136.118,2.574,PUSH
10.384,0.30594,0.12409,136.118,2.573,PUSH
10.385,0.30594,0.12409,136.118,2.572,PUSH
10.386,0.30594,0.12409,136.118,2.571,PUSH
10.387,0.30594,0.12409,136.118,2.57,PUSH
10.388,0.30594,0.12409,136.118,2.568,PUSH
10.389,0.30594,0.12409,136.118,2.567,PUSH
10.39,0.30594,0.12409,136.118,2.566,PUSH
10.391,0.30594,0.12409,136.118,2.565,PUSH
10.392,0.30594,0.12409,136.118,2.564,PUSH
10.393,0.30594,0.12409,136.118,2.562,PUSH
10.394,0.30594,0.12409,136.118,2.561,PUSH
10.395,0.30594,0.12409,136.118,2.56,PUSH
10.396,0.30594,0.12409,136.118,2.558,PUSH
10.397,0.30594,0.12409,136.118,2.557,PUSH
10.398,0.30594,0.12409,136.118,2.555,PUSH
10.399,0.30594,0.12409,136.118,2.553,PUSH
10.4,0.30594,0.12409,136.118,2.553,PUSH
10.401,0.31031,0.12199,136.084,11.215,PUSH
10.402,0.31031,0.12199,136.084,11.213,PUSH
10.403,0.31031,0.12199,136.084,11.208,PUSH
10.404,0.31031,0.12199,136.084,11.203,PUSH
10.405,0.31031,0.12199,136.084,11.196,PUSH
10.406,0.31031,0.12199,136.084,11.19,PUSH
10.407,0.31031,0.12199,136.084,11.184,PUSH
10.408,0.31031,0.12199,136.084,11.177,PUSH
10.409,0.31031,0.12199,136.084,11.17,PUSH
10.41,0.31031,0.12199,136.084,11.161,PUSH
10.411,0.31031,0.12199,136.084,11.154,PUSH
10.412,0.31031,0.12199,136.084,11.147,PUSH
10.413,0.31031,0.12199,136.084,11.139,PUSH
10.414,0.31031,0.12199,136.084,11.13,PUSH
10.415,0.31031,0.12199,136.084,11.122,PUSH
10.416,0.31031,0.12199,136.084,11.114,PUSH
10.417,0.31031,0.12199,136.084,11.106,PUSH
10.418,0.31031,0.12199,136.084,11.097,PUSH
10.419,0.31031,0.12199,136.084,11.087,PUSH
10.42,0.31031,0.12199,136.084,11.079,PUSH
10.421,0.31031,0.12199,136.084,11.071,PUSH
10.422,0.31031,0.12199,136.084,11.061,PUSH
10.423,0.31031,0.12199,136.084,11.051,PUSH
10.424,0.31031,0.12199,136.084,11.041,PUSH
10.425,0.31031,0.12199,136.084,11.032,PUSH
10.426,0.31031,0.12199,136.084,11.023,PUSH
10.427,0.31031,0.12199,136.084,11.014,PUSH
10.428,0.31031,0.12199,136.084,11.003,PUSH
10.429,0.31031,0.12199,136.084,10.994,PUSH
10.43,0.31031,0.12199,136.084,10.984,PUSH
10.431,0.31031,0.12199,136.084,10.973,PUSH
10.432,0.31031,0.12199,136.084,10.963,PUSH
10.433,0.31031,0.12199,136.084,10.955,PUSH
10.434,0.30615,0.12395,136.072,2.753,PUSH
10.435,0.30615,0.12395,136.072,2.744,PUSH
10.436,0.30615,0.12395,136.072,2.735,PUSH
10.437,0.30615,0.12395,136.072,2.729,PUSH
10.438,0.30615,0.12395,136.072,2.724,PUSH
10.439,0.30615,0.12395,136.072,2.719,PUSH
10.44,0.30615,0.12395,136.072,2.713,PUSH
10.441,0.30615,0.12395,136.072,2.709,PUSH
10.442,0.30615,0.12395,136.072,2.704,PUSH
10.443,0.30615,0.12395,136.072,2.699,PUSH
10.444,0.30615,0.12395,136.072,2.695,PUSH
10.445,0.30615,0.12395,136.072,2.691,PUSH
10.446,0.30615,0.12395,136.072,2.688,PUSH
10.447,0.30615,0.12395,136.072,2.684,PUSH
10.448,0.30615,0.12395,136.072,2.679,PUSH
10.449,0.30615,0.12395,136.072,2.675,PUSH
10.45,0.30615,0.12395,136.072,2.671,PUSH
10.451,0.30615,0.12395,136.072,2.667,PUSH
10.452,0.30615,0.12395,136.072,2.665,PUSH
10.453,0.30615,0.12395,136.072,2.661,PUSH
10.454,0.30615,0.12395,136.072,2.657,PUSH
10.455,0.30615,0.12395,136.072,2.653,PUSH
10.456,0.30615,0.12395,136.072,2.65,PUSH
10.457,0.30615,0.12395,136.072,2.646,PUSH
10.458,0.30615,0.12395,136.072,2.644,PUSH
10.459,0.30615,0.12395,136.072,2.641,PUSH
10.46,0.30615,0.12395,136.072,2.637,PUSH
10.461,0.30615,0.12395,136.072,2.634,PUSH
10.462,0.30615,0.12395,136.072,2.631,PUSH
10.463,0.30615,0.12395,136.072,2.629,PUSH
10.464,0.30615,0.12395,136.072,2.627,PUSH
10.465,0.30615,0.12395,136.072,2.624,PUSH
10.466,0.30615,0.12395,136.072,2.62,PUSH
10.467,0.3076,0.12614,138.674,3.344,PUSH
10.468,0.3076,0.12614,138.674,3.341,PUSH
10.469,0.3076,0.12614,138.674,3.339,PUSH
10.47,0.3076,0.12614,138.674,3.336,PUSH
10.471,0.3076,0.12614,138.674,3.333,PUSH
10.472,0.3076,0.12614,138.674,3.33,PUSH
10.473,0.3076,0.12614,138.674,3.327,PUSH
10.474,0.3076,0.12614,138.674,3.324,PUSH
10.475,0.3076,0.12614,138.674,3.321,PUSH
10.476,0.3076,0.12614,138.674,3.318,PUSH
10.477,0.3076,0.12614,138.674,3.315,PUSH
10.478,0.3076,0.12614,138.674,3.312,PUSH
10.479,0.3076,0.12614,138.674,3.309,PUSH
10.48,0.3076,0.12614,138.674,3.305,PUSH
10.481,0.3076,0.12614,138.674,3.303,PUSH
10.482,0.3076,0.12614,138.674,3.299,PUSH
10.483,0.3076,0.12614,138.674,3.296,PUSH
10.484,0.3076,0.12614,138.674,3.293,PUSH
10.485,0.3076,0.12614,138.674,3.29,PUSH
10.486,0.3076,0.12614,138.674,3.286,PUSH
10.487,0.3076,0.12614,138.674,3.283,PUSH
10.488,0.3076,0.12614,138.674,3.28,PUSH
10.489,0.3076,0.12614,138.674,3.276,PUSH
10.49,0.3076,0.12614,138.674,3.273,PUSH
10.491,0.3076,0.12614,138.674,3.27,PUSH
10.492,0.3076,0.12614,138.674,3.266,PUSH
10.493,0.3076,0.12614,138.674,3.264,PUSH
10.494,0.3076,0.12614,138.674,3.26,PUSH
10.495,0.3076,0.12614,138.674,3.257,PUSH
10.496,0.3076,0.12614,138.674,3.254,PUSH
10.497,0.3076,0.12614,138.674,3.251,PUSH
10.498,0.3076,0.12614,138.674,3.247,PUSH
10.499,0.3076,0.12614,138.674,3.244,PUSH
10.5,0.3076,0.12614,138.674,3.241,PUSH
10.501,0.3091,0.12754,140.57,4.579,PUSH
10.502,0.3091,0.12754,140.57,4.576,PUSH
10.503,0.3091,0.12754,140.57,4.572,PUSH
10.504,0.3091,0.12754,140.57,4.568,PUSH
10.505,0.3091,0.12754,140.57,4.565,PUSH
10.506,0.3091,0.12754,140.57,4.561,PUSH
10.507,0.3091,0.12754,140.57,4.556,PUSH
10.508,0.3091,0.12754,140.57,4.553,PUSH
10.509,0.3091,0.12754,140.57,4.548,PUSH
10.51,0.3091,0.12754,140.57,4.544,PUSH
10.511,0.3091,0.12754,140.57,4.54,PUSH
10.512,0.3091,0.12754,140.57,4.536,PUSH
10.513,0.3091,0.12754,140.57,4.531,PUSH
10.514,0.3091,0.12754,140.57,4.527,PUSH
10.515,0.3091,0.12754,140.57,4.523,PUSH
10.516,0.3091,0.12754,140.57,4.518,PUSH
10.517,0.3091,0.12754,140.57,4.514,PUSH
10.518,0.3091,0.12754,140.57,4.51,PUSH
10.519,0.3091,0.12754,140.57,4.505,PUSH
10.52,0.3091,0.12754,140.57,4.501,PUSH
10.521,0.3091,0.12754,140.57,4.497,PUSH
10.522,0.3091,0.12754,140.57,4.492,PUSH
10.523,0.3091,0.12754,140.57,4.488,PUSH
10.524,0.3091,0.12754,140.57,4.484,PUSH
10.525,0.3091,0.12754,140.57,4.479,PUSH
10.526,0.3091,0.12754,140.57,4.476,PUSH
10.527,0.3091,0.12754,140.57,4.471,PUSH
10.528,0.3091,0.12754,140.57,4.466,PUSH
10.529,0.3091,0.12754,140.57,4.462,PUSH
10.53,0.3091,0.12754,140.57,4.458,PUSH
10.531,0.3091,0.12754,140.57,4.453,PUSH
10.532,0.3091,0.12754,140.57,4.449,PUSH
10.533,0.3091,0.12754,140.57,4.445,PUSH
10.534,0.30817,0.12484,137.73,4.948,PUSH
10.535,0.30817,0.12484,137.73,4.944,PUSH
10.536,0.30817,0.12484,137.73,4.939,PUSH
10.537,0.30817,0.12484,137.73,4.934,PUSH
10.538,0.30817,0.12484,137.73,4.93,PUSH
10.539,0.30817,0.12484,137.73,4.926,PUSH
10.54,0.30817,0.12484,137.73,4.92,PUSH
10.541,0.30817,0.12484,137.73,4.916,PUSH
10.542,0.30817,0.12484,137.73,4.911,PUSH
10.543,0.30817,0.12484,137.73,4.906,PUSH
10.544,0.30817,0.12484,137.73,4.902,PUSH
10.545,0.30817,0.12484,137.73,4.897,PUSH
10.546,0.30817,0.12484,137.73,4.892,PUSH
10.547,0.30817,0.12484,137.73,4.888,PUSH
10.548,0.30817,0.12484,137.73,4.883,PUSH
10.549,0.30817,0.12484,137.73,4.878,PUSH
10.55,0.30817,0.12484,137.73,4.874,PUSH
10.551,0.30817,0.12484,137.73,4.869,PUSH
10.552,0.30817,0.12484,137.73,4.864,PUSH
10.553,0.30817,0.12484,137.73,4.859,PUSH
10.554,0.30817,0.12484,137.73,4.854,PUSH
10.555,0.30817,0.12484,137.73,4.849,PUSH
10.556,0.30817,0.12484,137.73,4.845,PUSH
10.557,0.30817,0.12484,137.73,4.84,PUSH
10.558,0.30817,0.12484,137.73,4.835,PUSH
10.559,0.30817,0.12484,137.73,4.831,PUSH
10.56,0.30817,0.12484,137.73,4.826,PUSH
10.561,0.30817,0.12484,137.73,4.821,PUSH
10.562,0.30817,0.12484,137.73,4.817,PUSH
10.563,0.30817,0.12484,137.73,4.812,PUSH
10.564,0.30817,0.12484,137.73,4.806,PUSH
10.565,0.30817,0.12484,137.73,4.802,PUSH
10.566,0.30817,0.12484,137.73,4.797,PUSH
10.567,0.3079,0.12611,138.765,3.451,PUSH
10.568,0.3079,0.12611,138.765,3.447,PUSH
10.569,0.3079,0.12611,138.765,3.443,PUSH
10.57,0.3079,0.12611,138.765,3.438,PUSH
10.571,0.3079,0.12611,138.765,3.435,PUSH
10.572,0.3079,0.12611,138.765,3.431,PUSH
10.573,0.3079,0.12611,138.765,3.426,PUSH
10.574,0.3079,0.12611,138.765,3.423,PUSH
10.575,0.3079,0.12611,138.765,3.419,PUSH
10.576,0.3079,0.12611,138.765,3.414,PUSH
10.577,0.3079,0.12611,138.765,3.411,PUSH
10.578,0.3079,0.12611,138.765,3.407,PUSH
10.579,0.3079,0.12611,138.765,3.403,PUSH
10.58,0.3079,0.12611,138.765,3.4,PUSH
10.581,0.3079,0.12611,138.765,3.396,PUSH
10.582,0.3079,0.12611,138.765,3.392,PUSH
10.583,0.3079,0.12611,138.765,3.388,PUSH
10.584,0.3079,0.12611,138.765,3.384,PUSH
10.585,0.3079,0.12611,138.765,3.38,PUSH
10.586,0.3079,0.12611,138.765,3.377,PUSH
10.587,0.3079,0.12611,138.765,3.373,PUSH
10.588,0.3079,0.12611,138.765,3.369,PUSH
10.589,0.3079,0.12611,138.765,3.366,PUSH
10.59,0.3079,0.12611,138.765,3.362,PUSH
10.591,0.3079,0.12611,138.765,3.358,PUSH
10.592,0.3079,0.12611,138.765,3.355,PUSH
10.593,0.3079,0.12611,138.765,3.351,PUSH
10.594,0.3079,0.12611,138.765,3.347,PUSH
10.595,0.3079,0.12611,138.765,3.344,PUSH
10.596,0.3079,0.12611,138.765,3.341,PUSH
10.597,0.3079,0.12611,138.765,3.337,PUSH
10.598,0.3079,0.12611,138.765,3.334,PUSH
10.599,0.3079,0.12611,138.765,3.33,PUSH
10.6,0.3079,0.12611,138.765,3.326,PUSH
10.601,0.30747,0.1237,136.395,4.396,PUSH
10.602,0.30747,0.1237,136.395,4.392,PUSH
10.603,0.30747,0.1237,136.395,4.388,PUSH
10.604,0.30747,0.1237,136.395,4.384,PUSH
10.605,0.30747,0.1237,136.395,4.38,PUSH
10.606,0.30747,0.1237,136.395,4.376,PUSH
10.607,0.30747,0.1237,136.395,4.372,PUSH
10.608,0.30747,0.1237,136.395,4.368,PUSH
10.609,0.30747,0.1237,136.395,4.364,PUSH
10.61,0.30747,0.1237,136.395,4.36,PUSH
10.611,0.30747,0.1237,136.395,4.356,PUSH
10.612,0.30747,0.1237,136.395,4.351,PUSH
10.613,0.30747,0.1237,136.395,4.347,PUSH
10.614,0.30747,0.1237,136.395,4.343,PUSH
10.615,0.30747,0.1237,136.395,4.339,PUSH
10.616,0.30747,0.1237,136.395,4.335,PUSH
10.617,0.30747,0.1237,136.395,4.331,PUSH
10.618,0.30747,0.1237,136.395,4.326,PUSH
10.619,0.30747,0.1237,136.395,4.323,PUSH
10.62,0.30747,0.1237,136.395,4.318,PUSH
10.621,0.30747,0.1237,136.395,4.314,PUSH
10.622,0.30747,0.1237,136.395,4.31,PUSH
10.623,0.30747,0.1237,136.395,4.306,PUSH
10.624,0.30747,0.1237,136.395,4.301,PUSH
10.625,0.30747,0.1237,136.395,4.297,PUSH
10.626,0.30747,0.1237,136.395,4.293,PUSH
10.627,0.30747,0.1237,136.395,4.288,PUSH
10.628,0.30747,0.1237,136.395,4.285,PUSH
10.629,0.30747,0.1237,136.395,4.28,PUSH
10.63,0.30747,0.1237,136.395,4.276,PUSH
10.631,0.30747,0.1237,136.395,4.272,PUSH
10.632,0.30747,0.1237,136.395,4.268,PUSH
10.633,0.30747,0.1237,136.395,4.263,PUSH
10.634,0.30521,0.12078,132.795,2.785,PUSH
10.635,0.30521,0.12078,132.795,2.781,PUSH
10.636,0.30521,0.12078,132.795,2.777,PUSH
10.637,0.30521,0.12078,132.795,2.774,PUSH
10.638,0.30521,0.12078,132.795,2.77,PUSH
10.639,0.30521,0.12078,132.795,2.767,PUSH
10.64,0.30521,0.12078,132.795,2.764,PUSH
10.641,0.30521,0.12078,132.795,2.76,PUSH
10.642,0.30521,0.12078,132.795,2.757,PUSH
10.643,0.30521,0.12078,132.795,2.754,PUSH
10.644,0.30521,0.12078,132.795,2.75,PUSH
10.645,0.30521,0.12078,132.795,2.747,PUSH
10.646,0.30521,0.12078,132.795,2.744,PUSH
10.647,0.30521,0.12078,132.795,2.741,PUSH
10.648,0.30521,0.12078,132.795,2.737,PUSH
10.649,0.30521,0.12078,132.795,2.735,PUSH
10.65,0.30521,0.12078,132.795,2.731,PUSH
10.651,0.30521,0.12078,132.795,2.728,PUSH
10.652,0.30521,0.12078,132.795,2.725,PUSH
10.653,0.30521,0.12078,132.795,2.722,PUSH
10.654,0.30521,0.12078,132.795,2.719,PUSH
10.655,0.30521,0.12078,132.795,2.716,PUSH
10.656,0.30521,0.12078,132.795,2.713,PUSH
10.657,0.30521,0.12078,132.795,2.71,PUSH
10.658,0.30521,0.12078,132.795,2.707,PUSH
10.659,0.30521,0.12078,132.795,2.704,PUSH
10.66,0.30521,0.12078,132.795,2.701,PUSH
10.661,0.30521,0.12078,132.795,2.698,PUSH
10.662,0.30521,0.12078,132.795,2.695,PUSH
10.663,0.30521,0.12078,132.795,2.692,PUSH
10.664,0.30521,0.12078,132.795,2.69,PUSH
10.665,0.30521,0.12078,132.795,2.687,PUSH
10.666,0.30521,0.12078,132.795,2.684,PUSH
10.667,0.30512,0.12113,133.081,2.283,PUSH
10.668,0.30512,0.12113,133.081,2.28,PUSH
10.669,0.30512,0.12113,133.081,2.277,PUSH
10.67,0.30512,0.12113,133.081,2.275,PUSH
10.671,0.30512,0.12113,133.081,2.272,PUSH
10.672,0.30512,0.12113,133.081,2.269,PUSH
10.673,0.30512,0.12113,133.081,2.267,PUSH
10.674,0.30512,0.12113,133.081,2.265,PUSH
10.675,0.30512,0.12113,133.081,2.262,PUSH
10.676,0.30512,0.12113,133.081,2.26,PUSH
10.677,0.30512,0.12113,133.081,2.257,PUSH
10.678,0.30512,0.12113,133.081,2.254,PUSH
10.679,0.30512,0.12113,133.081,2.253,PUSH
10.68,0.30512,0.12113,133.081,2.25,PUSH
10.681,0.30512,0.12113,133.081,2.247,PUSH
10.682,0.30512,0.12113,133.081,2.245,PUSH
10.683,0.30512,0.12113,133.081,2.243,PUSH
10.684,0.30512,0.12113,133.081,2.24,PUSH
10.685,0.30512,0.12113,133.081,2.238,PUSH
10.686,0.30512,0.12113,133.081,2.236,PUSH
10.687,0.30512,0.12113,133.081,2.233,PUSH
10.688,0.30512,0.12113,133.081,2.231,PUSH
10.689,0.30512,0.12113,133.081,2.229,PUSH
10.69,0.30512,0.12113,133.081,2.226,PUSH
10.691,0.30512,0.12113,133.081,2.224,PUSH
10.692,0.30512,0.12113,133.081,2.222,PUSH
10.693,0.30512,0.12113,133.081,2.219,PUSH
10.694,0.30512,0.12113,133.081,2.217,PUSH
10.695,0.30512,0.12113,133.081,2.215,PUSH
10.696,0.30512,0.12113,133.081,2.212,PUSH
10.697,0.30512,0.12113,133.081,2.21,PUSH
10.698,0.30512,0.12113,133.081,2.208,PUSH
10.699,0.30512,0.12113,133.081,2.205,PUSH
10.7,0.3053,0.11968,131.837,3.575,PUSH
10.701,0.3053,0.11968,131.837,3.572,PUSH
10.702,0.3053,0.11968,131.837,3.569,PUSH
10.703,0.3053,0.11968,131.837,3.567,PUSH
10.704,0.3053,0.11968,131.837,3.564,PUSH
10.705,0.3053,0.11968,131.837,3.56,PUSH
10.706,0.3053,0.11968,131.837,3.558,PUSH
10.707,0.3053,0.11968,131.837,3.555,PUSH
10.708,0.3053,0.11968,131.837,3.551,PUSH
10.709,0.3053,0.11968,131.837,3.549,PUSH
10.71,0.3053,0.11968,131.837,3.545,PUSH
10.711,0.3053,0.11968,131.837,3.542,PUSH
10.712,0.3053,0.11968,131.837,3.539,PUSH
10.713,0.3053,0.11968,131.837,3.536,PUSH
10.714,0.3053,0.11968,131.837,3.534,PUSH
10.715,0.3053,0.11968,131.837,3.53,PUSH
10.716,0.3053,0.11968,131.837,3.527,PUSH
10.717,0.3053,0.11968,131.837,3.523,PUSH
10.718,0.3053,0.11968,131.837,3.52,PUSH
10.719,0.3053,0.11968,131.837,3.518,PUSH
10.72,0.3053,0.11968,131.837,3.515,PUSH
10.721,0.3053,0.11968,131.837,3.512,PUSH
10.722,0.3053,0.11968,131.837,3.508,PUSH
10.723,0.3053,0.11968,131.837,3.505,PUSH
10.724,0.3053,0.11968,131.837,3.501,PUSH
10.725,0.3053,0.11968,131.837,3.498,PUSH
10.726,0.3053,0.11968,131.837,3.495,PUSH
10.727,0.3053,0.11968,131.837,3.491,PUSH
10.728,0.3053,0.11968,131.837,3.489,PUSH
10.729,0.3053,0.11968,131.837,3.486,PUSH
10.73,0.3053,0.11968,131.837,3.482,PUSH
10.731,0.3053,0.11968,131.837,3.479,PUSH
10.732,0.3053,0.11968,131.837,3.476,PUSH
10.733,0.3053,0.11968,131.837,3.472,PUSH
10.734,0.30176,0.11903,129.792,1.919,PUSH
10.735,0.30176,0.11903,129.792,1.921,PUSH
10.736,0.30176,0.11903,129.792,1.923,PUSH
10.737,0.30176,0.11903,129.792,1.924,PUSH
10.738,0.30176,0.11903,129.792,1.924,PUSH
10.739,0.30176,0.11903,129.792,1.924,PUSH
10.74,0.30176,0.11903,129.792,1.924,PUSH
10.741,0.30176,0.11903,129.792,1.924,PUSH
10.742,0.30176,0.11903,129.792,1.925,PUSH
10.743,0.30176,0.11903,129.792,1.924,PUSH
10.744,0.30176,0.11903,129.792,1.924,PUSH
10.745,0.30176,0.11903,129.792,1.923,PUSH
10.746,0.30176,0.11903,129.792,1.922,PUSH
10.747,0.30176,0.11903,129.792,1.922,PUSH
10.748,0.30176,0.11903,129.792,1.921,PUSH
10.749,0.30176,0.11903,129.792,1.92,PUSH
10.75,0.30176,0.11903,129.792,1.919,PUSH
10.751,0.30176,0.11903,129.792,1.919,PUSH
10.752,0.30176,0.11903,129.792,1.917,PUSH
10.753,0.30176,0.11903,129.792,1.916,PUSH
10.754,0.30176,0.11903,129.792,1.916,PUSH
10.755,0.30176,0.11903,129.792,1.914,PUSH
10.756,0.30176,0.11903,129.792,1.913,PUSH
10.757,0.30176,0.11903,129.792,1.912,PUSH
10.758,0.30176,0.11903,129.792,1.911,PUSH
10.759,0.30176,0.11903,129.792,1.91,PUSH
10.76,0.30176,0.11903,129.792,1.909,PUSH
10.761,0.30176,0.11903,129.792,1.908,PUSH
10.762,0.30176,0.11903,129.792,1.907,PUSH
10.763,0.30176,0.11903,129.792,1.906,PUSH
10.764,0.30176,0.11903,129.792,1.904,PUSH
10.765,0.30176,0.11903,129.792,1.902,PUSH
10.766,0.30176,0.11903,129.792,1.901,PUSH
10.767,0.30392,0.11812,129.847,2.382,PUSH
10.768,0.30392,0.11812,129.847,2.383,PUSH
10.769,0.30392,0.11812,129.847,2.383,PUSH
10.77,0.30392,0.11812,129.847,2.384,PUSH
10.771,0.30392,0.11812,129.847,2.383,PUSH
10.772,0.30392,0.11812,129.847,2.382,PUSH
10.773,0.30392,0.11812,129.847,2.381,PUSH
10.774,0.30392,0.11812,129.847,2.38,PUSH
10.775,0.30392,0.11812,129.847,2.38,PUSH
10.776,0.30392,0.11812,129.847,2.38,PUSH
10.777,0.30392,0.11812,129.847,2.378,PUSH
10.778,0.30392,0.11812,129.847,2.377,PUSH
10.779,0.30392,0.11812,129.847,2.376,PUSH
10.78,0.30392,0.11812,129.847,2.374,PUSH
10.781,0.30392,0.11812,129.847,2.374,PUSH
10.782,0.30392,0.11812,129.847,2.372,PUSH
10.783,0.30392,0.11812,129.847,2.371,PUSH
10.784,0.30392,0.11812,129.847,2.37,PUSH
10.785,0.30392,0.11812,129.847,2.368,PUSH
10.786,0.30392,0.11812,129.847,2.366,PUSH
10.787,0.30392,0.11812,129.847,2.365,PUSH
10.788,0.30392,0.11812,129.847,2.364,PUSH
10.789,0.30392,0.11812,129.847,2.363,PUSH
10.79,0.30392,0.11812,129.847,2.361,PUSH
10.791,0.30392,0.11812,129.847,2.359,PUSH
10.792,0.30392,0.11812,129.847,2.357,PUSH
10.793,0.30392,0.11812,129.847,2.355,PUSH
10.794,0.30392,0.11812,129.847,2.355,PUSH
10.795,0.30392,0.11812,129.847,2.353,PUSH
10.796,0.30392,0.11812,129.847,2.351,PUSH
10.797,0.30392,0.11812,129.847,2.349,PUSH
10.798,0.30392,0.11812,129.847,2.347,PUSH
10.799,0.30392,0.11812,129.847,2.345,PUSH
10.8,0.30392,0.11812,129.847,2.343,PUSH
10.801,0.30696,0.11878,131.732,6.821,PUSH
10.802,0.30696,0.11878,131.732,6.818,PUSH
10.803,0.30696,0.11878,131.732,6.816,PUSH
10.804,0.30696,0.11878,131.732,6.812,PUSH
10.805,0.30696,0.11878,131.732,6.808,PUSH
10.806,0.30696,0.11878,131.732,6.803,PUSH
10.807,0.30696,0.11878,131.732,6.799,PUSH
10.808,0.30696,0.11878,131.732,6.796,PUSH
10.809,0.30696,0.11878,131.732,6.791,PUSH
10.81,0.30696,0.11878,131.732,6.786,PUSH
10.811,0.30696,0.11878,131.732,6.78,PUSH
10.812,0.30696,0.11878,131.732,6.776,PUSH
10.813,0.30696,0.11878,131.732,6.772,PUSH
10.814,0.30696,0.11878,131.732,6.767,PUSH
10.815,0.30696,0.11878,131.732,6.761,PUSH
10.816,0.30696,0.11878,131.732,6.755,PUSH
10.817,0.30696,0.11878,131.732,6.75,PUSH
10.818,0.30696,0.11878,131.732,6.746,PUSH
10.819,0.30696,0.11878,131.732,6.741,PUSH
10.82,0.30696,0.11878,131.732,6.735,PUSH
10.821,0.30696,0.11878,131.732,6.728,PUSH
10.822,0.30696,0.11878,131.732,6.723,PUSH
10.823,0.30696,0.11878,131.732,6.719,PUSH
10.824,0.30696,0.11878,131.732,6.713,PUSH
10.825,0.30696,0.11878,131.732,6.707,PUSH
10.826,0.30696,0.11878,131.732,6.701,PUSH
10.827,0.30696,0.11878,131.732,6.695,PUSH
10.828,0.30696,0.11878,131.732,6.691,PUSH
10.829,0.30696,0.11878,131.732,6.685,PUSH
10.83,0.30696,0.11878,131.732,6.679,PUSH
10.831,0.30696,0.11878,131.732,6.672,PUSH
10.832,0.30696,0.11878,131.732,6.667,PUSH
10.833,0.30696,0.11878,131.732,6.662,PUSH
10.834,0.30586,0.11877,131.253,4.873,PUSH
10.835,0.30586,0.11877,131.253,4.867,PUSH
10.836,0.30586,0.11877,131.253,4.861,PUSH
10.837,0.30586,0.11877,131.253,4.856,PUSH
10.838,0.30586,0.11877,131.253,4.852,PUSH
10.839,0.30586,0.11877,131.253,4.847,PUSH
10.84,0.30586,0.11877,131.253,4.842,PUSH
10.841,0.30586,0.11877,131.253,4.836,PUSH
10.842,0.30586,0.11877,131.253,4.831,PUSH
10.843,0.30586,0.11877,131.253,4.828,PUSH
10.844,0.30586,0.11877,131.253,4.823,PUSH
10.845,0.30586,0.11877,131.253,4.818,PUSH
10.846,0.30586,0.11877,131.253,4.812,PUSH
10.847,0.30586,0.11877,131.253,4.808,PUSH
10.848,0.30586,0.11877,131.253,4.803,PUSH
10.849,0.30586,0.11877,131.253,4.799,PUSH
10.85,0.30586,0.11877,131.253,4.794,PUSH
10.851,0.30586,0.11877,131.253,4.789,PUSH
10.852,0.30586,0.11877,131.253,4.785,PUSH
10.853,0.30586,0.11877,131.253,4.78,PUSH
10.854,0.30586,0.11877,131.253,4.775,PUSH
10.855,0.30586,0.11877,131.253,4.77,PUSH
10.856,0.30586,0.11877,131.253,4.766,PUSH
10.857,0.30586,0.11877,131.253,4.761,PUSH
10.858,0.30586,0.11877,131.253,4.756,PUSH
10.859,0.30586,0.11877,131.253,4.752,PUSH
10.86,0.30586,0.11877,131.253,4.748,PUSH
10.861,0.30586,0.11877,131.253,4.743,PUSH
10.862,0.30586,0.11877,131.253,4.738,PUSH
10.863,0.30586,0.11877,131.253,4.733,PUSH
10.864,0.30586,0.11877,131.253,4.729,PUSH
10.865,0.30586,0.11877,131.253,4.725,PUSH
10.866,0.30586,0.11877,131.253,4.721,PUSH
10.867,0.30381,0.12008,131.583,0.414,PUSH
10.868,0.30381,0.12008,131.583,0.41,PUSH
10.869,0.30381,0.12008,131.583,0.407,PUSH
10.87,0.30381,0.12008,131.583,0.404,PUSH
10.871,0.30381,0.12008,131.583,0.402,PUSH
10.872,0.30381,0.12008,131.583,0.4,PUSH
10.873,0.30381,0.12008,131.583,0.398,PUSH
10.874,0.30381,0.12008,131.583,0.396,PUSH
10.875,0.30381,0.12008,131.583,0.394,PUSH
10.876,0.30381,0.12008,131.583,0.392,PUSH
10.877,0.30381,0.12008,131.583,0.391,PUSH
10.878,0.30381,0.12008,131.583,0.389,PUSH
10.879,0.30381,0.12008,131.583,0.387,PUSH
10.88,0.30381,0.12008,131.583,0.386,PUSH
10.881,0.30381,0.12008,131.583,0.384,PUSH
10.882,0.30381,0.12008,131.583,0.382,PUSH
10.883,0.30381,0.12008,131.583,0.381,PUSH
10.884,0.30381,0.12008,131.583,0.38,PUSH
10.885,0.30381,0.12008,131.583,0.378,PUSH
10.886,0.30381,0.12008,131.583,0.377,PUSH
10.887,0.30381,0.12008,131.583,0.376,PUSH
10.888,0.30381,0.12008,131.583,0.375,PUSH
10.889,0.30381,0.12008,131.583,0.374,PUSH
10.89,0.30381,0.12008,131.583,0.373,PUSH
10.891,0.30381,0.12008,131.583,0.371,PUSH
10.892,0.30381,0.12008,131.583,0.371,PUSH
10.893,0.30381,0.12008,131.583,0.37,PUSH
10.894,0.30381,0.12008,131.583,0.369,PUSH
10.895,0.30381,0.12008,131.583,0.368,PUSH
10.896,0.30381,0.12008,131.583,0.367,PUSH
10.897,0.30381,0.12008,131.583,0.366,PUSH
10.898,0.30381,0.12008,131.583,0.366,PUSH
10.899,0.30381,0.12008,131.583,0.365,PUSH
10.9,0.30381,0.12008,131.583,0.364,PUSH
10.901,0.30819,0.11975,133.144,7.637,PUSH
10.902,0.30819,0.11975,133.144,7.635,PUSH
10.903,0.30819,0.11975,133.144,7.631,PUSH
10.904,0.30819,0.11975,133.144,7.628,PUSH
10.905,0.30819,0.11975,133.144,7.624,PUSH
10.906,0.30819,0.11975,133.144,7.619,PUSH
10.907,0.30819,0.11975,133.144,7.615,PUSH
10.908,0.30819,0.11975,133.144,7.609,PUSH
10.909,0.30819,0.11975,133.144,7.604,PUSH
10.91,0.30819,0.11975,133.144,7.599,PUSH
10.911,0.30819,0.11975,133.144,7.593,PUSH
10.912,0.30819,0.11975,133.144,7.589,PUSH
10.913,0.30819,0.11975,133.144,7.583,PUSH
10.914,0.30819,0.11975,133.144,7.577,PUSH
10.915,0.30819,0.11975,133.144,7.571,PUSH
10.916,0.30819,0.11975,133.144,7.565,PUSH
10.917,0.30819,0.11975,133.144,7.56,PUSH
10.918,0.30819,0.11975,133.144,7.554,PUSH
10.919,0.30819,0.11975,133.144,7.547,PUSH
10.92,0.30819,0.11975,133.144,7.541,PUSH
10.921,0.30819,0.11975,133.144,7.535,PUSH
10.922,0.30819,0.11975,133.144,7.528,PUSH
10.923,0.30819,0.11975,133.144,7.522,PUSH
10.924,0.30819,0.11975,133.144,7.515,PUSH
10.925,0.30819,0.11975,133.144,7.509,PUSH
10.926,0.30819,0.11975,133.144,7.502,PUSH
10.927,0.30819,0.11975,133.144,7.495,PUSH
10.928,0.30819,0.11975,133.144,7.489,PUSH
10.929,0.30819,0.11975,133.144,7.482,PUSH
10.93,0.30819,0.11975,133.144,7.474,PUSH
10.931,0.30819,0.11975,133.144,7.468,PUSH
10.932,0.30819,0.11975,133.144,7.461,PUSH
10.933,0.30819,0.11975,133.144,7.455,PUSH
10.934,0.30483,0.11595,128.255,4.961,PUSH
10.935,0.30483,0.11595,128.255,4.954,PUSH
10.936,0.30483,0.11595,128.255,4.948,PUSH
10.937,0.30483,0.11595,128.255,4.942,PUSH
10.938,0.30483,0.11595,128.255,4.936,PUSH
10.939,0.30483,0.11595,128.255,4.931,PUSH
10.94,0.30483,0.11595,128.255,4.925,PUSH
10.941,0.30483,0.11595,128.255,4.92,PUSH
10.942,0.30483,0.11595,128.255,4.915,PUSH
10.943,0.30483,0.11595,128.255,4.909,PUSH
10.944,0.30483,0.11595,128.255,4.903,PUSH
10.945,0.30483,0.11595,128.255,4.898,PUSH
10.946,0.30483,0.11595,128.255,4.893,PUSH
10.947,0.30483,0.11595,128.255,4.888,PUSH
10.948,0.30483,0.11595,128.255,4.883,PUSH
10.949,0.30483,0.11595,128.255,4.877,PUSH
10.95,0.30483,0.11595,128.255,4.872,PUSH
10.951,0.30483,0.11595,128.255,4.867,PUSH
10.952,0.30483,0.11595,128.255,4.861,PUSH
10.953,0.30483,0.11595,128.255,4.856,PUSH
10.954,0.30483,0.11595,128.255,4.851,PUSH
10.955,0.30483,0.11595,128.255,4.846,PUSH
10.956,0.30483,0.11595,128.255,4.841,PUSH
10.957,0.30483,0.11595,128.255,4.836,PUSH
10.958,0.30483,0.11595,128.255,4.83,PUSH
10.959,0.30483,0.11595,128.255,4.826,PUSH
10.96,0.30483,0.11595,128.255,4.822,PUSH
10.961,0.30483,0.11595,128.255,4.817,PUSH
10.962,0.30483,0.11595,128.255,4.812,PUSH
10.963,0.30483,0.11595,128.255,4.806,PUSH
10.964,0.30483,0.11595,128.255,4.801,PUSH
10.965,0.30483,0.11595,128.255,4.796,PUSH
10.966,0.30483,0.11595,128.255,4.791,PUSH
10.967,0.30734,0.11183,125.671,12.276,PUSH
10.968,0.30734,0.11183,125.671,12.269,PUSH
10.969,0.30734,0.11183,125.671,12.262,PUSH
10.97,0.30734,0.11183,125.671,12.254,PUSH
10.971,0.30734,0.11183,125.671,12.245,PUSH
10.972,0.30734,0.11183,125.671,12.235,PUSH
10.973,0.30734,0.11183,125.671,12.226,PUSH
10.974,0.30734,0.11183,125.671,12.217,PUSH
10.975,0.30734,0.11183,125.671,12.206,PUSH
10.976,0.30734,0.11183,125.671,12.196,PUSH
10.977,0.30734,0.11183,125.671,12.184,PUSH
10.978,0.30734,0.11183,125.671,12.174,PUSH
10.979,0.30734,0.11183,125.671,12.165,PUSH
10.98,0.30734,0.11183,125.671,12.154,PUSH
10.981,0.30734,0.11183,125.671,12.143,PUSH
10.982,0.30734,0.11183,125.671,12.132,PUSH
10.983,0.30734,0.11183,125.671,12.121,PUSH
10.984,0.30734,0.11183,125.671,12.11,PUSH
10.985,0.30734,0.11183,125.671,12.099,PUSH
10.986,0.30734,0.11183,125.671,12.087,PUSH
10.987,0.30734,0.11183,125.671,12.076,PUSH
10.988,0.30734,0.11183,125.671,12.064,PUSH
10.989,0.30734,0.11183,125.671,12.053,PUSH
10.99,0.30734,0.11183,125.671,12.041,PUSH
10.991,0.30734,0.11183,125.671,12.029,PUSH
10.992,0.30734,0.11183,125.671,12.018,PUSH
10.993,0.30734,0.11183,125.671,12.006,PUSH
10.994,0.30734,0.11183,125.671,11.995,PUSH
10.995,0.30734,0.11183,125.671,11.983,PUSH
10.996,0.30734,0.11183,125.671,11.97,PUSH
10.997,0.30734,0.11183,125.671,11.958,PUSH
10.998,0.30734,0.11183,125.671,11.946,PUSH
10.999,0.30734,0.11183,125.671,11.935,PUSH
11.0,0.30734,0.11183,125.671,11.922,PUSH
11.001,0.30453,0.1132,125.654,6.118,PUSH
11.002,0.30453,0.1132,125.654,6.107,PUSH
11.003,0.30453,0.1132,125.654,6.096,PUSH
11.004,0.30453,0.1132,125.654,6.086,PUSH
11.005,0.30453,0.1132,125.654,6.077,PUSH
11.006,0.30453,0.1132,125.654,6.069,PUSH
11.007,0.30453,0.1132,125.654,6.06,PUSH
11.008,0.30453,0.1132,125.654,6.051,PUSH
11.009,0.30453,0.1132,125.654,6.042,PUSH
11.01,0.30453,0.1132,125.654,6.034,PUSH
11.011,0.30453,0.1132,125.654,6.025,PUSH
11.012,0.30453,0.1132,125.654,6.018,PUSH
11.013,0.30453,0.1132,125.654,6.01,PUSH
11.014,0.30453,0.1132,125.654,6.001,PUSH
11.015,0.30453,0.1132,125.654,5.992,PUSH
11.016,0.30453,0.1132,125.654,5.985,PUSH
11.017,0.30453,0.1132,125.654,5.978,PUSH
11.018,0.30453,0.1132,125.654,5.971,PUSH
11.019,0.30453,0.1132,125.654,5.963,PUSH
11.02,0.30453,0.1132,125.654,5.954,PUSH
11.021,0.30453,0.1132,125.654,5.946,PUSH
11.022,0.30453,0.1132,125.654,5.939,PUSH
11.023,0.30453,0.1132,125.654,5.932,PUSH
11.024,0.30453,0.1132,125.654,5.925,PUSH
11.025,0.30453,0.1132,125.654,5.918,PUSH
11.026,0.30453,0.1132,125.654,5.91,PUSH
11.027,0.30453,0.1132,125.654,5.903,PUSH
11.028,0.30453,0.1132,125.654,5.895,PUSH
11.029,0.30453,0.1132,125.654,5.888,PUSH
11.03,0.30453,0.1132,125.654,5.881,PUSH
11.031,0.30453,0.1132,125.654,5.874,PUSH
11.032,0.30453,0.1132,125.654,5.868,PUSH
11.033,0.30453,0.1132,125.654,5.861,PUSH
11.034,0.30537,0.11003,123.181,9.869,PUSH
11.035,0.30537,0.11003,123.181,9.861,PUSH
11.036,0.30537,0.11003,123.181,9.853,PUSH
11.037,0.30537,0.11003,123.181,9.844,PUSH
11.038,0.30537,0.11003,123.181,9.836,PUSH
11.039,0.30537,0.11003,123.181,9.827,PUSH
11.04,0.30537,0.11003,123.181,9.817,PUSH
11.041,0.30537,0.11003,123.181,9.807,PUSH
11.042,0.30537,0.11003,123.181,9.798,PUSH
11.043,0.30537,0.11003,123.181,9.789,PUSH
11.044,0.30537,0.11003,123.181,9.78,PUSH
11.045,0.30537,0.11003,123.181,9.77,PUSH
11.046,0.30537,0.11003,123.181,9.76,PUSH
11.047,0.30537,0.11003,123.181,9.75,PUSH
11.048,0.30537,0.11003,123.181,9.74,PUSH
11.049,0.30537,0.11003,123.181,9.731,PUSH
11.05,0.30537,0.11003,123.181,9.721,PUSH
11.051,0.30537,0.11003,123.181,9.711,PUSH
11.052,0.30537,0.11003,123.181,9.702,PUSH
11.053,0.30537,0.11003,123.181,9.692,PUSH
11.054,0.30537,0.11003,123.181,9.681,PUSH
11.055,0.30537,0.11003,123.181,9.672,PUSH
11.056,0.30537,0.11003,123.181,9.662,PUSH
11.057,0.30537,0.11003,123.181,9.652,PUSH
11.058,0.30537,0.11003,123.181,9.642,PUSH
11.059,0.30537,0.11003,123.181,9.632,PUSH
11.06,0.30537,0.11003,123.181,9.621,PUSH
11.061,0.30537,0.11003,123.181,9.611,PUSH
11.062,0.30537,0.11003,123.181,9.602,PUSH
11.063,0.30537,0.11003,123.181,9.592,PUSH
11.064,0.30537,0.11003,123.181,9.581,PUSH
11.065,0.30537,0.11003,123.181,9.57,PUSH
11.066,0.30537,0.11003,123.181,9.56,PUSH
11.067,0.30411,0.10983,122.43,7.589,PUSH
11.068,0.30411,0.10983,122.43,7.579,PUSH
11.069,0.30411,0.10983,122.43,7.569,PUSH
11.07,0.30411,0.10983,122.43,7.559,PUSH
11.071,0.30411,0.10983,122.43,7.55,PUSH
11.072,0.30411,0.10983,122.43,7.541,PUSH
11.073,0.30411,0.10983,122.43,7.531,PUSH
11.074,0.30411,0.10983,122.43,7.522,PUSH
11.075,0.30411,0.10983,122.43,7.513,PUSH
11.076,0.30411,0.10983,122.43,7.503,PUSH
11.077,0.30411,0.10983,122.43,7.494,PUSH
11.078,0.30411,0.10983,122.43,7.485,PUSH
11.079,0.30411,0.10983,122.43,7.476,PUSH
11.08,0.30411,0.10983,122.43,7.467,PUSH
11.081,0.30411,0.10983,122.43,7.458,PUSH
11.082,0.30411,0.10983,122.43,7.449,PUSH
11.083,0.30411,0.10983,122.43,7.441,PUSH
11.084,0.30411,0.10983,122.43,7.432,PUSH
11.085,0.30411,0.10983,122.43,7.423,PUSH
11.086,0.30411,0.10983,122.43,7.414,PUSH
11.087,0.30411,0.10983,122.43,7.405,PUSH
11.088,0.30411,0.10983,122.43,7.396,PUSH
11.089,0.30411,0.10983,122.43,7.388,PUSH
11.09,0.30411,0.10983,122.43,7.379,PUSH
11.091,0.30411,0.10983,122.43,7.37,PUSH
11.092,0.30411,0.10983,122.43,7.362,PUSH
11.093,0.30411,0.10983,122.43,7.353,PUSH
11.094,0.30411,0.10983,122.43,7.344,PUSH
11.095,0.30411,0.10983,122.43,7.336,PUSH
11.096,0.30411,0.10983,122.43,7.328,PUSH
11.097,0.30411,0.10983,122.43,7.319,PUSH
11.098,0.30411,0.10983,122.43,7.311,PUSH
11.099,0.30411,0.10983,122.43,7.302,PUSH
11.1,0.30411,0.10983,122.43,7.293,PUSH
11.101,0.30126,0.10925,120.678,2.901,PUSH
11.102,0.30126,0.10925,120.678,2.893,PUSH
11.103,0.30126,0.10925,120.678,2.886,PUSH
11.104,0.30126,0.10925,120.678,2.88,PUSH
11.105,0.30126,0.10925,120.678,2.873,PUSH
11.106,0.30126,0.10925,120.678,2.867,PUSH
11.107,0.30126,0.10925,120.678,2.862,PUSH
11.108,0.30126,0.10925,120.678,2.856,PUSH
11.109,0.30126,0.10925,120.678,2.85,PUSH
11.11,0.30126,0.10925,120.678,2.845,PUSH
11.111,0.30126,0.10925,120.678,2.84,PUSH
11.112,0.30126,0.10925,120.678,2.834,PUSH
11.113,0.30126,0.10925,120.678,2.83,PUSH
11.114,0.30126,0.10925,120.678,2.825,PUSH
11.115,0.30126,0.10925,120.678,2.82,PUSH
11.116,0.30126,0.10925,120.678,2.814,PUSH
11.117,0.30126,0.10925,120.678,2.81,PUSH
11.118,0.30126,0.10925,120.678,2.805,PUSH
11.119,0.30126,0.10925,120.678,2.801,PUSH
11.12,0.30126,0.10925,120.678,2.797,PUSH
11.121,0.30126,0.10925,120.678,2.792,PUSH
11.122,0.30126,0.10925,120.678,2.787,PUSH
11.123,0.30126,0.10925,120.678,2.782,PUSH
11.124,0.30126,0.10925,120.678,2.778,PUSH
11.125,0.30126,0.10925,120.678,2.773,PUSH
11.126,0.30126,0.10925,120.678,2.769,PUSH
11.127,0.30126,0.10925,120.678,2.764,PUSH
11.128,0.30126,0.10925,120.678,2.759,PUSH
11.129,0.30126,0.10925,120.678,2.755,PUSH
11.13,0.30126,0.10925,120.678,2.751,PUSH
11.131,0.30126,0.10925,120.678,2.746,PUSH
11.132,0.30126,0.10925,120.678,2.743,PUSH
11.133,0.30126,0.10925,120.678,2.739,PUSH
11.134,0.30235,0.11174,123.4,2.597,PUSH
11.135,0.30235,0.11174,123.4,2.592,PUSH
11.136,0.30235,0.11174,123.4,2.589,PUSH
11.137,0.30235,0.11174,123.4,2.585,PUSH
11.138,0.30235,0.11174,123.4,2.581,PUSH
11.139,0.30235,0.11174,123.4,2.578,PUSH
11.14,0.30235,0.11174,123.4,2.574,PUSH
11.141,0.30235,0.11174,123.4,2.57,PUSH
11.142,0.30235,0.11174,123.4,2.567,PUSH
11.143,0.30235,0.11174,123.4,2.563,PUSH
11.144,0.30235,0.11174,123.4,2.559,PUSH
11.145,0.30235,0.11174,123.4,2.556,PUSH
11.146,0.30235,0.11174,123.4,2.553,PUSH
11.147,0.30235,0.11174,123.4,2.549,PUSH
11.148,0.30235,0.11174,123.4,2.546,PUSH
11.149,0.30235,0.11174,123.4,2.542,PUSH
11.15,0.30235,0.11174,123.4,2.539,PUSH
11.151,0.30235,0.11174,123.4,2.535,PUSH
11.152,0.30235,0.11174,123.4,2.531,PUSH
11.153,0.30235,0.11174,123.4,2.529,PUSH
11.154,0.30235,0.11174,123.4,2.526,PUSH
11.155,0.30235,0.11174,123.4,2.522,PUSH
11.156,0.30235,0.11174,123.4,2.518,PUSH
11.157,0.30235,0.11174,123.4,2.514,PUSH
11.158,0.30235,0.11174,123.4,2.511,PUSH
11.159,0.30235,0.11174,123.4,2.507,PUSH
11.16,0.30235,0.11174,123.4,2.504,PUSH
11.161,0.30235,0.11174,123.4,2.501,PUSH
11.162,0.30235,0.11174,123.4,2.497,PUSH
11.163,0.30235,0.11174,123.4,2.495,PUSH
11.164,0.30235,0.11174,123.4,2.492,PUSH
11.165,0.30235,0.11174,123.4,2.488,PUSH
11.166,0.30235,0.11174,123.4,2.485,PUSH
11.167,0.30102,0.11264,123.656,0.466,PUSH
11.168,0.30102,0.11264,123.656,0.469,PUSH
11.169,0.30102,0.11264,123.656,0.47,PUSH
11.17,0.30102,0.11264,123.656,0.472,PUSH
11.171,0.30102,0.11264,123.656,0.474,PUSH
11.172,0.30102,0.11264,123.656,0.476,PUSH
11.173,0.30102,0.11264,123.656,0.478,PUSH
11.174,0.30102,0.11264,123.656,0.479,PUSH
11.175,0.30102,0.11264,123.656,0.481,PUSH
11.176,0.30102,0.11264,123.656,0.482,PUSH
11.177,0.30102,0.11264,123.656,0.483,PUSH
11.178,0.30102,0.11264,123.656,0.484,PUSH
11.179,0.30102,0.11264,123.656,0.485,PUSH
11.18,0.30102,0.11264,123.656,0.486,PUSH
11.181,0.30102,0.11264,123.656,0.487,PUSH
11.182,0.30102,0.11264,123.656,0.487,PUSH
11.183,0.30102,0.11264,123.656,0.488,PUSH
11.184,0.30102,0.11264,123.656,0.49,PUSH
11.185,0.30102,0.11264,123.656,0.491,PUSH
11.186,0.30102,0.11264,123.656,0.491,PUSH
11.187,0.30102,0.11264,123.656,0.492,PUSH
11.188,0.30102,0.11264,123.656,0.492,PUSH
11.189,0.30102,0.11264,123.656,0.493,PUSH
11.19,0.30102,0.11264,123.656,0.494,PUSH
11.191,0.30102,0.11264,123.656,0.495,PUSH
11.192,0.30102,0.11264,123.656,0.495,PUSH
11.193,0.30102,0.11264,123.656,0.495,PUSH
11.194,0.30102,0.11264,123.656,0.496,PUSH
11.195,0.30102,0.11264,123.656,0.496,PUSH
11.196,0.30102,0.11264,123.656,0.497,PUSH
11.197,0.30102,0.11264,123.656,0.497,PUSH
11.198,0.30102,0.11264,123.656,0.497,PUSH
11.199,0.30102,0.11264,123.656,0.497,PUSH
11.2,0.30285,0.11465,126.247,1.021,PUSH
11.201,0.30285,0.11465,126.247,1.021,PUSH
11.202,0.30285,0.11465,126.247,1.02,PUSH
11.203,0.30285,0.11465,126.247,1.019,PUSH
11.204,0.30285,0.11465,126.247,1.018,PUSH
11.205,0.30285,0.11465,126.247,1.017,PUSH
11.206,0.30285,0.11465,126.247,1.016,PUSH
11.207,0.30285,0.11465,126.247,1.015,PUSH
11.208,0.30285,0.11465,126.247,1.014,PUSH
11.209,0.30285,0.11465,126.247,1.012,PUSH
11.21,0.30285,0.11465,126.247,1.012,PUSH
11.211,0.30285,0.11465,126.247,1.01,PUSH
11.212,0.30285,0.11465,126.247,1.009,PUSH
11.213,0.30285,0.11465,126.247,1.008,PUSH
11.214,0.30285,0.11465,126.247,1.007,PUSH
11.215,0.30285,0.11465,126.247,1.005,PUSH
11.216,0.30285,0.11465,126.247,1.005,PUSH
11.217,0.30285,0.11465,126.247,1.003,PUSH
11.218,0.30285,0.11465,126.247,1.002,PUSH
11.219,0.30285,0.11465,126.247,1.001,PUSH
11.22,0.30285,0.11465,126.247,1.0,PUSH
11.221,0.30285,0.11465,126.247,0.998,PUSH
11.222,0.30285,0.11465,126.247,0.998,PUSH
11.223,0.30285,0.11465,126.247,0.996,PUSH
11.224,0.30285,0.11465,126.247,0.995,PUSH
11.225,0.30285,0.11465,126.247,0.994,PUSH
11.226,0.30285,0.11465,126.247,0.993,PUSH
11.227,0.30285,0.11465,126.247,0.991,PUSH
11.228,0.30285,0.11465,126.247,0.991,PUSH
11.229,0.30285,0.11465,126.247,0.989,PUSH
11.23,0.30285,0.11465,126.247,0.988,PUSH
11.231,0.30285,0.11465,126.247,0.987,PUSH
11.232,0.30285,0.11465,126.247,0.986,PUSH
11.233,0.30285,0.11465,126.247,0.984,PUSH
11.234,0.30302,0.11032,122.398,4.664,PUSH
11.235,0.30302,0.11032,122.398,4.662,PUSH
11.236,0.30302,0.11032,122.398,4.659,PUSH
11.237,0.30302,0.11032,122.398,4.657,PUSH
11.238,0.30302,0.11032,122.398,4.654,PUSH
11.239,0.30302,0.11032,122.398,4.651,PUSH
11.24,0.30302,0.11032,122.398,4.648,PUSH
11.241,0.30302,0.11032,122.398,4.645,PUSH
11.242,0.30302,0.11032,122.398,4.641,PUSH
11.243,0.30302,0.11032,122.398,4.638,PUSH
11.244,0.30302,0.11032,122.398,4.634,PUSH
11.245,0.30302,0.11032,122.398,4.631,PUSH
11.246,0.30302,0.11032,122.398,4.628,PUSH
11.247,0.30302,0.11032,122.398,4.624,PUSH
11.248,0.30302,0.11032,122.398,4.62,PUSH
11.249,0.30302,0.11032,122.398,4.617,PUSH
11.25,0.30302,0.11032,122.398,4.612,PUSH
11.251,0.30302,0.11032,122.398,4.609,PUSH
11.252,0.30302,0.11032,122.398,4.605,PUSH
11.253,0.30302,0.11032,122.398,4.602,PUSH
11.254,0.30302,0.11032,122.398,4.598,PUSH
11.255,0.30302,0.11032,122.398,4.594,PUSH
11.256,0.30302,0.11032,122.398,4.59,PUSH
11.257,0.30302,0.11032,122.398,4.586,PUSH
11.258,0.30302,0.11032,122.398,4.582,PUSH
11.259,0.30302,0.11032,122.398,4.578,PUSH
11.26,0.30302,0.11032,122.398,4.574,PUSH
11.261,0.30302,0.11032,122.398,4.569,PUSH
11.262,0.30302,0.11032,122.398,4.566,PUSH
11.263,0.30302,0.11032,122.398,4.562,PUSH
11.264,0.30302,0.11032,122.398,4.558,PUSH
11.265,0.30302,0.11032,122.398,4.554,PUSH
11.266,0.30302,0.11032,122.398,4.55,PUSH
11.267,0.30158,0.10753,119.257,4.361,PUSH
11.268,0.30158,0.10753,119.257,4.357,PUSH
11.269,0.30158,0.10753,119.257,4.354,PUSH
11.27,0.30158,0.10753,119.257,4.35,PUSH
11.271,0.30158,0.10753,119.257,4.346,PUSH
11.272,0.30158,0.10753,119.257,4.341,PUSH
11.273,0.30158,0.10753,119.257,4.338,PUSH
11.274,0.30158,0.10753,119.257,4.334,PUSH
11.275,0.30158,0.10753,119.257,4.33,PUSH
11.276,0.30158,0.10753,119.257,4.326,PUSH
11.277,0.30158,0.10753,119.257,4.322,PUSH
11.278,0.30158,0.10753,119.257,4.318,PUSH
11.279,0.30158,0.10753,119.257,4.314,PUSH
11.28,0.30158,0.10753,119.257,4.309,PUSH
11.281,0.30158,0.10753,119.257,4.306,PUSH
11.282,0.30158,0.10753,119.257,4.302,PUSH
11.283,0.30158,0.10753,119.257,4.297,PUSH
11.284,0.30158,0.10753,119.257,4.294,PUSH
11.285,0.30158,0.10753,119.257,4.29,PUSH
11.286,0.30158,0.10753,119.257,4.286,PUSH
11.287,0.30158,0.10753,119.257,4.282,PUSH
11.288,0.30158,0.10753,119.257,4.278,PUSH
11.289,0.30158,0.10753,119.257,4.273,PUSH
11.29,0.30158,0.10753,119.257,4.27,PUSH
11.291,0.30158,0.10753,119.257,4.267,PUSH
11.292,0.30158,0.10753,119.257,4.263,PUSH
11.293,0.30158,0.10753,119.257,4.259,PUSH
11.294,0.30158,0.10753,119.257,4.254,PUSH
11.295,0.30158,0.10753,119.257,4.25,PUSH
11.296,0.30158,0.10753,119.257,4.246,PUSH
11.297,0.30158,0.10753,119.257,4.241,PUSH
11.298,0.30158,0.10753,119.257,4.238,PUSH
11.299,0.30158,0.10753,119.257,4.235,PUSH
11.3,0.30158,0.10753,119.257,4.231,PUSH
11.301,0.30252,0.10711,119.296,6.201,PUSH
11.302,0.30252,0.10711,119.296,6.196,PUSH
11.303,0.30252,0.10711,119.296,6.191,PUSH
11.304,0.30252,0.10711,119.296,6.186,PUSH
11.305,0.30252,0.10711,119.296,6.182,PUSH
11.306,0.30252,0.10711,119.296,6.177,PUSH
11.307,0.30252,0.10711,119.296,6.172,PUSH
11.308,0.30252,0.10711,119.296,6.166,PUSH
11.309,0.30252,0.10711,119.296,6.161,PUSH
11.31,0.30252,0.10711,119.296,6.157,PUSH
11.311,0.30252,0.10711,119.296,6.152,PUSH
11.312,0.30252,0.10711,119.296,6.146,PUSH
11.313,0.30252,0.10711,119.296,6.14,PUSH
11.314,0.30252,0.10711,119.296,6.135,PUSH
11.315,0.30252,0.10711,119.296,6.129,PUSH
11.316,0.30252,0.10711,119.296,6.124,PUSH
11.317,0.30252,0.10711,119.296,6.119,PUSH
11.318,0.30252,0.10711,119.296,6.113,PUSH
11.319,0.30252,0.10711,119.296,6.108,PUSH
11.32,0.30252,0.10711,119.296,6.102,PUSH
11.321,0.30252,0.10711,119.296,6.096,PUSH
11.322,0.30252,0.10711,119.296,6.09,PUSH
11.323,0.30252,0.10711,119.296,6.085,PUSH
11.324,0.30252,0.10711,119.296,6.08,PUSH
11.325,0.30252,0.10711,119.296,6.074,PUSH
11.326,0.30252,0.10711,119.296,6.068,PUSH
11.327,0.30252,0.10711,119.296,6.063,PUSH
11.328,0.30252,0.10711,119.296,6.057,PUSH
11.329,0.30252,0.10711,119.296,6.05,PUSH
11.33,0.30252,0.10711,119.296,6.045,PUSH
11.331,0.30252,0.10711,119.296,6.039,PUSH
11.332,0.30252,0.10711,119.296,6.033,PUSH
11.333,0.30252,0.10711,119.296,6.028,PUSH
11.334,0.30023,0.105,116.397,3.823,PUSH
11.335,0.30023,0.105,116.397,3.819,PUSH
11.336,0.30023,0.105,116.397,3.813,PUSH
11.337,0.30023,0.105,116.397,3.808,PUSH
11.338,0.30023,0.105,116.397,3.804,PUSH
11.339,0.30023,0.105,116.397,3.799,PUSH
11.34,0.30023,0.105,116.397,3.794,PUSH
11.341,0.30023,0.105,116.397,3.79,PUSH
11.342,0.30023,0.105,116.397,3.785,PUSH
11.343,0.30023,0.105,116.397,3.78,PUSH
11.344,0.30023,0.105,116.397,3.776,PUSH
11.345,0.30023,0.105,116.397,3.772,PUSH
11.346,0.30023,0.105,116.397,3.767,PUSH
11.347,0.30023,0.105,116.397,3.763,PUSH
11.348,0.30023,0.105,116.397,3.759,PUSH
11.349,0.30023,0.105,116.397,3.754,PUSH
11.35,0.30023,0.105,116.397,3.75,PUSH
11.351,0.30023,0.105,116.397,3.746,PUSH
11.352,0.30023,0.105,116.397,3.742,PUSH
11.353,0.30023,0.105,116.397,3.738,PUSH
11.354,0.30023,0.105,116.397,3.734,PUSH
11.355,0.30023,0.105,116.397,3.729,PUSH
11.356,0.30023,0.105,116.397,3.725,PUSH
11.357,0.30023,0.105,116.397,3.721,PUSH
11.358,0.30023,0.105,116.397,3.717,PUSH
11.359,0.30023,0.105,116.397,3.713,PUSH
11.36,0.30023,0.105,116.397,3.709,PUSH
11.361,0.30023,0.105,116.397,3.705,PUSH
11.362,0.30023,0.105,116.397,3.701,PUSH
11.363,0.30023,0.105,116.397,3.697,PUSH
11.364,0.30023,0.105,116.397,3.693,PUSH
11.365,0.30023,0.105,116.397,3.689,PUSH
11.366,0.30023,0.105,116.397,3.685,PUSH
11.367,0.29977,0.10773,118.673,0.641,PUSH
11.368,0.29977,0.10773,118.673,0.638,PUSH
11.369,0.29977,0.10773,118.673,0.635,PUSH
11.37,0.29977,0.10773,118.673,0.632,PUSH
11.371,0.29977,0.10773,118.673,0.63,PUSH
11.372,0.29977,0.10773,118.673,0.628,PUSH
11.373,0.29977,0.10773,118.673,0.625,PUSH
11.374,0.29977,0.10773,118.673,0.624,PUSH
11.375,0.29977,0.10773,118.673,0.622,PUSH
11.376,0.29977,0.10773,118.673,0.62,PUSH
11.377,0.29977,0.10773,118.673,0.618,PUSH
11.378,0.29977,0.10773,118.673,0.616,PUSH
11.379,0.29977,0.10773,118.673,0.614,PUSH
11.38,0.29977,0.10773,118.673,0.613,PUSH
11.381,0.29977,0.10773,118.673,0.611,PUSH
11.382,0.29977,0.10773,118.673,0.609,PUSH
11.383,0.29977,0.10773,118.673,0.608,PUSH
11.384,0.29977,0.10773,118.673,0.607,PUSH
11.385,0.29977,0.10773,118.673,0.605,PUSH
11.386,0.29977,0.10773,118.673,0.604,PUSH
11.387,0.29977,0.10773,118.673,0.602,PUSH
11.388,0.29977,0.10773,118.673,0.601,PUSH
11.389,0.29977,0.10773,118.673,0.6,PUSH
11.39,0.29977,0.10773,118.673,0.598,PUSH
11.391,0.29977,0.10773,118.673,0.597,PUSH
11.392,0.29977,0.10773,118.673,0.596,PUSH
11.393,0.29977,0.10773,118.673,0.595,PUSH
11.394,0.29977,0.10773,118.673,0.593,PUSH
11.395,0.29977,0.10773,118.673,0.592,PUSH
11.396,0.29977,0.10773,118.673,0.591,PUSH
11.397,0.29977,0.10773,118.673,0.59,PUSH
11.398,0.29977,0.10773,118.673,0.589,PUSH
11.399,0.29977,0.10773,118.673,0.588,PUSH
11.4,0.29977,0.10773,118.673,0.587,PUSH
11.401,0.3041,0.10502,118.132,10.267,PUSH
11.402,0.3041,0.10502,118.132,10.264,PUSH
11.403,0.3041,0.10502,118.132,10.259,PUSH
11.404,0.3041,0.10502,118.132,10.255,PUSH
11.405,0.3041,0.10502,118.132,10.249,PUSH
11.406,0.3041,0.10502,118.132,10.242,PUSH
11.407,0.3041,0.10502,118.132,10.235,PUSH
11.408,0.3041,0.10502,118.132,10.228,PUSH
11.409,0.3041,0.10502,118.132,10.22,PUSH
11.41,0.3041,0.10502,118.132,10.213,PUSH
11.411,0.3041,0.10502,118.132,10.207,PUSH
11.412,0.3041,0.10502,118.132,10.199,PUSH
11.413,0.3041,0.10502,118.132,10.191,PUSH
11.414,0.3041,0.10502,118.132,10.183,PUSH
11.415,0.3041,0.10502,118.132,10.175,PUSH
11.416,0.3041,0.10502,118.132,10.166,PUSH
11.417,0.3041,0.10502,118.132,10.158,PUSH
11.418,0.3041,0.10502,118.132,10.15,PUSH
11.419,0.3041,0.10502,118.132,10.142,PUSH
11.42,0.3041,0.10502,118.132,10.133,PUSH
11.421,0.3041,0.10502,118.132,10.123,PUSH
11.422,0.3041,0.10502,118.132,10.114,PUSH
11.423,0.3041,0.10502,118.132,10.106,PUSH
11.424,0.3041,0.10502,118.132,10.097,PUSH
11.425,0.3041,0.10502,118.132,10.088,PUSH
11.426,0.3041,0.10502,118.132,10.078,PUSH
11.427,0.3041,0.10502,118.132,10.069,PUSH
11.428,0.3041,0.10502,118.132,10.06,PUSH
11.429,0.3041,0.10502,118.132,10.051,PUSH
11.43,0.3041,0.10502,118.132,10.041,PUSH
11.431,0.3041,0.10502,118.132,10.031,PUSH
11.432,0.3041,0.10502,118.132,10.022,PUSH
11.433,0.3041,0.10502,118.132,10.013,PUSH
11.434,0.30441,0.10488,118.156,10.642,PUSH
11.435,0.30441,0.10488,118.156,10.632,PUSH
11.436,0.30441,0.10488,118.156,10.621,PUSH
11.437,0.30441,0.10488,118.156,10.611,PUSH
11.438,0.30441,0.10488,118.156,10.602,PUSH
11.439,0.30441,0.10488,118.156,10.592,PUSH
11.44,0.30441,0.10488,118.156,10.581,PUSH
11.441,0.30441,0.10488,118.156,10.57,PUSH
11.442,0.30441,0.10488,118.156,10.56,PUSH
11.443,0.30441,0.10488,118.156,10.551,PUSH
11.444,0.30441,0.10488,118.156,10.54,PUSH
11.445,0.30441,0.10488,118.156,10.529,PUSH
11.446,0.30441,0.10488,118.156,10.518,PUSH
11.447,0.30441,0.10488,118.156,10.507,PUSH
11.448,0.30441,0.10488,118.156,10.498,PUSH
11.449,0.30441,0.10488,118.156,10.487,PUSH
11.45,0.30441,0.10488,118.156,10.476,PUSH
11.451,0.30441,0.10488,118.156,10.465,PUSH
11.452,0.30441,0.10488,118.156,10.454,PUSH
11.453,0.30441,0.10488,118.156,10.445,PUSH
11.454,0.30441,0.10488,118.156,10.434,PUSH
11.455,0.30441,0.10488,118.156,10.423,PUSH
11.456,0.30441,0.10488,118.156,10.411,PUSH
11.457,0.30441,0.10488,118.156,10.401,PUSH
11.458,0.30441,0.10488,118.156,10.391,PUSH
11.459,0.30441,0.10488,118.156,10.38,PUSH
11.46,0.30441,0.10488,118.156,10.369,PUSH
11.461,0.30441,0.10488,118.156,10.357,PUSH
11.462,0.30441,0.10488,118.156,10.347,PUSH
11.463,0.30441,0.10488,118.156,10.337,PUSH
11.464,0.30441,0.10488,118.156,10.326,PUSH
11.465,0.30441,0.10488,118.156,10.315,PUSH
11.466,0.30441,0.10488,118.156,10.303,PUSH
11.467,0.30287,0.10484,117.42,7.721,PUSH
11.468,0.30287,0.10484,117.42,7.712,PUSH
11.469,0.30287,0.10484,117.42,7.702,PUSH
11.47,0.30287,0.10484,117.42,7.692,PUSH
11.471,0.30287,0.10484,117.42,7.682,PUSH
11.472,0.30287,0.10484,117.42,7.673,PUSH
11.473,0.30287,0.10484,117.42,7.665,PUSH
11.474,0.30287,0.10484,117.42,7.655,PUSH
11.475,0.30287,0.10484,117.42,7.646,PUSH
11.476,0.30287,0.10484,117.42,7.636,PUSH
11.477,0.30287,0.10484,117.42,7.628,PUSH
11.478,0.30287,0.10484,117.42,7.618,PUSH
11.479,0.30287,0.10484,117.42,7.61,PUSH
11.48,0.30287,0.10484,117.42,7.601,PUSH
11.481,0.30287,0.10484,117.42,7.592,PUSH
11.482,0.30287,0.10484,117.42,7.583,PUSH
11.483,0.30287,0.10484,117.42,7.574,PUSH
11.484,0.30287,0.10484,117.42,7.565,PUSH
11.485,0.30287,0.10484,117.42,7.557,PUSH
11.486,0.30287,0.10484,117.42,7.548,PUSH
11.487,0.30287,0.10484,117.42,7.539,PUSH
11.488,0.30287,0.10484,117.42,7.531,PUSH
11.489,0.30287,0.10484,117.42,7.522,PUSH
11.49,0.30287,0.10484,117.42,7.513,PUSH
11.491,0.30287,0.10484,117.42,7.505,PUSH
11.492,0.30287,0.10484,117.42,7.496,PUSH
11.493,0.30287,0.10484,117.42,7.487,PUSH
11.494,0.30287,0.10484,117.42,7.479,PUSH
11.495,0.30287,0.10484,117.42,7.471,PUSH
11.496,0.30287,0.10484,117.42,7.462,PUSH
11.497,0.30287,0.10484,117.42,7.454,PUSH
11.498,0.30287,0.10484,117.42,7.446,PUSH
11.499,0.30287,0.10484,117.42,7.437,PUSH
11.5,0.30287,0.10484,117.42,7.429,PUSH
11.501,0.29668,0.10855,118.158,6.217,PUSH
11.502,0.29668,0.10855,118.158,6.222,PUSH
11.503,0.29668,0.10855,118.158,6.226,PUSH
11.504,0.29668,0.10855,118.158,6.228,PUSH
11.505,0.29668,0.10855,118.158,6.23,PUSH
11.506,0.29668,0.10855,118.158,6.23,PUSH
11.507,0.29668,0.10855,118.158,6.231,PUSH
11.508,0.29668,0.10855,118.158,6.23,PUSH
11.509,0.29668,0.10855,118.158,6.229,PUSH
11.51,0.29668,0.10855,118.158,6.227,PUSH
11.511,0.29668,0.10855,118.158,6.226,PUSH
11.512,0.29668,0.10855,118.158,6.223,PUSH
11.513,0.29668,0.10855,118.158,6.22,PUSH
11.514,0.29668,0.10855,118.158,6.218,PUSH
11.515,0.29668,0.10855,118.158,6.215,PUSH
11.516,0.29668,0.10855,118.158,6.212,PUSH
11.517,0.29668,0.10855,118.158,6.208,PUSH
11.518,0.29668,0.10855,118.158,6.205,PUSH
11.519,0.29668,0.10855,118.158,6.201,PUSH
11.52,0.29668,0.10855,118.158,6.197,PUSH
11.521,0.29668,0.10855,118.158,6.194,PUSH
11.522,0.29668,0.10855,118.158,6.19,PUSH
11.523,0.29668,0.10855,118.158,6.186,PUSH
11.524,0.29668,0.10855,118.158,6.182,PUSH
11.525,0.29668,0.10855,118.158,6.178,PUSH
11.526,0.29668,0.10855,118.158,6.174,PUSH
11.527,0.29668,0.10855,118.158,6.169,PUSH
11.528,0.29668,0.10855,118.158,6.165,PUSH
11.529,0.29668,0.10855,118.158,6.161,PUSH
11.53,0.29668,0.10855,118.158,6.157,PUSH
11.531,0.29668,0.10855,118.158,6.152,PUSH
11.532,0.29668,0.10855,118.158,6.148,PUSH
11.533,0.29668,0.10855,118.158,6.144,PUSH
11.534,0.29888,0.10756,118.145,1.582,PUSH
11.535,0.29888,0.10756,118.145,1.579,PUSH
11.536,0.29888,0.10756,118.145,1.577,PUSH
11.537,0.29888,0.10756,118.145,1.575,PUSH
11.538,0.29888,0.10756,118.145,1.573,PUSH
11.539,0.29888,0.10756,118.145,1.571,PUSH
11.54,0.29888,0.10756,118.145,1.57,PUSH
11.541,0.29888,0.10756,118.145,1.568,PUSH
11.542,0.29888,0.10756,118.145,1.567,PUSH
11.543,0.29888,0.10756,118.145,1.566,PUSH
11.544,0.29888,0.10756,118.145,1.566,PUSH
11.545,0.29888,0.10756,118.145,1.564,PUSH
11.546,0.29888,0.10756,118.145,1.564,PUSH
11.547,0.29888,0.10756,118.145,1.563,PUSH
11.548,0.29888,0.10756,118.145,1.562,PUSH
11.549,0.29888,0.10756,118.145,1.562,PUSH
11.55,0.29888,0.10756,118.145,1.562,PUSH
11.551,0.29888,0.10756,118.145,1.562,PUSH
11.552,0.29888,0.10756,118.145,1.561,PUSH
11.553,0.29888,0.10756,118.145,1.561,PUSH
11.554,0.29888,0.10756,118.145,1.56,PUSH
11.555,0.29888,0.10756,118.145,1.56,PUSH
11.556,0.29888,0.10756,118.145,1.559,PUSH
11.557,0.29888,0.10756,118.145,1.559,PUSH
11.558,0.29888,0.10756,118.145,1.558,PUSH
11.559,0.29888,0.10756,118.145,1.558,PUSH
11.56,0.29888,0.10756,118.145,1.558,PUSH
11.561,0.29888,0.10756,118.145,1.558,PUSH
11.562,0.29888,0.10756,118.145,1.557,PUSH
11.563,0.29888,0.10756,118.145,1.557,PUSH
11.564,0.29888,0.10756,118.145,1.557,PUSH
11.565,0.29888,0.10756,118.145,1.556,PUSH
11.566,0.29888,0.10756,118.145,1.555,PUSH
11.567,0.29992,0.10727,118.321,0.455,PUSH
11.568,0.29992,0.10727,118.321,0.456,PUSH
11.569,0.29992,0.10727,118.321,0.456,PUSH
11.57,0.29992,0.10727,118.321,0.455,PUSH
11.571,0.29992,0.10727,118.321,0.454,PUSH
11.572,0.29992,0.10727,118.321,0.454,PUSH
11.573,0.29992,0.10727,118.321,0.453,PUSH
11.574,0.29992,0.10727,118.321,0.453,PUSH
11.575,0.29992,0.10727,118.321,0.453,PUSH
11.576,0.29992,0.10727,118.321,0.451,PUSH
11.577,0.29992,0.10727,118.321,0.45,PUSH
11.578,0.29992,0.10727,118.321,0.449,PUSH
11.579,0.29992,0.10727,118.321,0.448,PUSH
11.58,0.29992,0.10727,118.321,0.446,PUSH
11.581,0.29992,0.10727,118.321,0.446,PUSH
11.582,0.29992,0.10727,118.321,0.445,PUSH
11.583,0.29992,0.10727,118.321,0.443,PUSH
11.584,0.29992,0.10727,118.321,0.442,PUSH
11.585,0.29992,0.10727,118.321,0.441,PUSH
11.586,0.29992,0.10727,118.321,0.44,PUSH
11.587,0.29992,0.10727,118.321,0.439,PUSH
11.588,0.29992,0.10727,118.321,0.438,PUSH
11.589,0.29992,0.10727,118.321,0.436,PUSH
11.59,0.29992,0.10727,118.321,0.435,PUSH
11.591,0.29992,0.10727,118.321,0.434,PUSH
11.592,0.29992,0.10727,118.321,0.432,PUSH
11.593,0.29992,0.10727,118.321,0.431,PUSH
11.594,0.29992,0.10727,118.321,0.43,PUSH
11.595,0.29992,0.10727,118.321,0.428,PUSH
11.596,0.29992,0.10727,118.321,0.427,PUSH
11.597,0.29992,0.10727,118.321,0.426,PUSH
11.598,0.29992,0.10727,118.321,0.424,PUSH
11.599,0.29992,0.10727,118.321,0.423,PUSH
11.6,0.29992,0.10727,118.321,0.422,PUSH
11.601,0.30318,0.1044,117.166,8.318,PUSH
11.602,0.30318,0.1044,117.166,8.315,PUSH
11.603,0.30318,0.1044,117.166,8.311,PUSH
11.604,0.30318,0.1044,117.166,8.306,PUSH
11.605,0.30318,0.1044,117.166,8.3,PUSH
11.606,0.30318,0.1044,117.166,8.294,PUSH
11.607,0.30318,0.1044,117.166,8.287,PUSH
11.608,0.30318,0.1044,117.166,8.281,PUSH
11.609,0.30318,0.1044,117.166,8.273,PUSH
11.61,0.30318,0.1044,117.166,8.265,PUSH
11.611,0.30318,0.1044,117.166,8.256,PUSH
11.612,0.30318,0.1044,117.166,8.248,PUSH
11.613,0.30318,0.1044,117.166,8.24,PUSH
11.614,0.30318,0.1044,117.166,8.232,PUSH
11.615,0.30318,0.1044,117.166,8.225,PUSH
11.616,0.30318,0.1044,117.166,8.219,PUSH
11.617,0.30318,0.1044,117.166,8.212,PUSH
11.618,0.30318,0.1044,117.166,8.206,PUSH
11.619,0.30318,0.1044,117.166,8.2,PUSH
11.62,0.30318,0.1044,117.166,8.196,PUSH
11.621,0.30318,0.1044,117.166,8.19,PUSH
11.622,0.30318,0.1044,117.166,8.186,PUSH
11.623,0.30318,0.1044,117.166,8.18,PUSH
11.624,0.30318,0.1044,117.166,8.175,PUSH
11.625,0.30318,0.1044,117.166,8.17,PUSH
11.626,0.30318,0.1044,117.166,8.165,PUSH
11.627,0.30318,0.1044,117.166,8.159,PUSH
11.628,0.30318,0.1044,117.166,8.153,PUSH
11.629,0.30318,0.1044,117.166,8.147,PUSH
11.63,0.30318,0.1044,117.166,8.143,PUSH
11.631,0.30318,0.1044,117.166,8.137,PUSH
11.632,0.30318,0.1044,117.166,8.13,PUSH
11.633,0.30318,0.1044,117.166,8.124,PUSH
11.634,0.3015,0.10616,117.995,3.804,PUSH
11.635,0.3015,0.10616,117.995,3.799,PUSH
11.636,0.3015,0.10616,117.995,3.795,PUSH
11.637,0.3015,0.10616,117.995,3.79,PUSH
11.638,0.3015,0.10616,117.995,3.786,PUSH
11.639,0.3015,0.10616,117.995,3.781,PUSH
11.64,0.3015,0.10616,117.995,3.776,PUSH
11.641,0.3015,0.10616,117.995,3.773,PUSH
11.642,0.3015,0.10616,117.995,3.769,PUSH
11.643,0.3015,0.10616,117.995,3.764,PUSH
11.644,0.3015,0.10616,117.995,3.761,PUSH
11.645,0.3015,0.10616,117.995,3.756,PUSH
11.646,0.3015,0.10616,117.995,3.753,PUSH
11.647,0.3015,0.10616,117.995,3.749,PUSH
11.648,0.3015,0.10616,117.995,3.745,PUSH
11.649,0.3015,0.10616,117.995,3.74,PUSH
11.65,0.3015,0.10616,117.995,3.737,PUSH
11.651,0.3015,0.10616,117.995,3.733,PUSH
11.652,0.3015,0.10616,117.995,3.73,PUSH
11.653,0.3015,0.10616,117.995,3.726,PUSH
11.654,0.3015,0.10616,117.995,3.722,PUSH
11.655,0.3015,0.10616,117.995,3.719,PUSH
11.656,0.3015,0.10616,117.995,3.715,PUSH
11.657,0.3015,0.10616,117.995,3.711,PUSH
11.658,0.3015,0.10616,117.995,3.708,PUSH
11.659,0.3015,0.10616,117.995,3.704,PUSH
11.66,0.3015,0.10616,117.995,3.7,PUSH
11.661,0.3015,0.10616,117.995,3.697,PUSH
11.662,0.3015,0.10616,117.995,3.693,PUSH
11.663,0.3015,0.10616,117.995,3.689,PUSH
11.664,0.3015,0.10616,117.995,3.686,PUSH
11.665,0.3015,0.10616,117.995,3.683,PUSH
11.666,0.3015,0.10616,117.995,3.68,PUSH
11.667,0.30111,0.10381,115.704,4.969,PUSH
11.668,0.30111,0.10381,115.704,4.965,PUSH
11.669,0.30111,0.10381,115.704,4.96,PUSH
11.67,0.30111,0.10381,115.704,4.957,PUSH
11.671,0.30111,0.10381,115.704,4.954,PUSH
11.672,0.30111,0.10381,115.704,4.95,PUSH
11.673,0.30111,0.10381,115.704,4.945,PUSH
11.674,0.30111,0.10381,115.704,4.941,PUSH
11.675,0.30111,0.10381,115.704,4.937,PUSH
11.676,0.30111,0.10381,115.704,4.932,PUSH
11.677,0.30111,0.10381,115.704,4.929,PUSH
11.678,0.30111,0.10381,115.704,4.924,PUSH
11.679,0.30111,0.10381,115.704,4.919,PUSH
11.68,0.30111,0.10381,115.704,4.916,PUSH
11.681,0.30111,0.10381,115.704,4.911,PUSH
11.682,0.30111,0.10381,115.704,4.906,PUSH
11.683,0.30111,0.10381,115.704,4.902,PUSH
11.684,0.30111,0.10381,115.704,4.898,PUSH
11.685,0.30111,0.10381,115.704,4.894,PUSH
11.686,0.30111,0.10381,115.704,4.89,PUSH
11.687,0.30111,0.10381,115.704,4.885,PUSH
11.688,0.30111,0.10381,115.704,4.881,PUSH
11.689,0.30111,0.10381,115.704,4.876,PUSH
11.69,0.30111,0.10381,115.704,4.871,PUSH
11.691,0.30111,0.10381,115.704,4.867,PUSH
11.692,0.30111,0.10381,115.704,4.862,PUSH
11.693,0.30111,0.10381,115.704,4.857,PUSH
11.694,0.30111,0.10381,115.704,4.853,PUSH
11.695,0.30111,0.10381,115.704,4.849,PUSH
11.696,0.30111,0.10381,115.704,4.845,PUSH
11.697,0.30111,0.10381,115.704,4.84,PUSH
11.698,0.30111,0.10381,115.704,4.835,PUSH
11.699,0.30111,0.10381,115.704,4.83,PUSH
11.7,0.29642,0.10195,112.017,1.833,PUSH
11.701,0.29642,0.10195,112.017,1.835,PUSH
11.702,0.29642,0.10195,112.017,1.837,PUSH
11.703,0.29642,0.10195,112.017,1.839,PUSH
11.704,0.29642,0.10195,112.017,1.841,PUSH
11.705,0.29642,0.10195,112.017,1.842,PUSH
11.706,0.29642,0.10195,112.017,1.843,PUSH
11.707,0.29642,0.10195,112.017,1.842,PUSH
11.708,0.29642,0.10195,112.017,1.842,PUSH
11.709,0.29642,0.10195,112.017,1.843,PUSH
11.71,0.29642,0.10195,112.017,1.843,PUSH
11.711,0.29642,0.10195,112.017,1.843,PUSH
11.712,0.29642,0.10195,112.017,1.842,PUSH
11.713,0.29642,0.10195,112.017,1.841,PUSH
11.714,0.29642,0.10195,112.017,1.84,PUSH
11.715,0.29642,0.10195,112.017,1.84,PUSH
11.716,0.29642,0.10195,112.017,1.84,PUSH
11.717,0.29642,0.10195,112.017,1.839,PUSH
11.718,0.29642,0.10195,112.017,1.838,PUSH
11.719,0.29642,0.10195,112.017,1.837,PUSH
11.72,0.29642,0.10195,112.017,1.836,PUSH
11.721,0.29642,0.10195,112.017,1.835,PUSH
11.722,0.29642,0.10195,112.017,1.834,PUSH
11.723,0.29642,0.10195,112.017,1.833,PUSH
11.724,0.29642,0.10195,112.017,1.832,PUSH
11.725,0.29642,0.10195,112.017,1.831,PUSH
11.726,0.29642,0.10195,112.017,1.831,PUSH
11.727,0.29642,0.10195,112.017,1.83,PUSH
11.728,0.29642,0.10195,112.017,1.829,PUSH
11.729,0.29642,0.10195,112.017,1.827,PUSH
11.73,0.29642,0.10195,112.017,1.826,PUSH
11.731,0.29642,0.10195,112.017,1.825,PUSH
11.732,0.29642,0.10195,112.017,1.825,PUSH
11.733,0.29642,0.10195,112.017,1.824,PUSH
11.734,0.29287,0.10209,110.724,8.357,PUSH
11.735,0.29287,0.10209,110.724,8.355,PUSH
11.736,0.29287,0.10209,110.724,8.352,PUSH
11.737,0.29287,0.10209,110.724,8.348,PUSH
11.738,0.29287,0.10209,110.724,8.344,PUSH
11.739,0.29287,0.10209,110.724,8.339,PUSH
11.74,0.29287,0.10209,110.724,8.334,PUSH
11.741,0.29287,0.10209,110.724,8.33,PUSH
11.742,0.29287,0.10209,110.724,8.324,PUSH
11.743,0.29287,0.10209,110.724,8.318,PUSH
11.744,0.29287,0.10209,110.724,8.313,PUSH
11.745,0.29287,0.10209,110.724,8.307,PUSH
11.746,0.29287,0.10209,110.724,8.301,PUSH
11.747,0.29287,0.10209,110.724,8.295,PUSH
11.748,0.29287,0.10209,110.724,8.288,PUSH
11.749,0.29287,0.10209,110.724,8.282,PUSH
11.75,0.29287,0.10209,110.724,8.275,PUSH
11.751,0.29287,0.10209,110.724,8.269,PUSH
11.752,0.29287,0.10209,110.724,8.263,PUSH
11.753,0.29287,0.10209,110.724,8.256,PUSH
11.754,0.29287,0.10209,110.724,8.249,PUSH
11.755,0.29287,0.10209,110.724,8.241,PUSH
11.756,0.29287,0.10209,110.724,8.235,PUSH
11.757,0.29287,0.10209,110.724,8.228,PUSH
11.758,0.29287,0.10209,110.724,8.222,PUSH
11.759,0.29287,0.10209,110.724,8.216,PUSH
11.76,0.29287,0.10209,110.724,8.208,PUSH
11.761,0.29287,0.10209,110.724,8.201,PUSH
11.762,0.29287,0.10209,110.724,8.194,PUSH
11.763,0.29287,0.10209,110.724,8.186,PUSH
11.764,0.29287,0.10209,110.724,8.18,PUSH
11.765,0.29287,0.10209,110.724,8.173,PUSH
11.766,0.29287,0.10209,110.724,8.166,PUSH
11.767,0.29503,0.10242,111.883,4.498,PUSH
11.768,0.29503,0.10242,111.883,4.492,PUSH
11.769,0.29503,0.10242,111.883,4.487,PUSH
11.77,0.29503,0.10242,111.883,4.481,PUSH
11.771,0.29503,0.10242,111.883,4.476,PUSH
11.772,0.29503,0.10242,111.883,4.471,PUSH
11.773,0.29503,0.10242,111.883,4.465,PUSH
11.774,0.29503,0.10242,111.883,4.461,PUSH
11.775,0.29503,0.10242,111.883,4.456,PUSH
11.776,0.29503,0.10242,111.883,4.452,PUSH
11.777,0.29503,0.10242,111.883,4.447,PUSH
11.778,0.29503,0.10242,111.883,4.443,PUSH
11.779,0.29503,0.10242,111.883,4.437,PUSH
11.78,0.29503,0.10242,111.883,4.433,PUSH
11.781,0.29503,0.10242,111.883,4.428,PUSH
11.782,0.29503,0.10242,111.883,4.424,PUSH
11.783,0.29503,0.10242,111.883,4.419,PUSH
11.784,0.29503,0.10242,111.883,4.413,PUSH
11.785,0.29503,0.10242,111.883,4.407,PUSH
11.786,0.29503,0.10242,111.883,4.403,PUSH
11.787,0.29503,0.10242,111.883,4.398,PUSH
11.788,0.29503,0.10242,111.883,4.393,PUSH
11.789,0.29503,0.10242,111.883,4.388,PUSH
11.79,0.29503,0.10242,111.883,4.384,PUSH
11.791,0.29503,0.10242,111.883,4.379,PUSH
11.792,0.29503,0.10242,111.883,4.374,PUSH
11.793,0.29503,0.10242,111.883,4.368,PUSH
11.794,0.29503,0.10242,111.883,4.363,PUSH
11.795,0.29503,0.10242,111.883,4.359,PUSH
11.796,0.29503,0.10242,111.883,4.355,PUSH
11.797,0.29503,0.10242,111.883,4.35,PUSH
11.798,0.29503,0.10242,111.883,4.344,PUSH
11.799,0.29503,0.10242,111.883,4.339,PUSH
11.8,0.29503,0.10242,111.883,4.334,PUSH
11.801,0.29396,0.10127,110.395,5.356,PUSH
11.802,0.29396,0.10127,110.395,5.351,PUSH
11.803,0.29396,0.10127,110.395,5.346,PUSH
11.804,0.29396,0.10127,110.395,5.341,PUSH
11.805,0.29396,0.10127,110.395,5.334,PUSH
11.806,0.29396,0.10127,110.395,5.329,PUSH
11.807,0.29396,0.10127,110.395,5.324,PUSH
11.808,0.29396,0.10127,110.395,5.318,PUSH
11.809,0.29396,0.10127,110.395,5.312,PUSH
11.81,0.29396,0.10127,110.395,5.307,PUSH
11.811,0.29396,0.10127,110.395,5.301,PUSH
11.812,0.29396,0.10127,110.395,5.295,PUSH
11.813,0.29396,0.10127,110.395,5.29,PUSH
11.814,0.29396,0.10127,110.395,5.284,PUSH
11.815,0.29396,0.10127,110.395,5.279,PUSH
11.816,0.29396,0.10127,110.395,5.273,PUSH
11.817,0.29396,0.10127,110.395,5.267,PUSH
11.818,0.29396,0.10127,110.395,5.262,PUSH
11.819,0.29396,0.10127,110.395,5.256,PUSH
11.82,0.29396,0.10127,110.395,5.25,PUSH
11.821,0.29396,0.10127,110.395,5.244,PUSH
11.822,0.29396,0.10127,110.395,5.239,PUSH
11.823,0.29396,0.10127,110.395,5.233,PUSH
11.824,0.29396,0.10127,110.395,5.227,PUSH
11.825,0.29396,0.10127,110.395,5.221,PUSH
11.826,0.29396,0.10127,110.395,5.215,PUSH
11.827,0.29396,0.10127,110.395,5.209,PUSH
11.828,0.29396,0.10127,110.395,5.204,PUSH
11.829,0.29396,0.10127,110.395,5.197,PUSH
11.83,0.29396,0.10127,110.395,5.191,PUSH
11.831,0.29396,0.10127,110.395,5.186,PUSH
11.832,0.29396,0.10127,110.395,5.179,PUSH
11.833,0.29396,0.10127,110.395,5.174,PUSH
11.834,0.29371,0.10371,112.543,7.5,PUSH
11.835,0.29371,0.10371,112.543,7.493,PUSH
11.836,0.29371,0.10371,112.543,7.486,PUSH
11.837,0.29371,0.10371,112.543,7.478,PUSH
11.838,0.29371,0.10371,112.543,7.471,PUSH
11.839,0.29371,0.10371,112.543,7.465,PUSH
11.84,0.29371,0.10371,112.543,7.458,PUSH
11.841,0.29371,0.10371,112.543,7.45,PUSH
11.842,0.29371,0.10371,112.543,7.443,PUSH
11.843,0.29371,0.10371,112.543,7.435,PUSH
11.844,0.29371,0.10371,112.543,7.427,PUSH
11.845,0.29371,0.10371,112.543,7.42,PUSH
11.846,0.29371,0.10371,112.543,7.413,PUSH
11.847,0.29371,0.10371,112.543,7.405,PUSH
11.848,0.29371,0.10371,112.543,7.398,PUSH
11.849,0.29371,0.10371,112.543,7.389,PUSH
11.85,0.29371,0.10371,112.543,7.382,PUSH
11.851,0.29371,0.10371,112.543,7.374,PUSH
11.852,0.29371,0.10371,112.543,7.367,PUSH
11.853,0.29371,0.10371,112.543,7.359,PUSH
11.854,0.29371,0.10371,112.543,7.351,PUSH
11.855,0.29371,0.10371,112.543,7.342,PUSH
11.856,0.29371,0.10371,112.543,7.334,PUSH
11.857,0.29371,0.10371,112.543,7.327,PUSH
11.858,0.29371,0.10371,112.543,7.319,PUSH
11.859,0.29371,0.10371,112.543,7.311,PUSH
11.86,0.29371,0.10371,112.543,7.303,PUSH
11.861,0.29371,0.10371,112.543,7.294,PUSH
11.862,0.29371,0.10371,112.543,7.286,PUSH
11.863,0.29371,0.10371,112.543,7.278,PUSH
11.864,0.29371,0.10371,112.543,7.27,PUSH
11.865,0.29371,0.10371,112.543,7.262,PUSH
11.866,0.29371,0.10371,112.543,7.253,PUSH
11.867,0.29586,0.10259,112.373,2.553,PUSH
11.868,0.29586,0.10259,112.373,2.546,PUSH
11.869,0.29586,0.10259,112.373,2.54,PUSH
11.87,0.29586,0.10259,112.373,2.535,PUSH
11.871,0.29586,0.10259,112.373,2.528,PUSH
11.872,0.29586,0.10259,112.373,2.523,PUSH
11.873,0.29586,0.10259,112.373,2.517,PUSH
11.874,0.29586,0.10259,112.373,2.511,PUSH
11.875,0.29586,0.10259,112.373,2.506,PUSH
11.876,0.29586,0.10259,112.373,2.5,PUSH
11.877,0.29586,0.10259,112.373,2.495,PUSH
11.878,0.29586,0.10259,112.373,2.489,PUSH
11.879,0.29586,0.10259,112.373,2.484,PUSH
11.88,0.29586,0.10259,112.373,2.479,PUSH
11.881,0.29586,0.10259,112.373,2.473,PUSH
11.882,0.29586,0.10259,112.373,2.469,PUSH
11.883,0.29586,0.10259,112.373,2.464,PUSH
11.884,0.29586,0.10259,112.373,2.459,PUSH
11.885,0.29586,0.10259,112.373,2.454,PUSH
11.886,0.29586,0.10259,112.373,2.449,PUSH
11.887,0.29586,0.10259,112.373,2.444,PUSH
11.888,0.29586,0.10259,112.373,2.44,PUSH
11.889,0.29586,0.10259,112.373,2.435,PUSH
11.89,0.29586,0.10259,112.373,2.431,PUSH
11.891,0.29586,0.10259,112.373,2.427,PUSH
11.892,0.29586,0.10259,112.373,2.422,PUSH
11.893,0.29586,0.10259,112.373,2.417,PUSH
11.894,0.29586,0.10259,112.373,2.412,PUSH
11.895,0.29586,0.10259,112.373,2.408,PUSH
11.896,0.29586,0.10259,112.373,2.404,PUSH
11.897,0.29586,0.10259,112.373,2.399,PUSH
11.898,0.29586,0.10259,112.373,2.395,PUSH
11.899,0.29586,0.10259,112.373,2.391,PUSH
11.9,0.29586,0.10259,112.373,2.386,PUSH
11.901,0.29558,0.09878,108.789,0.211,PUSH
11.902,0.29558,0.09878,108.789,0.216,PUSH
11.903,0.29558,0.09878,108.789,0.219,PUSH
11.904,0.29558,0.09878,108.789,0.222,PUSH
11.905,0.29558,0.09878,108.789,0.226,PUSH
11.906,0.29558,0.09878,108.789,0.229,PUSH
11.907,0.29558,0.09878,108.789,0.231,PUSH
11.908,0.29558,0.09878,108.789,0.234,PUSH
11.909,0.29558,0.09878,108.789,0.237,PUSH
11.91,0.29558,0.09878,108.789,0.24,PUSH
11.911,0.29558,0.09878,108.789,0.243,PUSH
11.912,0.29558,0.09878,108.789,0.245,PUSH
11.913,0.29558,0.09878,108.789,0.248,PUSH
11.914,0.29558,0.09878,108.789,0.251,PUSH
11.915,0.29558,0.09878,108.789,0.253,PUSH
11.916,0.29558,0.09878,108.789,0.256,PUSH
11.917,0.29558,0.09878,108.789,0.26,PUSH
11.918,0.29558,0.09878,108.789,0.262,PUSH
11.919,0.29558,0.09878,108.789,0.264,PUSH
11.92,0.29558,0.09878,108.789,0.266,PUSH
11.921,0.29558,0.09878,108.789,0.269,PUSH
11.922,0.29558,0.09878,108.789,0.271,PUSH
11.923,0.29558,0.09878,108.789,0.274,PUSH
11.924,0.29558,0.09878,108.789,0.276,PUSH
11.925,0.29558,0.09878,108.789,0.278,PUSH
11.926,0.29558,0.09878,108.789,0.28,PUSH
11.927,0.29558,0.09878,108.789,0.282,PUSH
11.928,0.29558,0.09878,108.789,0.285,PUSH
11.929,0.29558,0.09878,108.789,0.287,PUSH
11.93,0.29558,0.09878,108.789,0.289,PUSH
11.931,0.29558,0.09878,108.789,0.292,PUSH
11.932,0.29558,0.09878,108.789,0.294,PUSH
11.933,0.29558,0.09878,108.789,0.295,PUSH
11.934,0.29906,0.09773,109.358,7.418,PUSH
11.935,0.29906,0.09773,109.358,7.418,PUSH
11.936,0.29906,0.09773,109.358,7.418,PUSH
11.937,0.29906,0.09773,109.358,7.417,PUSH
11.938,0.29906,0.09773,109.358,7.415,PUSH
11.939,0.29906,0.09773,109.358,7.414,PUSH
11.94,0.29906,0.09773,109.358,7.411,PUSH
11.941,0.29906,0.09773,109.358,7.408,PUSH
11.942,0.29906,0.09773,109.358,7.406,PUSH
11.943,0.29906,0.09773,109.358,7.404,PUSH
11.944,0.29906,0.09773,109.358,7.401,PUSH
11.945,0.29906,0.09773,109.358,7.397,PUSH
11.946,0.29906,0.09773,109.358,7.393,PUSH
11.947,0.29906,0.09773,109.358,7.39,PUSH
11.948,0.29906,0.09773,109.358,7.388,PUSH
11.949,0.29906,0.09773,109.358,7.384,PUSH
11.95,0.29906,0.09773,109.358,7.38,PUSH
11.951,0.29906,0.09773,109.358,7.376,PUSH
11.952,0.29906,0.09773,109.358,7.372,PUSH
11.953,0.29906,0.09773,109.358,7.368,PUSH
11.954,0.29906,0.09773,109.358,7.364,PUSH
11.955,0.29906,0.09773,109.358,7.359,PUSH
11.956,0.29906,0.09773,109.358,7.355,PUSH
11.957,0.29906,0.09773,109.358,7.35,PUSH
11.958,0.29906,0.09773,109.358,7.346,PUSH
11.959,0.29906,0.09773,109.358,7.341,PUSH
11.96,0.29906,0.09773,109.358,7.336,PUSH
11.961,0.29906,0.09773,109.358,7.332,PUSH
11.962,0.29906,0.09773,109.358,7.327,PUSH
11.963,0.29906,0.09773,109.358,7.322,PUSH
11.964,0.29906,0.09773,109.358,7.317,PUSH
11.965,0.29906,0.09773,109.358,7.312,PUSH
11.966,0.29906,0.09773,109.358,7.307,PUSH
11.967,0.29742,0.09912,109.879,3.199,PUSH
11.968,0.29742,0.09912,109.879,3.196,PUSH
11.969,0.29742,0.09912,109.879,3.192,PUSH
11.97,0.29742,0.09912,109.879,3.188,PUSH
11.971,0.29742,0.09912,109.879,3.185,PUSH
11.972,0.29742,0.09912,109.879,3.182,PUSH
11.973,0.29742,0.09912,109.879,3.18,PUSH
11.974,0.29742,0.09912,109.879,3.177,PUSH
11.975,0.29742,0.09912,109.879,3.173,PUSH
11.976,0.29742,0.09912,109.879,3.172,PUSH
11.977,0.29742,0.09912,109.879,3.169,PUSH
11.978,0.29742,0.09912,109.879,3.166,PUSH
11.979,0.29742,0.09912,109.879,3.164,PUSH
11.98,0.29742,0.09912,109.879,3.161,PUSH
11.981,0.29742,0.09912,109.879,3.16,PUSH
11.982,0.29742,0.09912,109.879,3.157,PUSH
11.983,0.29742,0.09912,109.879,3.154,PUSH
11.984,0.29742,0.09912,109.879,3.151,PUSH
11.985,0.29742,0.09912,109.879,3.149,PUSH
11.986,0.29742,0.09912,109.879,3.148,PUSH
11.987,0.29742,0.09912,109.879,3.146,PUSH
11.988,0.29742,0.09912,109.879,3.144,PUSH
11.989,0.29742,0.09912,109.879,3.141,PUSH
11.99,0.29742,0.09912,109.879,3.139,PUSH
11.991,0.29742,0.09912,109.879,3.137,PUSH
11.992,0.29742,0.09912,109.879,3.135,PUSH
11.993,0.29742,0.09912,109.879,3.133,PUSH
11.994,0.29742,0.09912,109.879,3.131,PUSH
11.995,0.29742,0.09912,109.879,3.129,PUSH
11.996,0.29742,0.09912,109.879,3.127,PUSH
11.997,0.29742,0.09912,109.879,3.124,PUSH
11.998,0.29742,0.09912,109.879,3.123,PUSH
11.999,0.29742,0.09912,109.879,3.12,PUSH
12.0,0.29742,0.09912,109.879,3.119,PUSH
12.001,0.29753,0.09723,108.23,4.932,PUSH
12.002,0.29753,0.09723,108.23,4.929,PUSH
12.003,0.29753,0.09723,108.23,4.925,PUSH
12.004,0.29753,0.09723,108.23,4.923,PUSH
12.005,0.29753,0.09723,108.23,4.921,PUSH
12.006,0.29753,0.09723,108.23,4.918,PUSH
12.007,0.29753,0.09723,108.23,4.914,PUSH
12.008,0.29753,0.09723,108.23,4.91,PUSH
12.009,0.29753,0.09723,108.23,4.907,PUSH
12.01,0.29753,0.09723,108.23,4.904,PUSH
12.011,0.29753,0.09723,108.23,4.901,PUSH
12.012,0.29753,0.09723,108.23,4.898,PUSH
12.013,0.29753,0.09723,108.23,4.894,PUSH
12.014,0.29753,0.09723,108.23,4.891,PUSH
12.015,0.29753,0.09723,108.23,4.887,PUSH
12.016,0.29753,0.09723,108.23,4.883,PUSH
12.017,0.29753,0.09723,108.23,4.88,PUSH
12.018,0.29753,0.09723,108.23,4.876,PUSH
12.019,0.29753,0.09723,108.23,4.873,PUSH
12.02,0.29753,0.09723,108.23,4.869,PUSH
12.021,0.29753,0.09723,108.23,4.865,PUSH
12.022,0.29753,0.09723,108.23,4.862,PUSH
12.023,0.29753,0.09723,108.23,4.858,PUSH
12.024,0.29753,0.09723,108.23,4.854,PUSH
12.025,0.29753,0.09723,108.23,4.85,PUSH
12.026,0.29753,0.09723,108.23,4.846,PUSH
12.027,0.29753,0.09723,108.23,4.843,PUSH
12.028,0.29753,0.09723,108.23,4.839,PUSH
12.029,0.29753,0.09723,108.23,4.835,PUSH
12.03,0.29753,0.09723,108.23,4.831,PUSH
12.031,0.29753,0.09723,108.23,4.827,PUSH
12.032,0.29753,0.09723,108.23,4.822,PUSH
12.033,0.29753,0.09723,108.23,4.819,PUSH
12.034,0.2973,0.09737,108.25,4.285,PUSH
12.035,0.2973,0.09737,108.25,4.28,PUSH
12.036,0.2973,0.09737,108.25,4.277,PUSH
12.037,0.2973,0.09737,108.25,4.273,PUSH
12.038,0.2973,0.09737,108.25,4.27,PUSH
12.039,0.2973,0.09737,108.25,4.266,PUSH
12.04,0.2973,0.09737,108.25,4.262,PUSH
12.041,0.2973,0.09737,108.25,4.259,PUSH
12.042,0.2973,0.09737,108.25,4.255,PUSH
12.043,0.2973,0.09737,108.25,4.25,PUSH
12.044,0.2973,0.09737,108.25,4.247,PUSH
12.045,0.2973,0.09737,108.25,4.243,PUSH
12.046,0.2973,0.09737,108.25,4.239,PUSH
12.047,0.2973,0.09737,108.25,4.236,PUSH
12.048,0.2973,0.09737,108.25,4.232,PUSH
12.049,0.2973,0.09737,108.25,4.229,PUSH
12.05,0.2973,0.09737,108.25,4.225,PUSH
12.051,0.2973,0.09737,108.25,4.221,PUSH
12.052,0.2973,0.09737,108.25,4.216,PUSH
12.053,0.2973,0.09737,108.25,4.213,PUSH
12.054,0.2973,0.09737,108.25,4.21,PUSH
12.055,0.2973,0.09737,108.25,4.207,PUSH
12.056,0.2973,0.09737,108.25,4.202,PUSH
12.057,0.2973,0.09737,108.25,4.198,PUSH
12.058,0.2973,0.09737,108.25,4.195,PUSH
12.059,0.2973,0.09737,108.25,4.191,PUSH
12.06,0.2973,0.09737,108.25,4.188,PUSH
12.061,0.2973,0.09737,108.25,4.184,PUSH
12.062,0.2973,0.09737,108.25,4.179,PUSH
12.063,0.2973,0.09737,108.25,4.176,PUSH
12.064,0.2973,0.09737,108.25,4.172,PUSH
12.065,0.2973,0.09737,108.25,4.168,PUSH
12.066,0.2973,0.09737,108.25,4.165,PUSH
12.067,0.29689,0.09527,106.186,5.273,PUSH
12.068,0.29689,0.09527,106.186,5.269,PUSH
12.069,0.29689,0.09527,106.186,5.265,PUSH
12.07,0.29689,0.09527,106.186,5.261,PUSH
12.071,0.29689,0.09527,106.186,5.257,PUSH
12.072,0.29689,0.09527,106.186,5.253,PUSH
12.073,0.29689,0.09527,106.186,5.248,PUSH
12.074,0.29689,0.09527,106.186,5.243,PUSH
12.075,0.29689,0.09527,106.186,5.239,PUSH
12.076,0.29689,0.09527,106.186,5.235,PUSH
12.077,0.29689,0.09527,106.186,5.231,PUSH
12.078,0.29689,0.09527,106.186,5.226,PUSH
12.079,0.29689,0.09527,106.186,5.221,PUSH
12.08,0.29689,0.09527,106.186,5.217,PUSH
12.081,0.29689,0.09527,106.186,5.212,PUSH
12.082,0.29689,0.09527,106.186,5.208,PUSH
12.083,0.29689,0.09527,106.186,5.203,PUSH
12.084,0.29689,0.09527,106.186,5.198,PUSH
12.085,0.29689,0.09527,106.186,5.194,PUSH
12.086,0.29689,0.09527,106.186,5.189,PUSH
12.087,0.29689,0.09527,106.186,5.184,PUSH
12.088,0.29689,0.09527,106.186,5.18,PUSH
12.089,0.29689,0.09527,106.186,5.175,PUSH
12.09,0.29689,0.09527,106.186,5.17,PUSH
12.091,0.29689,0.09527,106.186,5.166,PUSH
12.092,0.29689,0.09527,106.186,5.161,PUSH
12.093,0.29689,0.09527,106.186,5.157,PUSH
12.094,0.29689,0.09527,106.186,5.152,PUSH
12.095,0.29689,0.09527,106.186,5.147,PUSH
12.096,0.29689,0.09527,106.186,5.142,PUSH
12.097,0.29689,0.09527,106.186,5.137,PUSH
12.098,0.29689,0.09527,106.186,5.133,PUSH
12.099,0.29689,0.09527,106.186,5.129,PUSH
12.1,0.29689,0.09527,106.186,5.124,PUSH
12.101,0.29778,0.09851,109.481,3.881,PUSH
12.102,0.29778,0.09851,109.481,3.877,PUSH
12.103,0.29778,0.09851,109.481,3.872,PUSH
12.104,0.29778,0.09851,109.481,3.868,PUSH
12.105,0.29778,0.09851,109.481,3.864,PUSH
12.106,0.29778,0.09851,109.481,3.859,PUSH
12.107,0.29778,0.09851,109.481,3.856,PUSH
12.108,0.29778,0.09851,109.481,3.851,PUSH
12.109,0.29778,0.09851,109.481,3.847,PUSH
12.11,0.29778,0.09851,109.481,3.843,PUSH
12.111,0.29778,0.09851,109.481,3.839,PUSH
12.112,0.29778,0.09851,109.481,3.835,PUSH
12.113,0.29778,0.09851,109.481,3.831,PUSH
12.114,0.29778,0.09851,109.481,3.827,PUSH
12.115,0.29778,0.09851,109.481,3.823,PUSH
12.116,0.29778,0.09851,109.481,3.819,PUSH
12.117,0.29778,0.09851,109.481,3.815,PUSH
12.118,0.29778,0.09851,109.481,3.811,PUSH
12.119,0.29778,0.09851,109.481,3.808,PUSH
12.12,0.29778,0.09851,109.481,3.804,PUSH
12.121,0.29778,0.09851,109.481,3.799,PUSH
12.122,0.29778,0.09851,109.481,3.796,PUSH
12.123,0.29778,0.09851,109.481,3.792,PUSH
12.124,0.29778,0.09851,109.481,3.788,PUSH
12.125,0.29778,0.09851,109.481,3.785,PUSH
12.126,0.29778,0.09851,109.481,3.781,PUSH
12.127,0.29778,0.09851,109.481,3.777,PUSH
12.128,0.29778,0.09851,109.481,3.774,PUSH
12.129,0.29778,0.09851,109.481,3.77,PUSH
12.13,0.29778,0.09851,109.481,3.766,PUSH
12.131,0.29778,0.09851,109.481,3.763,PUSH
12.132,0.29778,0.09851,109.481,3.759,PUSH
12.133,0.29778,0.09851,109.481,3.755,PUSH
12.134,0.29721,0.0981,108.866,3.093,PUSH
12.135,0.29721,0.0981,108.866,3.089,PUSH
12.136,0.29721,0.0981,108.866,3.085,PUSH
12.137,0.29721,0.0981,108.866,3.082,PUSH
12.138,0.29721,0.0981,108.866,3.079,PUSH
12.139,0.29721,0.0981,108.866,3.075,PUSH
12.14,0.29721,0.0981,108.866,3.072,PUSH
12.141,0.29721,0.0981,108.866,3.069,PUSH
12.142,0.29721,0.0981,108.866,3.065,PUSH
12.143,0.29721,0.0981,108.866,3.063,PUSH
12.144,0.29721,0.0981,108.866,3.059,PUSH
12.145,0.29721,0.0981,108.866,3.056,PUSH
12.146,0.29721,0.0981,108.866,3.053,PUSH
12.147,0.29721,0.0981,108.866,3.05,PUSH
12.148,0.29721,0.0981,108.866,3.046,PUSH
12.149,0.29721,0.0981,108.866,3.043,PUSH
12.15,0.29721,0.0981,108.866,3.04,PUSH
12.151,0.29721,0.0981,108.866,3.037,PUSH
12.152,0.29721,0.0981,108.866,3.034,PUSH
12.153,0.29721,0.0981,108.866,3.031,PUSH
12.154,0.29721,0.0981,108.866,3.027,PUSH
12.155,0.29721,0.0981,108.866,3.025,PUSH
12.156,0.29721,0.0981,108.866,3.021,PUSH
12.157,0.29721,0.0981,108.866,3.018,PUSH
12.158,0.29721,0.0981,108.866,3.015,PUSH
12.159,0.29721,0.0981,108.866,3.012,PUSH
12.16,0.29721,0.0981,108.866,3.009,PUSH
12.161,0.29721,0.0981,108.866,3.006,PUSH
12.162,0.29721,0.0981,108.866,3.003,PUSH
12.163,0.29721,0.0981,108.866,3.0,PUSH
12.164,0.29721,0.0981,108.866,2.997,PUSH
12.165,0.29721,0.0981,108.866,2.994,PUSH
12.166,0.29721,0.0981,108.866,2.991,PUSH
12.167,0.29485,0.09474,104.816,1.646,PUSH
12.168,0.29485,0.09474,104.816,1.643,PUSH
12.169,0.29485,0.09474,104.816,1.64,PUSH
12.17,0.29485,0.09474,104.816,1.638,PUSH
12.171,0.29485,0.09474,104.816,1.636,PUSH
12.172,0.29485,0.09474,104.816,1.633,PUSH
12.173,0.29485,0.09474,104.816,1.632,PUSH
12.174,0.29485,0.09474,104.816,1.629,PUSH
12.175,0.29485,0.09474,104.816,1.627,PUSH
12.176,0.29485,0.09474,104.816,1.625,PUSH
12.177,0.29485,0.09474,104.816,1.623,PUSH
12.178,0.29485,0.09474,104.816,1.621,PUSH
12.179,0.29485,0.09474,104.816,1.62,PUSH
12.18,0.29485,0.09474,104.816,1.618,PUSH
12.181,0.29485,0.09474,104.816,1.615,PUSH
12.182,0.29485,0.09474,104.816,1.614,PUSH
12.183,0.29485,0.09474,104.816,1.612,PUSH
12.184,0.29485,0.09474,104.816,1.61,PUSH
12.185,0.29485,0.09474,104.816,1.608,PUSH
12.186,0.29485,0.09474,104.816,1.606,PUSH
12.187,0.29485,0.09474,104.816,1.604,PUSH
12.188,0.29485,0.09474,104.816,1.603,PUSH
12.189,0.29485,0.09474,104.816,1.601,PUSH
12.19,0.29485,0.09474,104.816,1.599,PUSH
12.191,0.29485,0.09474,104.816,1.598,PUSH
12.192,0.29485,0.09474,104.816,1.596,PUSH
12.193,0.29485,0.09474,104.816,1.594,PUSH
12.194,0.29485,0.09474,104.816,1.593,PUSH
12.195,0.29485,0.09474,104.816,1.591,PUSH
12.196,0.29485,0.09474,104.816,1.589,PUSH
12.197,0.29485,0.09474,104.816,1.588,PUSH
12.198,0.29485,0.09474,104.816,1.586,PUSH
12.199,0.29485,0.09474,104.816,1.584,PUSH
12.2,0.29476,0.0941,104.204,1.968,PUSH
12.201,0.29476,0.0941,104.204,1.967,PUSH
12.202,0.29476,0.0941,104.204,1.964,PUSH
12.203,0.29476,0.0941,104.204,1.963,PUSH
12.204,0.29476,0.0941,104.204,1.961,PUSH
12.205,0.29476,0.0941,104.204,1.959,PUSH
12.206,0.29476,0.0941,104.204,1.958,PUSH
12.207,0.29476,0.0941,104.204,1.956,PUSH
12.208,0.29476,0.0941,104.204,1.954,PUSH
12.209,0.29476,0.0941,104.204,1.953,PUSH
12.21,0.29476,0.0941,104.204,1.951,PUSH
12.211,0.29476,0.0941,104.204,1.949,PUSH
12.212,0.29476,0.0941,104.204,1.948,PUSH
12.213,0.29476,0.0941,104.204,1.946,PUSH
12.214,0.29476,0.0941,104.204,1.944,PUSH
12.215,0.29476,0.0941,104.204,1.943,PUSH
12.216,0.29476,0.0941,104.204,1.941,PUSH
12.217,0.29476,0.0941,104.204,1.939,PUSH
12.218,0.29476,0.0941,104.204,1.937,PUSH
12.219,0.29476,0.0941,104.204,1.936,PUSH
12.22,0.29476,0.0941,104.204,1.934,PUSH
12.221,0.29476,0.0941,104.204,1.932,PUSH
12.222,0.29476,0.0941,104.204,1.931,PUSH
12.223,0.29476,0.0941,104.204,1.929,PUSH
12.224,0.29476,0.0941,104.204,1.927,PUSH
12.225,0.29476,0.0941,104.204,1.926,PUSH
12.226,0.29476,0.0941,104.204,1.923,PUSH
12.227,0.29476,0.0941,104.204,1.922,PUSH
12.228,0.29476,0.0941,104.204,1.921,PUSH
12.229,0.29476,0.0941,104.204,1.918,PUSH
12.23,0.29476,0.0941,104.204,1.917,PUSH
12.231,0.29476,0.0941,104.204,1.916,PUSH
12.232,0.29476,0.0941,104.204,1.913,PUSH
12.233,0.29476,0.0941,104.204,1.912,PUSH
12.234,0.29434,0.09497,104.813,0.403,PUSH
12.235,0.29434,0.09497,104.813,0.401,PUSH
12.236,0.29434,0.09497,104.813,0.4,PUSH
12.237,0.29434,0.09497,104.813,0.399,PUSH
12.238,0.29434,0.09497,104.813,0.398,PUSH
12.239,0.29434,0.09497,104.813,0.398,PUSH
12.24,0.29434,0.09497,104.813,0.397,PUSH
12.241,0.29434,0.09497,104.813,0.396,PUSH
12.242,0.29434,0.09497,104.813,0.396,PUSH
12.243,0.29434,0.09497,104.813,0.395,PUSH
12.244,0.29434,0.09497,104.813,0.394,PUSH
12.245,0.29434,0.09497,104.813,0.394,PUSH
12.246,0.29434,0.09497,104.813,0.393,PUSH
12.247,0.29434,0.09497,104.813,0.392,PUSH
12.248,0.29434,0.09497,104.813,0.392,PUSH
12.249,0.29434,0.09497,104.813,0.392,PUSH
12.25,0.29434,0.09497,104.813,0.391,PUSH
12.251,0.29434,0.09497,104.813,0.391,PUSH
12.252,0.29434,0.09497,104.813,0.39,PUSH
12.253,0.29434,0.09497,104.813,0.39,PUSH
12.254,0.29434,0.09497,104.813,0.39,PUSH
12.255,0.29434,0.09497,104.813,0.389,PUSH
12.256,0.29434,0.09497,104.813,0.389,PUSH
12.257,0.29434,0.09497,104.813,0.389,PUSH
12.258,0.29434,0.09497,104.813,0.388,PUSH
12.259,0.29434,0.09497,104.813,0.388,PUSH
12.26,0.29434,0.09497,104.813,0.388,PUSH
12.261,0.29434,0.09497,104.813,0.388,PUSH
12.262,0.29434,0.09497,104.813,0.387,PUSH
12.263,0.29434,0.09497,104.813,0.387,PUSH
12.264,0.29434,0.09497,104.813,0.387,PUSH
12.265,0.29434,0.09497,104.813,0.387,PUSH
12.266,0.29434,0.09497,104.813,0.387,PUSH
12.267,0.29316,0.09332,102.815,0.379,PUSH
12.268,0.29316,0.09332,102.815,0.38,PUSH
12.269,0.29316,0.09332,102.815,0.379,PUSH
12.27,0.29316,0.09332,102.815,0.379,PUSH
12.271,0.29316,0.09332,102.815,0.379,PUSH
12.272,0.29316,0.09332,102.815,0.378,PUSH
12.273,0.29316,0.09332,102.815,0.378,PUSH
12.274,0.29316,0.09332,102.815,0.378,PUSH
12.275,0.29316,0.09332,102.815,0.377,PUSH
12.276,0.29316,0.09332,102.815,0.377,PUSH
12.277,0.29316,0.09332,102.815,0.377,PUSH
12.278,0.29316,0.09332,102.815,0.376,PUSH
12.279,0.29316,0.09332,102.815,0.375,PUSH
12.28,0.29316,0.09332,102.815,0.375,PUSH
12.281,0.29316,0.09332,102.815,0.374,PUSH
12.282,0.29316,0.09332,102.815,0.374,PUSH
12.283,0.29316,0.09332,102.815,0.374,PUSH
12.284,0.29316,0.09332,102.815,0.373,PUSH
12.285,0.29316,0.09332,102.815,0.372,PUSH
12.286,0.29316,0.09332,102.815,0.372,PUSH
12.287,0.29316,0.09332,102.815,0.371,PUSH
12.288,0.29316,0.09332,102.815,0.37,PUSH
12.289,0.29316,0.09332,102.815,0.37,PUSH
12.29,0.29316,0.09332,102.815,0.369,PUSH
12.291,0.29316,0.09332,102.815,0.369,PUSH
12.292,0.29316,0.09332,102.815,0.368,PUSH
12.293,0.29316,0.09332,102.815,0.367,PUSH
12.294,0.29316,0.09332,102.815,0.367,PUSH
12.295,0.29316,0.09332,102.815,0.366,PUSH
12.296,0.29316,0.09332,102.815,0.365,PUSH
12.297,0.29316,0.09332,102.815,0.365,PUSH
12.298,0.29316,0.09332,102.815,0.364,PUSH
12.299,0.29316,0.09332,102.815,0.363,PUSH
12.3,0.29316,0.09332,102.815,0.362,PUSH
12.301,0.29256,0.09065,100.146,0.846,PUSH
12.302,0.29256,0.09065,100.146,0.847,PUSH
12.303,0.29256,0.09065,100.146,0.848,PUSH
12.304,0.29256,0.09065,100.146,0.848,PUSH
12.305,0.29256,0.09065,100.146,0.848,PUSH
12.306,0.29256,0.09065,100.146,0.848,PUSH
12.307,0.29256,0.09065,100.146,0.848,PUSH
12.308,0.29256,0.09065,100.146,0.848,PUSH
12.309,0.29256,0.09065,100.146,0.848,PUSH
12.31,0.29256,0.09065,100.146,0.848,PUSH
12.311,0.29256,0.09065,100.146,0.849,PUSH
12.312,0.29256,0.09065,100.146,0.849,PUSH
12.313,0.29256,0.09065,100.146,0.849,PUSH
12.314,0.29256,0.09065,100.146,0.849,PUSH
12.315,0.29256,0.09065,100.146,0.849,PUSH
12.316,0.29256,0.09065,100.146,0.848,PUSH
12.317,0.29256,0.09065,100.146,0.849,PUSH
12.318,0.29256,0.09065,100.146,0.85,PUSH
12.319,0.29256,0.09065,100.146,0.85,PUSH
12.32,0.29256,0.09065,100.146,0.849,PUSH
12.321,0.29256,0.09065,100.146,0.849,PUSH
12.322,0.29256,0.09065,100.146,0.849,PUSH
12.323,0.29256,0.09065,100.146,0.849,PUSH
12.324,0.29256,0.09065,100.146,0.848,PUSH
12.325,0.29256,0.09065,100.146,0.849,PUSH
12.326,0.29256,0.09065,100.146,0.848,PUSH
12.327,0.29256,0.09065,100.146,0.849,PUSH
12.328,0.29256,0.09065,100.146,0.849,PUSH
12.329,0.29256,0.09065,100.146,0.849,PUSH
12.33,0.29256,0.09065,100.146,0.849,PUSH
12.331,0.29256,0.09065,100.146,0.849,PUSH
12.332,0.29256,0.09065,100.146,0.848,PUSH
12.333,0.29256,0.09065,100.146,0.849,PUSH
12.334,0.29478,0.09358,103.739,2.388,PUSH
12.335,0.29478,0.09358,103.739,2.388,PUSH
12.336,0.29478,0.09358,103.739,2.387,PUSH
12.337,0.29478,0.09358,103.739,2.387,PUSH
12.338,0.29478,0.09358,103.739,2.385,PUSH
12.339,0.29478,0.09358,103.739,2.385,PUSH
12.34,0.29478,0.09358,103.739,2.384,PUSH
12.341,0.29478,0.09358,103.739,2.384,PUSH
12.342,0.29478,0.09358,103.739,2.383,PUSH
12.343,0.29478,0.09358,103.739,2.382,PUSH
12.344,0.29478,0.09358,103.739,2.38,PUSH
12.345,0.29478,0.09358,103.739,2.379,PUSH
12.346,0.29478,0.09358,103.739,2.379,PUSH
12.347,0.29478,0.09358,103.739,2.378,PUSH
12.348,0.29478,0.09358,103.739,2.377,PUSH
12.349,0.29478,0.09358,103.739,2.375,PUSH
12.35,0.29478,0.09358,103.739,2.374,PUSH
12.351,0.29478,0.09358,103.739,2.373,PUSH
12.352,0.29478,0.09358,103.739,2.372,PUSH
12.353,0.29478,0.09358,103.739,2.371,PUSH
12.354,0.29478,0.09358,103.739,2.369,PUSH
12.355,0.29478,0.09358,103.739,2.369,PUSH
12.356,0.29478,0.09358,103.739,2.367,PUSH
12.357,0.29478,0.09358,103.739,2.365,PUSH
12.358,0.29478,0.09358,103.739,2.365,PUSH
12.359,0.29478,0.09358,103.739,2.363,PUSH
12.36,0.29478,0.09358,103.739,2.361,PUSH
12.361,0.29478,0.09358,103.739,2.361,PUSH
12.362,0.29478,0.09358,103.739,2.359,PUSH
12.363,0.29478,0.09358,103.739,2.359,PUSH
12.364,0.29478,0.09358,103.739,2.357,PUSH
12.365,0.29478,0.09358,103.739,2.355,PUSH
12.366,0.29478,0.09358,103.739,2.353,PUSH
12.367,0.29843,0.09154,103.557,10.76,PUSH
12.368,0.29843,0.09154,103.557,10.758,PUSH
12.369,0.29843,0.09154,103.557,10.754,PUSH
12.37,0.29843,0.09154,103.557,10.749,PUSH
12.371,0.29843,0.09154,103.557,10.742,PUSH
12.372,0.29843,0.09154,103.557,10.737,PUSH
12.373,0.29843,0.09154,103.557,10.73,PUSH
12.374,0.29843,0.09154,103.557,10.724,PUSH
12.375,0.29843,0.09154,103.557,10.716,PUSH
12.376,0.29843,0.09154,103.557,10.709,PUSH
12.377,0.29843,0.09154,103.557,10.702,PUSH
12.378,0.29843,0.09154,103.557,10.695,PUSH
12.379,0.29843,0.09154,103.557,10.687,PUSH
12.38,0.29843,0.09154,103.557,10.679,PUSH
12.381,0.29843,0.09154,103.557,10.67,PUSH
12.382,0.29843,0.09154,103.557,10.662,PUSH
12.383,0.29843,0.09154,103.557,10.655,PUSH
12.384,0.29843,0.09154,103.557,10.646,PUSH
12.385,0.29843,0.09154,103.557,10.637,PUSH
12.386,0.29843,0.09154,103.557,10.629,PUSH
12.387,0.29843,0.09154,103.557,10.62,PUSH
12.388,0.29843,0.09154,103.557,10.611,PUSH
12.389,0.29843,0.09154,103.557,10.602,PUSH
12.39,0.29843,0.09154,103.557,10.594,PUSH
12.391,0.29843,0.09154,103.557,10.585,PUSH
12.392,0.29843,0.09154,103.557,10.576,PUSH
12.393,0.29843,0.09154,103.557,10.566,PUSH
12.394,0.29843,0.09154,103.557,10.557,PUSH
12.395,0.29843,0.09154,103.557,10.549,PUSH
12.396,0.29843,0.09154,103.557,10.539,PUSH
12.397,0.29843,0.09154,103.557,10.529,PUSH
12.398,0.29843,0.09154,103.557,10.519,PUSH
12.399,0.29843,0.09154,103.557,10.51,PUSH
12.4,0.29843,0.09154,103.557,10.501,PUSH
12.401,0.29733,0.0883,100.187,11.621,PUSH
12.402,0.29733,0.0883,100.187,11.61,PUSH
12.403,0.29733,0.0883,100.187,11.599,PUSH
12.404,0.29733,0.0883,100.187,11.589,PUSH
12.405,0.29733,0.0883,100.187,11.58,PUSH
12.406,0.29733,0.0883,100.187,11.569,PUSH
12.407,0.29733,0.0883,100.187,11.558,PUSH
12.408,0.29733,0.0883,100.187,11.546,PUSH
12.409,0.29733,0.0883,100.187,11.536,PUSH
12.41,0.29733,0.0883,100.187,11.526,PUSH
12.411,0.29733,0.0883,100.187,11.515,PUSH
12.412,0.29733,0.0883,100.187,11.504,PUSH
12.413,0.29733,0.0883,100.187,11.492,PUSH
12.414,0.29733,0.0883,100.187,11.481,PUSH
12.415,0.29733,0.0883,100.187,11.471,PUSH
12.416,0.29733,0.0883,100.187,11.46,PUSH
12.417,0.29733,0.0883,100.187,11.448,PUSH
12.418,0.29733,0.0883,100.187,11.436,PUSH
12.419,0.29733,0.0883,100.187,11.425,PUSH
12.42,0.29733,0.0883,100.187,11.415,PUSH
12.421,0.29733,0.0883,100.187,11.403,PUSH
12.422,0.29733,0.0883,100.187,11.391,PUSH
12.423,0.29733,0.0883,100.187,11.379,PUSH
12.424,0.29733,0.0883,100.187,11.368,PUSH
12.425,0.29733,0.0883,100.187,11.358,PUSH
12.426,0.29733,0.0883,100.187,11.346,PUSH
12.427,0.29733,0.0883,100.187,11.334,PUSH
12.428,0.29733,0.0883,100.187,11.322,PUSH
12.429,0.29733,0.0883,100.187,11.31,PUSH
12.43,0.29733,0.0883,100.187,11.3,PUSH
12.431,0.29733,0.0883,100.187,11.288,PUSH
12.432,0.29733,0.0883,100.187,11.276,PUSH
12.433,0.29733,0.0883,100.187,11.264,PUSH
12.434,0.29476,0.09055,101.012,4.427,PUSH
12.435,0.29476,0.09055,101.012,4.418,PUSH
12.436,0.29476,0.09055,101.012,4.408,PUSH
12.437,0.29476,0.09055,101.012,4.399,PUSH
12.438,0.29476,0.09055,101.012,4.39,PUSH
12.439,0.29476,0.09055,101.012,4.382,PUSH
12.44,0.29476,0.09055,101.012,4.376,PUSH
12.441,0.29476,0.09055,101.012,4.369,PUSH
12.442,0.29476,0.09055,101.012,4.362,PUSH
12.443,0.29476,0.09055,101.012,4.354,PUSH
12.444,0.29476,0.09055,101.012,4.347,PUSH
12.445,0.29476,0.09055,101.012,4.34,PUSH
12.446,0.29476,0.09055,101.012,4.333,PUSH
12.447,0.29476,0.09055,101.012,4.327,PUSH
12.448,0.29476,0.09055,101.012,4.321,PUSH
12.449,0.29476,0.09055,101.012,4.314,PUSH
12.45,0.29476,0.09055,101.012,4.308,PUSH
12.451,0.29476,0.09055,101.012,4.302,PUSH
12.452,0.29476,0.09055,101.012,4.296,PUSH
12.453,0.29476,0.09055,101.012,4.29,PUSH
12.454,0.29476,0.09055,101.012,4.284,PUSH
12.455,0.29476,0.09055,101.012,4.278,PUSH
12.456,0.29476,0.09055,101.012,4.273,PUSH
12.457,0.29476,0.09055,101.012,4.267,PUSH
12.458,0.29476,0.09055,101.012,4.262,PUSH
12.459,0.29476,0.09055,101.012,4.256,PUSH
12.46,0.29476,0.09055,101.012,4.251,PUSH
12.461,0.29476,0.09055,101.012,4.245,PUSH
12.462,0.29476,0.09055,101.012,4.24,PUSH
12.463,0.29476,0.09055,101.012,4.235,PUSH
12.464,0.29476,0.09055,101.012,4.229,PUSH
12.465,0.29476,0.09055,101.012,4.225,PUSH
12.466,0.29476,0.09055,101.012,4.219,PUSH
12.467,0.29526,0.09059,101.27,5.08,PUSH
12.468,0.29526,0.09059,101.27,5.076,PUSH
12.469,0.29526,0.09059,101.27,5.07,PUSH
12.47,0.29526,0.09059,101.27,5.064,PUSH
12.471,0.29526,0.09059,101.27,5.059,PUSH
12.472,0.29526,0.09059,101.27,5.054,PUSH
12.473,0.29526,0.09059,101.27,5.048,PUSH
12.474,0.29526,0.09059,101.27,5.043,PUSH
12.475,0.29526,0.09059,101.27,5.038,PUSH
12.476,0.29526,0.09059,101.27,5.032,PUSH
12.477,0.29526,0.09059,101.27,5.027,PUSH
12.478,0.29526,0.09059,101.27,5.022,PUSH
12.479,0.29526,0.09059,101.27,5.016,PUSH
12.48,0.29526,0.09059,101.27,5.011,PUSH
12.481,0.29526,0.09059,101.27,5.005,PUSH
12.482,0.29526,0.09059,101.27,5.0,PUSH
12.483,0.29526,0.09059,101.27,4.995,PUSH
12.484,0.29526,0.09059,101.27,4.989,PUSH
12.485,0.29526,0.09059,101.27,4.983,PUSH
12.486,0.29526,0.09059,101.27,4.979,PUSH
12.487,0.29526,0.09059,101.27,4.973,PUSH
12.488,0.29526,0.09059,101.27,4.967,PUSH
12.489,0.29526,0.09059,101.27,4.962,PUSH
12.49,0.29526,0.09059,101.27,4.957,PUSH
12.491,0.29526,0.09059,101.27,4.951,PUSH
12.492,0.29526,0.09059,101.27,4.946,PUSH
12.493,0.29526,0.09059,101.27,4.94,PUSH
12.494,0.29526,0.09059,101.27,4.935,PUSH
12.495,0.29526,0.09059,101.27,4.93,PUSH
12.496,0.29526,0.09059,101.27,4.924,PUSH
12.497,0.29526,0.09059,101.27,4.918,PUSH
12.498,0.29526,0.09059,101.27,4.913,PUSH
12.499,0.29526,0.09059,101.27,4.908,PUSH
12.5,0.29526,0.09059,101.27,4.902,PUSH
12.501,0.29541,0.08955,100.404,6.134,PUSH
12.502,0.29541,0.08955,100.404,6.128,PUSH
12.503,0.29541,0.08955,100.404,6.121,PUSH
12.504,0.29541,0.08955,100.404,6.116,PUSH
12.505,0.29541,0.08955,100.404,6.11,PUSH
12.506,0.29541,0.08955,100.404,6.103,PUSH
12.507,0.29541,0.08955,100.404,6.098,PUSH
12.508,0.29541,0.08955,100.404,6.091,PUSH
12.509,0.29541,0.08955,100.404,6.085,PUSH
12.51,0.29541,0.08955,100.404,6.079,PUSH
12.511,0.29541,0.08955,100.404,6.073,PUSH
12.512,0.29541,0.08955,100.404,6.066,PUSH
12.513,0.29541,0.08955,100.404,6.061,PUSH
12.514,0.29541,0.08955,100.404,6.054,PUSH
12.515,0.29541,0.08955,100.404,6.048,PUSH
12.516,0.29541,0.08955,100.404,6.042,PUSH
12.517,0.29541,0.08955,100.404,6.036,PUSH
12.518,0.29541,0.08955,100.404,6.029,PUSH
12.519,0.29541,0.08955,100.404,6.023,PUSH
12.52,0.29541,0.08955,100.404,6.017,PUSH
12.521,0.29541,0.08955,100.404,6.01,PUSH
12.522,0.29541,0.08955,100.404,6.005,PUSH
12.523,0.29541,0.08955,100.404,5.999,PUSH
12.524,0.29541,0.08955,100.404,5.992,PUSH
12.525,0.29541,0.08955,100.404,5.986,PUSH
12.526,0.29541,0.08955,100.404,5.98,PUSH
12.527,0.29541,0.08955,100.404,5.973,PUSH
12.528,0.29541,0.08955,100.404,5.968,PUSH
12.529,0.29541,0.08955,100.404,5.961,PUSH
12.53,0.29541,0.08955,100.404,5.955,PUSH
12.531,0.29541,0.08955,100.404,5.949,PUSH
12.532,0.29541,0.08955,100.404,5.943,PUSH
12.533,0.29541,0.08955,100.404,5.936,PUSH
12.534,0.29556,0.0877,98.827,7.94,PUSH
12.535,0.29556,0.0877,98.827,7.933,PUSH
12.536,0.29556,0.0877,98.827,7.926,PUSH
12.537,0.29556,0.0877,98.827,7.919,PUSH
12.538,0.29556,0.0877,98.827,7.912,PUSH
12.539,0.29556,0.0877,98.827,7.904,PUSH
12.54,0.29556,0.0877,98.827,7.897,PUSH
12.541,0.29556,0.0877,98.827,7.89,PUSH
12.542,0.29556,0.0877,98.827,7.882,PUSH
12.543,0.29556,0.0877,98.827,7.874,PUSH
12.544,0.29556,0.0877,98.827,7.867,PUSH
12.545,0.29556,0.0877,98.827,7.859,PUSH
12.546,0.29556,0.0877,98.827,7.852,PUSH
12.547,0.29556,0.0877,98.827,7.844,PUSH
12.548,0.29556,0.0877,98.827,7.837,PUSH
12.549,0.29556,0.0877,98.827,7.829,PUSH
12.55,0.29556,0.0877,98.827,7.821,PUSH
12.551,0.29556,0.0877,98.827,7.812,PUSH
12.552,0.29556,0.0877,98.827,7.805,PUSH
12.553,0.29556,0.0877,98.827,7.798,PUSH
12.554,0.29556,0.0877,98.827,7.791,PUSH
12.555,0.29556,0.0877,98.827,7.782,PUSH
12.556,0.29556,0.0877,98.827,7.774,PUSH
12.557,0.29556,0.0877,98.827,7.766,PUSH
12.558,0.29556,0.0877,98.827,7.758,PUSH
12.559,0.29556,0.0877,98.827,7.751,PUSH
12.56,0.29556,0.0877,98.827,7.743,PUSH
12.561,0.29556,0.0877,98.827,7.734,PUSH
12.562,0.29556,0.0877,98.827,7.727,PUSH
12.563,0.29556,0.0877,98.827,7.718,PUSH
12.564,0.29556,0.0877,98.827,7.71,PUSH
12.565,0.29556,0.0877,98.827,7.702,PUSH
12.566,0.29556,0.0877,98.827,7.694,PUSH
12.567,0.29728,0.08702,99.033,11.5,PUSH
12.568,0.29728,0.08702,99.033,11.491,PUSH
12.569,0.29728,0.08702,99.033,11.482,PUSH
12.57,0.29728,0.08702,99.033,11.473,PUSH
12.571,0.29728,0.08702,99.033,11.463,PUSH
12.572,0.29728,0.08702,99.033,11.452,PUSH
12.573,0.29728,0.08702,99.033,11.441,PUSH
12.574,0.29728,0.08702,99.033,11.431,PUSH
12.575,0.29728,0.08702,99.033,11.422,PUSH
12.576,0.29728,0.08702,99.033,11.411,PUSH
12.577,0.29728,0.08702,99.033,11.4,PUSH
12.578,0.29728,0.08702,99.033,11.388,PUSH
12.579,0.29728,0.08702,99.033,11.377,PUSH
12.58,0.29728,0.08702,99.033,11.367,PUSH
12.581,0.29728,0.08702,99.033,11.356,PUSH
12.582,0.29728,0.08702,99.033,11.345,PUSH
12.583,0.29728,0.08702,99.033,11.333,PUSH
12.584,0.29728,0.08702,99.033,11.322,PUSH
12.585,0.29728,0.08702,99.033,11.311,PUSH
12.586,0.29728,0.08702,99.033,11.3,PUSH
12.587,0.29728,0.08702,99.033,11.288,PUSH
12.588,0.29728,0.08702,99.033,11.276,PUSH
12.589,0.29728,0.08702,99.033,11.265,PUSH
12.59,0.29728,0.08702,99.033,11.254,PUSH
12.591,0.29728,0.08702,99.033,11.243,PUSH
12.592,0.29728,0.08702,99.033,11.231,PUSH
12.593,0.29728,0.08702,99.033,11.218,PUSH
12.594,0.29728,0.08702,99.033,11.207,PUSH
12.595,0.29728,0.08702,99.033,11.196,PUSH
12.596,0.29728,0.08702,99.033,11.185,PUSH
12.597,0.29728,0.08702,99.033,11.172,PUSH
12.598,0.29728,0.08702,99.033,11.16,PUSH
12.599,0.29728,0.08702,99.033,11.148,PUSH
12.6,0.29728,0.08702,99.033,11.137,PUSH
12.601,0.29722,0.08796,99.83,10.103,PUSH
12.602,0.29722,0.08796,99.83,10.091,PUSH
12.603,0.29722,0.08796,99.83,10.078,PUSH
12.604,0.29722,0.08796,99.83,10.067,PUSH
12.605,0.29722,0.08796,99.83,10.057,PUSH
12.606,0.29722,0.08796,99.83,10.045,PUSH
12.607,0.29722,0.08796,99.83,10.034,PUSH
12.608,0.29722,0.08796,99.83,10.022,PUSH
12.609,0.29722,0.08796,99.83,10.011,PUSH
12.61,0.29722,0.08796,99.83,9.999,PUSH
12.611,0.29722,0.08796,99.83,9.989,PUSH
12.612,0.29722,0.08796,99.83,9.977,PUSH
12.613,0.29722,0.08796,99.83,9.966,PUSH
12.614,0.29722,0.08796,99.83,9.955,PUSH
12.615,0.29722,0.08796,99.83,9.944,PUSH
12.616,0.29722,0.08796,99.83,9.932,PUSH
12.617,0.29722,0.08796,99.83,9.922,PUSH
12.618,0.29722,0.08796,99.83,9.91,PUSH
12.619,0.29722,0.08796,99.83,9.899,PUSH
12.62,0.29722,0.08796,99.83,9.888,PUSH
12.621,0.29722,0.08796,99.83,9.877,PUSH
12.622,0.29722,0.08796,99.83,9.867,PUSH
12.623,0.29722,0.08796,99.83,9.856,PUSH
12.624,0.29722,0.08796,99.83,9.845,PUSH
12.625,0.29722,0.08796,99.83,9.833,PUSH
12.626,0.29722,0.08796,99.83,9.823,PUSH
12.627,0.29722,0.08796,99.83,9.813,PUSH
12.628,0.29722,0.08796,99.83,9.802,PUSH
12.629,0.29722,0.08796,99.83,9.791,PUSH
12.63,0.29722,0.08796,99.83,9.779,PUSH
12.631,0.29722,0.08796,99.83,9.769,PUSH
12.632,0.29722,0.08796,99.83,9.758,PUSH
12.633,0.29722,0.08796,99.83,9.746,PUSH
12.634,0.29307,0.08593,96.114,4.02,PUSH
12.635,0.29307,0.08593,96.114,4.01,PUSH
12.636,0.29307,0.08593,96.114,4.002,PUSH
12.637,0.29307,0.08593,96.114,3.994,PUSH
12.638,0.29307,0.08593,96.114,3.985,PUSH
12.639,0.29307,0.08593,96.114,3.978,PUSH
12.64,0.29307,0.08593,96.114,3.971,PUSH
12.641,0.29307,0.08593,96.114,3.963,PUSH
12.642,0.29307,0.08593,96.114,3.957,PUSH
12.643,0.29307,0.08593,96.114,3.95,PUSH
12.644,0.29307,0.08593,96.114,3.943,PUSH
12.645,0.29307,0.08593,96.114,3.937,PUSH
12.646,0.29307,0.08593,96.114,3.931,PUSH
12.647,0.29307,0.08593,96.114,3.924,PUSH
12.648,0.29307,0.08593,96.114,3.917,PUSH
12.649,0.29307,0.08593,96.114,3.911,PUSH
12.65,0.29307,0.08593,96.114,3.905,PUSH
12.651,0.29307,0.08593,96.114,3.9,PUSH
12.652,0.29307,0.08593,96.114,3.894,PUSH
12.653,0.29307,0.08593,96.114,3.888,PUSH
12.654,0.29307,0.08593,96.114,3.882,PUSH
12.655,0.29307,0.08593,96.114,3.876,PUSH
12.656,0.29307,0.08593,96.114,3.871,PUSH
12.657,0.29307,0.08593,96.114,3.864,PUSH
12.658,0.29307,0.08593,96.114,3.859,PUSH
12.659,0.29307,0.08593,96.114,3.853,PUSH
12.66,0.29307,0.08593,96.114,3.847,PUSH
12.661,0.29307,0.08593,96.114,3.841,PUSH
12.662,0.29307,0.08593,96.114,3.836,PUSH
12.663,0.29307,0.08593,96.114,3.831,PUSH
12.664,0.29307,0.08593,96.114,3.826,PUSH
12.665,0.29307,0.08593,96.114,3.821,PUSH
12.666,0.29307,0.08593,96.114,3.815,PUSH
12.667,0.293,0.08484,95.111,4.722,PUSH
12.668,0.293,0.08484,95.111,4.717,PUSH
12.669,0.293,0.08484,95.111,4.712,PUSH
12.67,0.293,0.08484,95.111,4.706,PUSH
12.671,0.293,0.08484,95.111,4.701,PUSH
12.672,0.293,0.08484,95.111,4.696,PUSH
12.673,0.293,0.08484,95.111,4.69,PUSH
12.674,0.293,0.08484,95.111,4.685,PUSH
12.675,0.293,0.08484,95.111,4.68,PUSH
12.676,0.293,0.08484,95.111,4.674,PUSH
12.677,0.293,0.08484,95.111,4.669,PUSH
12.678,0.293,0.08484,95.111,4.664,PUSH
12.679,0.293,0.08484,95.111,4.658,PUSH
12.68,0.293,0.08484,95.111,4.653,PUSH
12.681,0.293,0.08484,95.111,4.648,PUSH
12.682,0.293,0.08484,95.111,4.642,PUSH
12.683,0.293,0.08484,95.111,4.637,PUSH
12.684,0.293,0.08484,95.111,4.632,PUSH
12.685,0.293,0.08484,95.111,4.626,PUSH
12.686,0.293,0.08484,95.111,4.621,PUSH
12.687,0.293,0.08484,95.111,4.616,PUSH
12.688,0.293,0.08484,95.111,4.61,PUSH
12.689,0.293,0.08484,95.111,4.605,PUSH
12.69,0.293,0.08484,95.111,4.6,PUSH
12.691,0.293,0.08484,95.111,4.594,PUSH
12.692,0.293,0.08484,95.111,4.589,PUSH
12.693,0.293,0.08484,95.111,4.584,PUSH
12.694,0.293,0.08484,95.111,4.578,PUSH
12.695,0.293,0.08484,95.111,4.573,PUSH
12.696,0.293,0.08484,95.111,4.568,PUSH
12.697,0.293,0.08484,95.111,4.562,PUSH
12.698,0.293,0.08484,95.111,4.557,PUSH
12.699,0.293,0.08484,95.111,4.552,PUSH
12.7,0.29414,0.08717,97.713,4.467,PUSH
12.701,0.29414,0.08717,97.713,4.463,PUSH
12.702,0.29414,0.08717,97.713,4.457,PUSH
12.703,0.29414,0.08717,97.713,4.452,PUSH
12.704,0.29414,0.08717,97.713,4.447,PUSH
12.705,0.29414,0.08717,97.713,4.442,PUSH
12.706,0.29414,0.08717,97.713,4.436,PUSH
12.707,0.29414,0.08717,97.713,4.431,PUSH
12.708,0.29414,0.08717,97.713,4.426,PUSH
12.709,0.29414,0.08717,97.713,4.421,PUSH
12.71,0.29414,0.08717,97.713,4.416,PUSH
12.711,0.29414,0.08717,97.713,4.411,PUSH
12.712,0.29414,0.08717,97.713,4.405,PUSH
12.713,0.29414,0.08717,97.713,4.401,PUSH
12.714,0.29414,0.08717,97.713,4.396,PUSH
12.715,0.29414,0.08717,97.713,4.39,PUSH
12.716,0.29414,0.08717,97.713,4.386,PUSH
12.717,0.29414,0.08717,97.713,4.38,PUSH
12.718,0.29414,0.08717,97.713,4.375,PUSH
12.719,0.29414,0.08717,97.713,4.371,PUSH
12.72,0.29414,0.08717,97.713,4.366,PUSH
12.721,0.29414,0.08717,97.713,4.36,PUSH
12.722,0.29414,0.08717,97.713,4.356,PUSH
12.723,0.29414,0.08717,97.713,4.351,PUSH
12.724,0.29414,0.08717,97.713,4.345,PUSH
12.725,0.29414,0.08717,97.713,4.341,PUSH
12.726,0.29414,0.08717,97.713,4.336,PUSH
12.727,0.29414,0.08717,97.713,4.331,PUSH
12.728,0.29414,0.08717,97.713,4.326,PUSH
12.729,0.29414,0.08717,97.713,4.322,PUSH
12.73,0.29414,0.08717,97.713,4.316,PUSH
12.731,0.29414,0.08717,97.713,4.312,PUSH
12.732,0.29414,0.08717,97.713,4.307,PUSH
12.733,0.29414,0.08717,97.713,4.302,PUSH
12.734,0.29264,0.08663,96.555,2.004,PUSH
12.735,0.29264,0.08663,96.555,1.999,PUSH
12.736,0.29264,0.08663,96.555,1.995,PUSH
12.737,0.29264,0.08663,96.555,1.992,PUSH
12.738,0.29264,0.08663,96.555,1.988,PUSH
12.739,0.29264,0.08663,96.555,1.984,PUSH
12.74,0.29264,0.08663,96.555,1.981,PUSH
12.741,0.29264,0.08663,96.555,1.978,PUSH
12.742,0.29264,0.08663,96.555,1.974,PUSH
12.743,0.29264,0.08663,96.555,1.972,PUSH
12.744,0.29264,0.08663,96.555,1.968,PUSH
12.745,0.29264,0.08663,96.555,1.965,PUSH
12.746,0.29264,0.08663,96.555,1.962,PUSH
12.747,0.29264,0.08663,96.555,1.959,PUSH
12.748,0.29264,0.08663,96.555,1.956,PUSH
12.749,0.29264,0.08663,96.555,1.954,PUSH
12.75,0.29264,0.08663,96.555,1.951,PUSH
12.751,0.29264,0.08663,96.555,1.947,PUSH
12.752,0.29264,0.08663,96.555,1.945,PUSH
12.753,0.29264,0.08663,96.555,1.942,PUSH
12.754,0.29264,0.08663,96.555,1.939,PUSH
12.755,0.29264,0.08663,96.555,1.937,PUSH
12.756,0.29264,0.08663,96.555,1.934,PUSH
12.757,0.29264,0.08663,96.555,1.931,PUSH
12.758,0.29264,0.08663,96.555,1.929,PUSH
12.759,0.29264,0.08663,96.555,1.926,PUSH
12.76,0.29264,0.08663,96.555,1.923,PUSH
12.761,0.29264,0.08663,96.555,1.921,PUSH
12.762,0.29264,0.08663,96.555,1.918,PUSH
12.763,0.29264,0.08663,96.555,1.916,PUSH
12.764,0.29264,0.08663,96.555,1.914,PUSH
12.765,0.29264,0.08663,96.555,1.911,PUSH
12.766,0.29264,0.08663,96.555,1.908,PUSH
12.767,0.29231,0.08443,94.44,3.358,PUSH
12.768,0.29231,0.08443,94.44,3.355,PUSH
12.769,0.29231,0.08443,94.44,3.352,PUSH
12.77,0.29231,0.08443,94.44,3.35,PUSH
12.771,0.29231,0.08443,94.44,3.347,PUSH
12.772,0.29231,0.08443,94.44,3.343,PUSH
12.773,0.29231,0.08443,94.44,3.341,PUSH
12.774,0.29231,0.08443,94.44,3.337,PUSH
12.775,0.29231,0.08443,94.44,3.334,PUSH
12.776,0.29231,0.08443,94.44,3.331,PUSH
12.777,0.29231,0.08443,94.44,3.328,PUSH
12.778,0.29231,0.08443,94.44,3.324,PUSH
12.779,0.29231,0.08443,94.44,3.322,PUSH
12.78,0.29231,0.08443,94.44,3.318,PUSH
12.781,0.29231,0.08443,94.44,3.315,PUSH
12.782,0.29231,0.08443,94.44,3.312,PUSH
12.783,0.29231,0.08443,94.44,3.309,PUSH
12.784,0.29231,0.08443,94.44,3.305,PUSH
12.785,0.29231,0.08443,94.44,3.303,PUSH
12.786,0.29231,0.08443,94.44,3.299,PUSH
12.787,0.29231,0.08443,94.44,3.296,PUSH
12.788,0.29231,0.08443,94.44,3.293,PUSH
12.789,0.29231,0.08443,94.44,3.29,PUSH
12.79,0.29231,0.08443,94.44,3.286,PUSH
12.791,0.29231,0.08443,94.44,3.283,PUSH
12.792,0.29231,0.08443,94.44,3.28,PUSH
12.793,0.29231,0.08443,94.44,3.277,PUSH
12.794,0.29231,0.08443,94.44,3.274,PUSH
12.795,0.29231,0.08443,94.44,3.27,PUSH
12.796,0.29231,0.08443,94.44,3.267,PUSH
12.797,0.29231,0.08443,94.44,3.264,PUSH
12.798,0.29231,0.08443,94.44,3.261,PUSH
12.799,0.29231,0.08443,94.44,3.257,PUSH
12.8,0.29231,0.08443,94.44,3.254,PUSH
12.801,0.29383,0.08533,95.924,5.248,PUSH
12.802,0.29383,0.08533,95.924,5.244,PUSH
12.803,0.29383,0.08533,95.924,5.241,PUSH
12.804,0.29383,0.08533,95.924,5.237,PUSH
12.805,0.29383,0.08533,95.924,5.232,PUSH
12.806,0.29383,0.08533,95.924,5.228,PUSH
12.807,0.29383,0.08533,95.924,5.224,PUSH
12.808,0.29383,0.08533,95.924,5.219,PUSH
12.809,0.29383,0.08533,95.924,5.215,PUSH
12.81,0.29383,0.08533,95.924,5.21,PUSH
12.811,0.29383,0.08533,95.924,5.205,PUSH
12.812,0.29383,0.08533,95.924,5.201,PUSH
12.813,0.29383,0.08533,95.924,5.197,PUSH
12.814,0.29383,0.08533,95.924,5.193,PUSH
12.815,0.29383,0.08533,95.924,5.188,PUSH
12.816,0.29383,0.08533,95.924,5.183,PUSH
12.817,0.29383,0.08533,95.924,5.178,PUSH
12.818,0.29383,0.08533,95.924,5.174,PUSH
12.819,0.29383,0.08533,95.924,5.17,PUSH
12.82,0.29383,0.08533,95.924,5.166,PUSH
12.821,0.29383,0.08533,95.924,5.161,PUSH
12.822,0.29383,0.08533,95.924,5.155,PUSH
12.823,0.29383,0.08533,95.924,5.151,PUSH
12.824,0.29383,0.08533,95.924,5.146,PUSH
12.825,0.29383,0.08533,95.924,5.142,PUSH
12.826,0.29383,0.08533,95.924,5.137,PUSH
12.827,0.29383,0.08533,95.924,5.132,PUSH
12.828,0.29383,0.08533,95.924,5.127,PUSH
12.829,0.29383,0.08533,95.924,5.122,PUSH
12.83,0.29383,0.08533,95.924,5.117,PUSH
12.831,0.29383,0.08533,95.924,5.113,PUSH
12.832,0.29383,0.08533,95.924,5.108,PUSH
12.833,0.29383,0.08533,95.924,5.102,PUSH
12.834,0.29581,0.0854,96.914,8.667,PUSH
12.835,0.29581,0.0854,96.914,8.662,PUSH
12.836,0.29581,0.0854,96.914,8.656,PUSH
12.837,0.29581,0.0854,96.914,8.65,PUSH
12.838,0.29581,0.0854,96.914,8.643,PUSH
12.839,0.29581,0.0854,96.914,8.635,PUSH
12.84,0.29581,0.0854,96.914,8.629,PUSH
12.841,0.29581,0.0854,96.914,8.623,PUSH
12.842,0.29581,0.0854,96.914,8.616,PUSH
12.843,0.29581,0.0854,96.914,8.608,PUSH
12.844,0.29581,0.0854,96.914,8.6,PUSH
12.845,0.29581,0.0854,96.914,8.593,PUSH
12.846,0.29581,0.0854,96.914,8.586,PUSH
12.847,0.29581,0.0854,96.914,8.579,PUSH
12.848,0.29581,0.0854,96.914,8.571,PUSH
12.849,0.29581,0.0854,96.914,8.562,PUSH
12.85,0.29581,0.0854,96.914,8.555,PUSH
12.851,0.29581,0.0854,96.914,8.548,PUSH
12.852,0.29581,0.0854,96.914,8.54,PUSH
12.853,0.29581,0.0854,96.914,8.532,PUSH
12.854,0.29581,0.0854,96.914,8.523,PUSH
12.855,0.29581,0.0854,96.914,8.516,PUSH
12.856,0.29581,0.0854,96.914,8.509,PUSH
12.857,0.29581,0.0854,96.914,8.501,PUSH
12.858,0.29581,0.0854,96.914,8.492,PUSH
12.859,0.29581,0.0854,96.914,8.483,PUSH
12.86,0.29581,0.0854,96.914,8.475,PUSH
12.861,0.29581,0.0854,96.914,8.468,PUSH
12.862,0.29581,0.0854,96.914,8.46,PUSH
12.863,0.29581,0.0854,96.914,8.451,PUSH
12.864,0.29581,0.0854,96.914,8.442,PUSH
12.865,0.29581,0.0854,96.914,8.434,PUSH
12.866,0.29581,0.0854,96.914,8.427,PUSH
12.867,0.29637,0.08278,94.888,12.061,PUSH
12.868,0.29637,0.08278,94.888,12.051,PUSH
12.869,0.29637,0.08278,94.888,12.04,PUSH
12.87,0.29637,0.08278,94.888,12.031,PUSH
12.871,0.29637,0.08278,94.888,12.022,PUSH
12.872,0.29637,0.08278,94.888,12.011,PUSH
12.873,0.29637,0.08278,94.888,12.0,PUSH
12.874,0.29637,0.08278,94.888,11.988,PUSH
12.875,0.29637,0.08278,94.888,11.978,PUSH
12.876,0.29637,0.08278,94.888,11.967,PUSH
12.877,0.29637,0.08278,94.888,11.956,PUSH
12.878,0.29637,0.08278,94.888,11.944,PUSH
12.879,0.29637,0.08278,94.888,11.932,PUSH
12.88,0.29637,0.08278,94.888,11.921,PUSH
12.881,0.29637,0.08278,94.888,11.911,PUSH
12.882,0.29637,0.08278,94.888,11.899,PUSH
12.883,0.29637,0.08278,94.888,11.887,PUSH
12.884,0.29637,0.08278,94.888,11.875,PUSH
12.885,0.29637,0.08278,94.888,11.863,PUSH
12.886,0.29637,0.08278,94.888,11.853,PUSH
12.887,0.29637,0.08278,94.888,11.841,PUSH
12.888,0.29637,0.08278,94.888,11.829,PUSH
12.889,0.29637,0.08278,94.888,11.816,PUSH
12.89,0.29637,0.08278,94.888,11.805,PUSH
12.891,0.29637,0.08278,94.888,11.794,PUSH
12.892,0.29637,0.08278,94.888,11.782,PUSH
12.893,0.29637,0.08278,94.888,11.769,PUSH
12.894,0.29637,0.08278,94.888,11.757,PUSH
12.895,0.29637,0.08278,94.888,11.745,PUSH
12.896,0.29637,0.08278,94.888,11.734,PUSH
12.897,0.29637,0.08278,94.888,11.722,PUSH
12.898,0.29637,0.08278,94.888,11.709,PUSH
12.899,0.29637,0.08278,94.888,11.697,PUSH
12.9,0.29637,0.08278,94.888,11.685,PUSH
12.901,0.29455,0.08396,95.044,7.144,PUSH
12.902,0.29455,0.08396,95.044,7.133,PUSH
12.903,0.29455,0.08396,95.044,7.122,PUSH
12.904,0.29455,0.08396,95.044,7.11,PUSH
12.905,0.29455,0.08396,95.044,7.101,PUSH
12.906,0.29455,0.08396,95.044,7.092,PUSH
12.907,0.29455,0.08396,95.044,7.083,PUSH
12.908,0.29455,0.08396,95.044,7.073,PUSH
12.909,0.29455,0.08396,95.044,7.063,PUSH
12.91,0.29455,0.08396,95.044,7.054,PUSH
12.911,0.29455,0.08396,95.044,7.045,PUSH
12.912,0.29455,0.08396,95.044,7.037,PUSH
12.913,0.29455,0.08396,95.044,7.028,PUSH
12.914,0.29455,0.08396,95.044,7.018,PUSH
12.915,0.29455,0.08396,95.044,7.009,PUSH
12.916,0.29455,0.08396,95.044,7.001,PUSH
12.917,0.29455,0.08396,95.044,6.993,PUSH
12.918,0.29455,0.08396,95.044,6.985,PUSH
12.919,0.29455,0.08396,95.044,6.976,PUSH
12.92,0.29455,0.08396,95.044,6.967,PUSH
12.921,0.29455,0.08396,95.044,6.957,PUSH
12.922,0.29455,0.08396,95.044,6.949,PUSH
12.923,0.29455,0.08396,95.044,6.941,PUSH
12.924,0.29455,0.08396,95.044,6.933,PUSH
12.925,0.29455,0.08396,95.044,6.925,PUSH
12.926,0.29455,0.08396,95.044,6.916,PUSH
12.927,0.29455,0.08396,95.044,6.909,PUSH
12.928,0.29455,0.08396,95.044,6.901,PUSH
12.929,0.29455,0.08396,95.044,6.892,PUSH
12.93,0.29455,0.08396,95.044,6.885,PUSH
12.931,0.29455,0.08396,95.044,6.877,PUSH
12.932,0.29455,0.08396,95.044,6.868,PUSH
12.933,0.29455,0.08396,95.044,6.861,PUSH
12.934,0.29343,0.0847,95.185,4.084,PUSH
12.935,0.29343,0.0847,95.185,4.076,PUSH
12.936,0.29343,0.0847,95.185,4.07,PUSH
12.937,0.29343,0.0847,95.185,4.063,PUSH
12.938,0.29343,0.0847,95.185,4.056,PUSH
12.939,0.29343,0.0847,95.185,4.051,PUSH
12.94,0.29343,0.0847,95.185,4.044,PUSH
12.941,0.29343,0.0847,95.185,4.038,PUSH
12.942,0.29343,0.0847,95.185,4.033,PUSH
12.943,0.29343,0.0847,95.185,4.027,PUSH
12.944,0.29343,0.0847,95.185,4.021,PUSH
12.945,0.29343,0.0847,95.185,4.016,PUSH
12.946,0.29343,0.0847,95.185,4.01,PUSH
12.947,0.29343,0.0847,95.185,4.004,PUSH
12.948,0.29343,0.0847,95.185,3.998,PUSH
12.949,0.29343,0.0847,95.185,3.993,PUSH
12.95,0.29343,0.0847,95.185,3.989,PUSH
12.951,0.29343,0.0847,95.185,3.984,PUSH
12.952,0.29343,0.0847,95.185,3.978,PUSH
12.953,0.29343,0.0847,95.185,3.973,PUSH
12.954,0.29343,0.0847,95.185,3.967,PUSH
12.955,0.29343,0.0847,95.185,3.961,PUSH
12.956,0.29343,0.0847,95.185,3.956,PUSH
12.957,0.29343,0.0847,95.185,3.952,PUSH
12.958,0.29343,0.0847,95.185,3.947,PUSH
12.959,0.29343,0.0847,95.185,3.942,PUSH
12.96,0.29343,0.0847,95.185,3.936,PUSH
12.961,0.29343,0.0847,95.185,3.931,PUSH
12.962,0.29343,0.0847,95.185,3.926,PUSH
12.963,0.29343,0.0847,95.185,3.922,PUSH
12.964,0.29343,0.0847,95.185,3.918,PUSH
12.965,0.29343,0.0847,95.185,3.913,PUSH
12.966,0.29343,0.0847,95.185,3.907,PUSH
12.967,0.29001,0.08623,95.062,3.893,PUSH
12.968,0.29001,0.08623,95.062,3.895,PUSH
12.969,0.29001,0.08623,95.062,3.897,PUSH
12.97,0.29001,0.08623,95.062,3.898,PUSH
12.971,0.29001,0.08623,95.062,3.899,PUSH
12.972,0.29001,0.08623,95.062,3.9,PUSH
12.973,0.29001,0.08623,95.062,3.9,PUSH
12.974,0.29001,0.08623,95.062,3.9,PUSH
12.975,0.29001,0.08623,95.062,3.898,PUSH
12.976,0.29001,0.08623,95.062,3.897,PUSH
12.977,0.29001,0.08623,95.062,3.896,PUSH
12.978,0.29001,0.08623,95.062,3.895,PUSH
12.979,0.29001,0.08623,95.062,3.894,PUSH
12.98,0.29001,0.08623,95.062,3.893,PUSH
12.981,0.29001,0.08623,95.062,3.891,PUSH
12.982,0.29001,0.08623,95.062,3.889,PUSH
12.983,0.29001,0.08623,95.062,3.887,PUSH
12.984,0.29001,0.08623,95.062,3.885,PUSH
12.985,0.29001,0.08623,95.062,3.883,PUSH
12.986,0.29001,0.08623,95.062,3.881,PUSH
12.987,0.29001,0.08623,95.062,3.879,PUSH
12.988,0.29001,0.08623,95.062,3.877,PUSH
12.989,0.29001,0.08623,95.062,3.875,PUSH
12.99,0.29001,0.08623,95.062,3.873,PUSH
12.991,0.29001,0.08623,95.062,3.87,PUSH
12.992,0.29001,0.08623,95.062,3.868,PUSH
12.993,0.29001,0.08623,95.062,3.865,PUSH
12.994,0.29001,0.08623,95.062,3.863,PUSH
12.995,0.29001,0.08623,95.062,3.861,PUSH
12.996,0.29001,0.08623,95.062,3.859,PUSH
12.997,0.29001,0.08623,95.062,3.857,PUSH
12.998,0.29001,0.08623,95.062,3.854,PUSH
12.999,0.29001,0.08623,95.062,3.852,PUSH
13.0,0.29001,0.08623,95.062,3.85,PUSH
13.001,0.29149,0.08266,92.483,2.217,PUSH
13.002,0.29149,0.08266,92.483,2.218,PUSH
13.003,0.29149,0.08266,92.483,2.217,PUSH
13.004,0.29149,0.08266,92.483,2.217,PUSH
13.005,0.29149,0.08266,92.483,2.216,PUSH
13.006,0.29149,0.08266,92.483,2.215,PUSH
13.007,0.29149,0.08266,92.483,2.213,PUSH
13.008,0.29149,0.08266,92.483,2.212,PUSH
13.009,0.29149,0.08266,92.483,2.21,PUSH
13.01,0.29149,0.08266,92.483,2.207,PUSH
13.011,0.29149,0.08266,92.483,2.205,PUSH
13.012,0.29149,0.08266,92.483,2.203,PUSH
13.013,0.29149,0.08266,92.483,2.2,PUSH
13.014,0.29149,0.08266,92.483,2.197,PUSH
13.015,0.29149,0.08266,92.483,2.194,PUSH
13.016,0.29149,0.08266,92.483,2.191,PUSH
13.017,0.29149,0.08266,92.483,2.188,PUSH
13.018,0.29149,0.08266,92.483,2.186,PUSH
13.019,0.29149,0.08266,92.483,2.183,PUSH
13.02,0.29149,0.08266,92.483,2.179,PUSH
13.021,0.29149,0.08266,92.483,2.177,PUSH
13.022,0.29149,0.08266,92.483,2.175,PUSH
13.023,0.29149,0.08266,92.483,2.172,PUSH
13.024,0.29149,0.08266,92.483,2.17,PUSH
13.025,0.29149,0.08266,92.483,2.168,PUSH
13.026,0.29149,0.08266,92.483,2.166,PUSH
13.027,0.29149,0.08266,92.483,2.165,PUSH
13.028,0.29149,0.08266,92.483,2.164,PUSH
13.029,0.29149,0.08266,92.483,2.163,PUSH
13.03,0.29149,0.08266,92.483,2.161,PUSH
13.031,0.29149,0.08266,92.483,2.159,PUSH
13.032,0.29149,0.08266,92.483,2.158,PUSH
13.033,0.29149,0.08266,92.483,2.156,PUSH
13.034,0.29083,0.08299,92.495,0.588,PUSH
13.035,0.29083,0.08299,92.495,0.587,PUSH
13.036,0.29083,0.08299,92.495,0.585,PUSH
13.037,0.29083,0.08299,92.495,0.585,PUSH
13.038,0.29083,0.08299,92.495,0.584,PUSH
13.039,0.29083,0.08299,92.495,0.583,PUSH
13.04,0.29083,0.08299,92.495,0.582,PUSH
13.041,0.29083,0.08299,92.495,0.581,PUSH
13.042,0.29083,0.08299,92.495,0.58,PUSH
13.043,0.29083,0.08299,92.495,0.58,PUSH
13.044,0.29083,0.08299,92.495,0.579,PUSH
13.045,0.29083,0.08299,92.495,0.578,PUSH
13.046,0.29083,0.08299,92.495,0.578,PUSH
13.047,0.29083,0.08299,92.495,0.577,PUSH
13.048,0.29083,0.08299,92.495,0.576,PUSH
13.049,0.29083,0.08299,92.495,0.576,PUSH
13.05,0.29083,0.08299,92.495,0.575,PUSH
13.051,0.29083,0.08299,92.495,0.574,PUSH
13.052,0.29083,0.08299,92.495,0.574,PUSH
13.053,0.29083,0.08299,92.495,0.573,PUSH
13.054,0.29083,0.08299,92.495,0.572,PUSH
13.055,0.29083,0.08299,92.495,0.572,PUSH
13.056,0.29083,0.08299,92.495,0.572,PUSH
13.057,0.29083,0.08299,92.495,0.571,PUSH
13.058,0.29083,0.08299,92.495,0.571,PUSH
13.059,0.29083,0.08299,92.495,0.57,PUSH
13.06,0.29083,0.08299,92.495,0.569,PUSH
13.061,0.29083,0.08299,92.495,0.569,PUSH
13.062,0.29083,0.08299,92.495,0.568,PUSH
13.063,0.29083,0.08299,92.495,0.568,PUSH
13.064,0.29083,0.08299,92.495,0.568,PUSH
13.065,0.29083,0.08299,92.495,0.567,PUSH
13.066,0.29083,0.08299,92.495,0.566,PUSH
13.067,0.28821,0.07987,88.539,1.587,PUSH
13.068,0.28821,0.07987,88.539,1.587,PUSH
13.069,0.28821,0.07987,88.539,1.587,PUSH
13.07,0.28821,0.07987,88.539,1.586,PUSH
13.071,0.28821,0.07987,88.539,1.586,PUSH
13.072,0.28821,0.07987,88.539,1.585,PUSH
13.073,0.28821,0.07987,88.539,1.584,PUSH
13.074,0.28821,0.07987,88.539,1.583,PUSH
13.075,0.28821,0.07987,88.539,1.582,PUSH
13.076,0.28821,0.07987,88.539,1.581,PUSH
13.077,0.28821,0.07987,88.539,1.58,PUSH
13.078,0.28821,0.07987,88.539,1.579,PUSH
13.079,0.28821,0.07987,88.539,1.577,PUSH
13.08,0.28821,0.07987,88.539,1.576,PUSH
13.081,0.28821,0.07987,88.539,1.575,PUSH
13.082,0.28821,0.07987,88.539,1.574,PUSH
13.083,0.28821,0.07987,88.539,1.573,PUSH
13.084,0.28821,0.07987,88.539,1.572,PUSH
13.085,0.28821,0.07987,88.539,1.57,PUSH
13.086,0.28821,0.07987,88.539,1.569,PUSH
13.087,0.28821,0.07987,88.539,1.568,PUSH
13.088,0.28821,0.07987,88.539,1.566,PUSH
13.089,0.28821,0.07987,88.539,1.564,PUSH
13.09,0.28821,0.07987,88.539,1.563,PUSH
13.091,0.28821,0.07987,88.539,1.561,PUSH
13.092,0.28821,0.07987,88.539,1.56,PUSH
13.093,0.28821,0.07987,88.539,1.558,PUSH
13.094,0.28821,0.07987,88.539,1.556,PUSH
13.095,0.28821,0.07987,88.539,1.555,PUSH
13.096,0.28821,0.07987,88.539,1.554,PUSH
13.097,0.28821,0.07987,88.539,1.551,PUSH
13.098,0.28821,0.07987,88.539,1.55,PUSH
13.099,0.28821,0.07987,88.539,1.549,PUSH
13.1,0.28821,0.07987,88.539,1.546,PUSH
13.101,0.28773,0.07941,87.913,2.072,PUSH
13.102,0.28773,0.07941,87.913,2.07,PUSH
13.103,0.28773,0.07941,87.913,2.068,PUSH
13.104,0.28773,0.07941,87.913,2.066,PUSH
13.105,0.28773,0.07941,87.913,2.064,PUSH
13.106,0.28773,0.07941,87.913,2.062,PUSH
13.107,0.28773,0.07941,87.913,2.06,PUSH
13.108,0.28773,0.07941,87.913,2.058,PUSH
13.109,0.28773,0.07941,87.913,2.055,PUSH
13.11,0.28773,0.07941,87.913,2.053,PUSH
13.111,0.28773,0.07941,87.913,2.051,PUSH
13.112,0.28773,0.07941,87.913,2.049,PUSH
13.113,0.28773,0.07941,87.913,2.047,PUSH
13.114,0.28773,0.07941,87.913,2.045,PUSH
13.115,0.28773,0.07941,87.913,2.042,PUSH
13.116,0.28773,0.07941,87.913,2.04,PUSH
13.117,0.28773,0.07941,87.913,2.038,PUSH
13.118,0.28773,0.07941,87.913,2.035,PUSH
13.119,0.28773,0.07941,87.913,2.033,PUSH
13.12,0.28773,0.07941,87.913,2.031,PUSH
13.121,0.28773,0.07941,87.913,2.028,PUSH
13.122,0.28773,0.07941,87.913,2.026,PUSH
13.123,0.28773,0.07941,87.913,2.024,PUSH
13.124,0.28773,0.07941,87.913,2.021,PUSH
13.125,0.28773,0.07941,87.913,2.019,PUSH
13.126,0.28773,0.07941,87.913,2.017,PUSH
13.127,0.28773,0.07941,87.913,2.014,PUSH
13.128,0.28773,0.07941,87.913,2.012,PUSH
13.129,0.28773,0.07941,87.913,2.01,PUSH
13.13,0.28773,0.07941,87.913,2.007,PUSH
13.131,0.28773,0.07941,87.913,2.004,PUSH
13.132,0.28773,0.07941,87.913,2.002,PUSH
13.133,0.28773,0.07941,87.913,1.999,PUSH
13.134,0.28806,0.08148,89.929,3.28,PUSH
13.135,0.28806,0.08148,89.929,3.277,PUSH
13.136,0.28806,0.08148,89.929,3.274,PUSH
13.137,0.28806,0.08148,89.929,3.271,PUSH
13.138,0.28806,0.08148,89.929,3.268,PUSH
13.139,0.28806,0.08148,89.929,3.264,PUSH
13.14,0.28806,0.08148,89.929,3.261,PUSH
13.141,0.28806,0.08148,89.929,3.258,PUSH
13.142,0.28806,0.08148,89.929,3.254,PUSH
13.143,0.28806,0.08148,89.929,3.251,PUSH
13.144,0.28806,0.08148,89.929,3.248,PUSH
13.145,0.28806,0.08148,89.929,3.244,PUSH
13.146,0.28806,0.08148,89.929,3.241,PUSH
13.147,0.28806,0.08148,89.929,3.238,PUSH
13.148,0.28806,0.08148,89.929,3.234,PUSH
13.149,0.28806,0.08148,89.929,3.23,PUSH
13.15,0.28806,0.08148,89.929,3.227,PUSH
13.151,0.28806,0.08148,89.929,3.223,PUSH
13.152,0.28806,0.08148,89.929,3.219,PUSH
13.153,0.28806,0.08148,89.929,3.216,PUSH
13.154,0.28806,0.08148,89.929,3.212,PUSH
13.155,0.28806,0.08148,89.929,3.208,PUSH
13.156,0.28806,0.08148,89.929,3.205,PUSH
13.157,0.28806,0.08148,89.929,3.201,PUSH
13.158,0.28806,0.08148,89.929,3.197,PUSH
13.159,0.28806,0.08148,89.929,3.193,PUSH
13.16,0.28806,0.08148,89.929,3.189,PUSH
13.161,0.28806,0.08148,89.929,3.185,PUSH
13.162,0.28806,0.08148,89.929,3.182,PUSH
13.163,0.28806,0.08148,89.929,3.178,PUSH
13.164,0.28806,0.08148,89.929,3.174,PUSH
13.165,0.28806,0.08148,89.929,3.17,PUSH
13.166,0.28806,0.08148,89.929,3.166,PUSH
13.167,0.29257,0.08093,91.442,6.03,PUSH
13.168,0.29257,0.08093,91.442,6.032,PUSH
13.169,0.29257,0.08093,91.442,6.033,PUSH
13.17,0.29257,0.08093,91.442,6.033,PUSH
13.171,0.29257,0.08093,91.442,6.032,PUSH
13.172,0.29257,0.08093,91.442,6.031,PUSH
13.173,0.29257,0.08093,91.442,6.03,PUSH
13.174,0.29257,0.08093,91.442,6.029,PUSH
13.175,0.29257,0.08093,91.442,6.027,PUSH
13.176,0.29257,0.08093,91.442,6.025,PUSH
13.177,0.29257,0.08093,91.442,6.023,PUSH
13.178,0.29257,0.08093,91.442,6.022,PUSH
13.179,0.29257,0.08093,91.442,6.02,PUSH
13.18,0.29257,0.08093,91.442,6.017,PUSH
13.181,0.29257,0.08093,91.442,6.013,PUSH
13.182,0.29257,0.08093,91.442,6.011,PUSH
13.183,0.29257,0.08093,91.442,6.009,PUSH
13.184,0.29257,0.08093,91.442,6.006,PUSH
13.185,0.29257,0.08093,91.442,6.003,PUSH
13.186,0.29257,0.08093,91.442,6.0,PUSH
13.187,0.29257,0.08093,91.442,5.996,PUSH
13.188,0.29257,0.08093,91.442,5.992,PUSH
13.189,0.29257,0.08093,91.442,5.989,PUSH
13.19,0.29257,0.08093,91.442,5.987,PUSH
13.191,0.29257,0.08093,91.442,5.983,PUSH
13.192,0.29257,0.08093,91.442,5.979,PUSH
13.193,0.29257,0.08093,91.442,5.974,PUSH
13.194,0.29257,0.08093,91.442,5.971,PUSH
13.195,0.29257,0.08093,91.442,5.968,PUSH
13.196,0.29257,0.08093,91.442,5.964,PUSH
13.197,0.29257,0.08093,91.442,5.96,PUSH
13.198,0.29257,0.08093,91.442,5.955,PUSH
13.199,0.29257,0.08093,91.442,5.952,PUSH
13.2,0.29417,0.07888,90.402,11.031,PUSH
13.201,0.29417,0.07888,90.402,11.025,PUSH
13.202,0.29417,0.07888,90.402,11.019,PUSH
13.203,0.29417,0.07888,90.402,11.012,PUSH
13.204,0.29417,0.07888,90.402,11.005,PUSH
13.205,0.29417,0.07888,90.402,10.999,PUSH
13.206,0.29417,0.07888,90.402,10.992,PUSH
13.207,0.29417,0.07888,90.402,10.983,PUSH
13.208,0.29417,0.07888,90.402,10.975,PUSH
13.209,0.29417,0.07888,90.402,10.967,PUSH
13.21,0.29417,0.07888,90.402,10.96,PUSH
13.211,0.29417,0.07888,90.402,10.952,PUSH
13.212,0.29417,0.07888,90.402,10.943,PUSH
13.213,0.29417,0.07888,90.402,10.935,PUSH
13.214,0.29417,0.07888,90.402,10.926,PUSH
13.215,0.29417,0.07888,90.402,10.918,PUSH
13.216,0.29417,0.07888,90.402,10.909,PUSH
13.217,0.29417,0.07888,90.402,10.899,PUSH
13.218,0.29417,0.07888,90.402,10.891,PUSH
13.219,0.29417,0.07888,90.402,10.883,PUSH
13.22,0.29417,0.07888,90.402,10.874,PUSH
13.221,0.29417,0.07888,90.402,10.864,PUSH
13.222,0.29417,0.07888,90.402,10.853,PUSH
13.223,0.29417,0.07888,90.402,10.844,PUSH
13.224,0.29417,0.07888,90.402,10.836,PUSH
13.225,0.29417,0.07888,90.402,10.826,PUSH
13.226,0.29417,0.07888,90.402,10.816,PUSH
13.227,0.29417,0.07888,90.402,10.807,PUSH
13.228,0.29417,0.07888,90.402,10.797,PUSH
13.229,0.29417,0.07888,90.402,10.786,PUSH
13.23,0.29417,0.07888,90.402,10.777,PUSH
13.231,0.29417,0.07888,90.402,10.768,PUSH
13.232,0.29417,0.07888,90.402,10.758,PUSH
13.233,0.29417,0.07888,90.402,10.748,PUSH
13.234,0.29168,0.07508,85.872,10.02,PUSH
13.235,0.29168,0.07508,85.872,10.01,PUSH
13.236,0.29168,0.07508,85.872,10.001,PUSH
13.237,0.29168,0.07508,85.872,9.992,PUSH
13.238,0.29168,0.07508,85.872,9.981,PUSH
13.239,0.29168,0.07508,85.872,9.971,PUSH
13.24,0.29168,0.07508,85.872,9.961,PUSH
13.241,0.29168,0.07508,85.872,9.953,PUSH
13.242,0.29168,0.07508,85.872,9.943,PUSH
13.243,0.29168,0.07508,85.872,9.933,PUSH
13.244,0.29168,0.07508,85.872,9.922,PUSH
13.245,0.29168,0.07508,85.872,9.913,PUSH
13.246,0.29168,0.07508,85.872,9.904,PUSH
13.247,0.29168,0.07508,85.872,9.894,PUSH
13.248,0.29168,0.07508,85.872,9.884,PUSH
13.249,0.29168,0.07508,85.872,9.873,PUSH
13.25,0.29168,0.07508,85.872,9.864,PUSH
13.251,0.29168,0.07508,85.872,9.855,PUSH
13.252,0.29168,0.07508,85.872,9.845,PUSH
13.253,0.29168,0.07508,85.872,9.835,PUSH
13.254,0.29168,0.07508,85.872,9.824,PUSH
13.255,0.29168,0.07508,85.872,9.815,PUSH
13.256,0.29168,0.07508,85.872,9.806,PUSH
13.257,0.29168,0.07508,85.872,9.796,PUSH
13.258,0.29168,0.07508,85.872,9.786,PUSH
13.259,0.29168,0.07508,85.872,9.775,PUSH
13.26,0.29168,0.07508,85.872,9.766,PUSH
13.261,0.29168,0.07508,85.872,9.757,PUSH
13.262,0.29168,0.07508,85.872,9.747,PUSH
13.263,0.29168,0.07508,85.872,9.736,PUSH
13.264,0.29168,0.07508,85.872,9.726,PUSH
13.265,0.29168,0.07508,85.872,9.716,PUSH
13.266,0.29168,0.07508,85.872,9.707,PUSH
13.267,0.29474,0.07581,88.027,14.764,PUSH
13.268,0.29474,0.07581,88.027,14.752,PUSH
13.269,0.29474,0.07581,88.027,14.739,PUSH
13.27,0.29474,0.07581,88.027,14.727,PUSH
13.271,0.29474,0.07581,88.027,14.716,PUSH
13.272,0.29474,0.07581,88.027,14.703,PUSH
13.273,0.29474,0.07581,88.027,14.689,PUSH
13.274,0.29474,0.07581,88.027,14.675,PUSH
13.275,0.29474,0.07581,88.027,14.662,PUSH
13.276,0.29474,0.07581,88.027,14.649,PUSH
13.277,0.29474,0.07581,88.027,14.635,PUSH
13.278,0.29474,0.07581,88.027,14.62,PUSH
13.279,0.29474,0.07581,88.027,14.607,PUSH
13.28,0.29474,0.07581,88.027,14.592,PUSH
13.281,0.29474,0.07581,88.027,14.577,PUSH
13.282,0.29474,0.07581,88.027,14.563,PUSH
13.283,0.29474,0.07581,88.027,14.55,PUSH
13.284,0.29474,0.07581,88.027,14.536,PUSH
13.285,0.29474,0.07581,88.027,14.52,PUSH
13.286,0.29474,0.07581,88.027,14.505,PUSH
13.287,0.29474,0.07581,88.027,14.491,PUSH
13.288,0.29474,0.07581,88.027,14.477,PUSH
13.289,0.29474,0.07581,88.027,14.462,PUSH
13.29,0.29474,0.07581,88.027,14.447,PUSH
13.291,0.29474,0.07581,88.027,14.431,PUSH
13.292,0.29474,0.07581,88.027,14.417,PUSH
13.293,0.29474,0.07581,88.027,14.403,PUSH
13.294,0.29474,0.07581,88.027,14.388,PUSH
13.295,0.29474,0.07581,88.027,14.373,PUSH
13.296,0.29474,0.07581,88.027,14.357,PUSH
13.297,0.29474,0.07581,88.027,14.343,PUSH
13.298,0.29474,0.07581,88.027,14.329,PUSH
13.299,0.29474,0.07581,88.027,14.314,PUSH
13.3,0.28946,0.07405,83.905,5.97,PUSH
13.301,0.28946,0.07405,83.905,5.956,PUSH
13.302,0.28946,0.07405,83.905,5.944,PUSH
13.303,0.28946,0.07405,83.905,5.934,PUSH
13.304,0.28946,0.07405,83.905,5.923,PUSH
13.305,0.28946,0.07405,83.905,5.913,PUSH
13.306,0.28946,0.07405,83.905,5.902,PUSH
13.307,0.28946,0.07405,83.905,5.893,PUSH
13.308,0.28946,0.07405,83.905,5.884,PUSH
13.309,0.28946,0.07405,83.905,5.876,PUSH
13.31,0.28946,0.07405,83.905,5.866,PUSH
13.311,0.28946,0.07405,83.905,5.857,PUSH
13.312,0.28946,0.07405,83.905,5.848,PUSH
13.313,0.28946,0.07405,83.905,5.839,PUSH
13.314,0.28946,0.07405,83.905,5.83,PUSH
13.315,0.28946,0.07405,83.905,5.823,PUSH
13.316,0.28946,0.07405,83.905,5.814,PUSH
13.317,0.28946,0.07405,83.905,5.805,PUSH
13.318,0.28946,0.07405,83.905,5.798,PUSH
13.319,0.28946,0.07405,83.905,5.789,PUSH
13.32,0.28946,0.07405,83.905,5.781,PUSH
13.321,0.28946,0.07405,83.905,5.773,PUSH
13.322,0.28946,0.07405,83.905,5.765,PUSH
13.323,0.28946,0.07405,83.905,5.757,PUSH
13.324,0.28946,0.07405,83.905,5.748,PUSH
13.325,0.28946,0.07405,83.905,5.741,PUSH
13.326,0.28946,0.07405,83.905,5.733,PUSH
13.327,0.28946,0.07405,83.905,5.726,PUSH
13.328,0.28946,0.07405,83.905,5.718,PUSH
13.329,0.28946,0.07405,83.905,5.71,PUSH
13.33,0.28946,0.07405,83.905,5.702,PUSH
13.331,0.28946,0.07405,83.905,5.694,PUSH
13.332,0.28946,0.07405,83.905,5.687,PUSH
13.333,0.28946,0.07405,83.905,5.679,PUSH
13.334,0.2913,0.07292,83.803,10.59,PUSH
13.335,0.2913,0.07292,83.803,10.582,PUSH
13.336,0.2913,0.07292,83.803,10.573,PUSH
13.337,0.2913,0.07292,83.803,10.564,PUSH
13.338,0.2913,0.07292,83.803,10.555,PUSH
13.339,0.2913,0.07292,83.803,10.545,PUSH
13.34,0.2913,0.07292,83.803,10.536,PUSH
13.341,0.2913,0.07292,83.803,10.526,PUSH
13.342,0.2913,0.07292,83.803,10.516,PUSH
13.343,0.2913,0.07292,83.803,10.507,PUSH
13.344,0.2913,0.07292,83.803,10.497,PUSH
13.345,0.2913,0.07292,83.803,10.488,PUSH
13.346,0.2913,0.07292,83.803,10.478,PUSH
13.347,0.2913,0.07292,83.803,10.467,PUSH
13.348,0.2913,0.07292,83.803,10.456,PUSH
13.349,0.2913,0.07292,83.803,10.446,PUSH
13.35,0.2913,0.07292,83.803,10.437,PUSH
13.351,0.2913,0.07292,83.803,10.427,PUSH
13.352,0.2913,0.07292,83.803,10.416,PUSH
13.353,0.2913,0.07292,83.803,10.405,PUSH
13.354,0.2913,0.07292,83.803,10.395,PUSH
13.355,0.2913,0.07292,83.803,10.384,PUSH
13.356,0.2913,0.07292,83.803,10.374,PUSH
13.357,0.2913,0.07292,83.803,10.363,PUSH
13.358,0.2913,0.07292,83.803,10.352,PUSH
13.359,0.2913,0.07292,83.803,10.34,PUSH
13.36,0.2913,0.07292,83.803,10.33,PUSH
13.361,0.2913,0.07292,83.803,10.32,PUSH
13.362,0.2913,0.07292,83.803,10.309,PUSH
13.363,0.2913,0.07292,83.803,10.298,PUSH
13.364,0.2913,0.07292,83.803,10.286,PUSH
13.365,0.2913,0.07292,83.803,10.275,PUSH
13.366,0.2913,0.07292,83.803,10.264,PUSH
13.367,0.29143,0.07369,84.539,9.649,PUSH
13.368,0.29143,0.07369,84.539,9.639,PUSH
13.369,0.29143,0.07369,84.539,9.627,PUSH
13.37,0.29143,0.07369,84.539,9.617,PUSH
13.371,0.29143,0.07369,84.539,9.606,PUSH
13.372,0.29143,0.07369,84.539,9.595,PUSH
13.373,0.29143,0.07369,84.539,9.584,PUSH
13.374,0.29143,0.07369,84.539,9.573,PUSH
13.375,0.29143,0.07369,84.539,9.564,PUSH
13.376,0.29143,0.07369,84.539,9.553,PUSH
13.377,0.29143,0.07369,84.539,9.542,PUSH
13.378,0.29143,0.07369,84.539,9.531,PUSH
13.379,0.29143,0.07369,84.539,9.52,PUSH
13.38,0.29143,0.07369,84.539,9.509,PUSH
13.381,0.29143,0.07369,84.539,9.498,PUSH
13.382,0.29143,0.07369,84.539,9.488,PUSH
13.383,0.29143,0.07369,84.539,9.477,PUSH
13.384,0.29143,0.07369,84.539,9.467,PUSH
13.385,0.29143,0.07369,84.539,9.456,PUSH
13.386,0.29143,0.07369,84.539,9.445,PUSH
13.387,0.29143,0.07369,84.539,9.434,PUSH
13.388,0.29143,0.07369,84.539,9.424,PUSH
13.389,0.29143,0.07369,84.539,9.414,PUSH
13.39,0.29143,0.07369,84.539,9.404,PUSH
13.391,0.29143,0.07369,84.539,9.393,PUSH
13.392,0.29143,0.07369,84.539,9.382,PUSH
13.393,0.29143,0.07369,84.539,9.372,PUSH
13.394,0.29143,0.07369,84.539,9.361,PUSH
13.395,0.29143,0.07369,84.539,9.35,PUSH
13.396,0.29143,0.07369,84.539,9.34,PUSH
13.397,0.29143,0.07369,84.539,9.329,PUSH
13.398,0.29143,0.07369,84.539,9.32,PUSH
13.399,0.29143,0.07369,84.539,9.309,PUSH
13.4,0.29143,0.07369,84.539,9.298,PUSH
13.401,0.29149,0.07116,82.377,12.258,PUSH
13.402,0.29149,0.07116,82.377,12.248,PUSH
13.403,0.29149,0.07116,82.377,12.237,PUSH
13.404,0.29149,0.07116,82.377,12.226,PUSH
13.405,0.29149,0.07116,82.377,12.213,PUSH
13.406,0.29149,0.07116,82.377,12.201,PUSH
13.407,0.29149,0.07116,82.377,12.188,PUSH
13.408,0.29149,0.07116,82.377,12.176,PUSH
13.409,0.29149,0.07116,82.377,12.164,PUSH
13.41,0.29149,0.07116,82.377,12.152,PUSH
13.411,0.29149,0.07116,82.377,12.139,PUSH
13.412,0.29149,0.07116,82.377,12.126,PUSH
13.413,0.29149,0.07116,82.377,12.114,PUSH
13.414,0.29149,0.07116,82.377,12.102,PUSH
13.415,0.29149,0.07116,82.377,12.089,PUSH
13.416,0.29149,0.07116,82.377,12.076,PUSH
13.417,0.29149,0.07116,82.377,12.063,PUSH
13.418,0.29149,0.07116,82.377,12.05,PUSH
13.419,0.29149,0.07116,82.377,12.037,PUSH
13.42,0.29149,0.07116,82.377,12.025,PUSH
13.421,0.29149,0.07116,82.377,12.012,PUSH
13.422,0.29149,0.07116,82.377,11.999,PUSH
13.423,0.29149,0.07116,82.377,11.986,PUSH
13.424,0.29149,0.07116,82.377,11.973,PUSH
13.425,0.29149,0.07116,82.377,11.96,PUSH
13.426,0.29149,0.07116,82.377,11.948,PUSH
13.427,0.29149,0.07116,82.377,11.934,PUSH
13.428,0.29149,0.07116,82.377,11.922,PUSH
13.429,0.29149,0.07116,82.377,11.909,PUSH
13.43,0.29149,0.07116,82.377,11.896,PUSH
13.431,0.29149,0.07116,82.377,11.882,PUSH
13.432,0.29149,0.07116,82.377,11.87,PUSH
13.433,0.29149,0.07116,82.377,11.858,PUSH
13.434,0.2905,0.07179,82.427,9.148,PUSH
13.435,0.2905,0.07179,82.427,9.136,PUSH
13.436,0.2905,0.07179,82.427,9.123,PUSH
13.437,0.2905,0.07179,82.427,9.111,PUSH
13.438,0.2905,0.07179,82.427,9.1,PUSH
13.439,0.2905,0.07179,82.427,9.089,PUSH
13.44,0.2905,0.07179,82.427,9.077,PUSH
13.441,0.2905,0.07179,82.427,9.065,PUSH
13.442,0.2905,0.07179,82.427,9.053,PUSH
13.443,0.2905,0.07179,82.427,9.043,PUSH
13.444,0.2905,0.07179,82.427,9.033,PUSH
13.445,0.2905,0.07179,82.427,9.022,PUSH
13.446,0.2905,0.07179,82.427,9.01,PUSH
13.447,0.2905,0.07179,82.427,8.999,PUSH
13.448,0.2905,0.07179,82.427,8.987,PUSH
13.449,0.2905,0.07179,82.427,8.976,PUSH
13.45,0.2905,0.07179,82.427,8.965,PUSH
13.451,0.2905,0.07179,82.427,8.955,PUSH
13.452,0.2905,0.07179,82.427,8.944,PUSH
13.453,0.2905,0.07179,82.427,8.933,PUSH
13.454,0.2905,0.07179,82.427,8.922,PUSH
13.455,0.2905,0.07179,82.427,8.912,PUSH
13.456,0.2905,0.07179,82.427,8.902,PUSH
13.457,0.2905,0.07179,82.427,8.892,PUSH
13.458,0.2905,0.07179,82.427,8.881,PUSH
13.459,0.2905,0.07179,82.427,8.87,PUSH
13.46,0.2905,0.07179,82.427,8.859,PUSH
13.461,0.2905,0.07179,82.427,8.849,PUSH
13.462,0.2905,0.07179,82.427,8.84,PUSH
13.463,0.2905,0.07179,82.427,8.83,PUSH
13.464,0.2905,0.07179,82.427,8.819,PUSH
13.465,0.2905,0.07179,82.427,8.808,PUSH
13.466,0.2905,0.07179,82.427,8.798,PUSH
13.467,0.29295,0.07373,85.327,11.404,PUSH
13.468,0.29295,0.07373,85.327,11.393,PUSH
13.469,0.29295,0.07373,85.327,11.382,PUSH
13.47,0.29295,0.07373,85.327,11.371,PUSH
13.471,0.29295,0.07373,85.327,11.359,PUSH
13.472,0.29295,0.07373,85.327,11.348,PUSH
13.473,0.29295,0.07373,85.327,11.336,PUSH
13.474,0.29295,0.07373,85.327,11.324,PUSH
13.475,0.29295,0.07373,85.327,11.313,PUSH
13.476,0.29295,0.07373,85.327,11.301,PUSH
13.477,0.29295,0.07373,85.327,11.289,PUSH
13.478,0.29295,0.07373,85.327,11.278,PUSH
13.479,0.29295,0.07373,85.327,11.266,PUSH
13.48,0.29295,0.07373,85.327,11.253,PUSH
13.481,0.29295,0.07373,85.327,11.242,PUSH
13.482,0.29295,0.07373,85.327,11.23,PUSH
13.483,0.29295,0.07373,85.327,11.219,PUSH
13.484,0.29295,0.07373,85.327,11.207,PUSH
13.485,0.29295,0.07373,85.327,11.195,PUSH
13.486,0.29295,0.07373,85.327,11.182,PUSH
13.487,0.29295,0.07373,85.327,11.17,PUSH
13.488,0.29295,0.07373,85.327,11.159,PUSH
13.489,0.29295,0.07373,85.327,11.147,PUSH
13.49,0.29295,0.07373,85.327,11.135,PUSH
13.491,0.29295,0.07373,85.327,11.122,PUSH
13.492,0.29295,0.07373,85.327,11.11,PUSH
13.493,0.29295,0.07373,85.327,11.098,PUSH
13.494,0.29295,0.07373,85.327,11.085,PUSH
13.495,0.29295,0.07373,85.327,11.074,PUSH
13.496,0.29295,0.07373,85.327,11.061,PUSH
13.497,0.29295,0.07373,85.327,11.05,PUSH
13.498,0.29295,0.07373,85.327,11.037,PUSH
13.499,0.29295,0.07373,85.327,11.025,PUSH
13.5,0.29295,0.07373,85.327,11.012,PUSH
13.501,0.29318,0.0724,84.296,12.924,PUSH
13.502,0.29318,0.0724,84.296,12.913,PUSH
13.503,0.29318,0.0724,84.296,12.9,PUSH
13.504,0.29318,0.0724,84.296,12.886,PUSH
13.505,0.29318,0.0724,84.296,12.872,PUSH
13.506,0.29318,0.0724,84.296,12.858,PUSH
13.507,0.29318,0.0724,84.296,12.845,PUSH
13.508,0.29318,0.0724,84.296,12.832,PUSH
13.509,0.29318,0.0724,84.296,12.818,PUSH
13.51,0.29318,0.0724,84.296,12.804,PUSH
13.511,0.29318,0.0724,84.296,12.79,PUSH
13.512,0.29318,0.0724,84.296,12.777,PUSH
13.513,0.29318,0.0724,84.296,12.763,PUSH
13.514,0.29318,0.0724,84.296,12.749,PUSH
13.515,0.29318,0.0724,84.296,12.735,PUSH
13.516,0.29318,0.0724,84.296,12.721,PUSH
13.517,0.29318,0.0724,84.296,12.708,PUSH
13.518,0.29318,0.0724,84.296,12.694,PUSH
13.519,0.29318,0.0724,84.296,12.679,PUSH
13.52,0.29318,0.0724,84.296,12.666,PUSH
13.521,0.29318,0.0724,84.296,12.652,PUSH
13.522,0.29318,0.0724,84.296,12.638,PUSH
13.523,0.29318,0.0724,84.296,12.624,PUSH
13.524,0.29318,0.0724,84.296,12.61,PUSH
13.525,0.29318,0.0724,84.296,12.597,PUSH
13.526,0.29318,0.0724,84.296,12.583,PUSH
13.527,0.29318,0.0724,84.296,12.569,PUSH
13.528,0.29318,0.0724,84.296,12.554,PUSH
13.529,0.29318,0.0724,84.296,12.541,PUSH
13.53,0.29318,0.0724,84.296,12.528,PUSH
13.531,0.29318,0.0724,84.296,12.514,PUSH
13.532,0.29318,0.0724,84.296,12.5,PUSH
13.533,0.29318,0.0724,84.296,12.485,PUSH
13.534,0.29294,0.06958,81.763,15.317,PUSH
13.535,0.29294,0.06958,81.763,15.302,PUSH
13.536,0.29294,0.06958,81.763,15.286,PUSH
13.537,0.29294,0.06958,81.763,15.272,PUSH
13.538,0.29294,0.06958,81.763,15.256,PUSH
13.539,0.29294,0.06958,81.763,15.241,PUSH
13.54,0.29294,0.06958,81.763,15.225,PUSH
13.541,0.29294,0.06958,81.763,15.209,PUSH
13.542,0.29294,0.06958,81.763,15.192,PUSH
13.543,0.29294,0.06958,81.763,15.176,PUSH
13.544,0.29294,0.06958,81.763,15.161,PUSH
13.545,0.29294,0.06958,81.763,15.145,PUSH
13.546,0.29294,0.06958,81.763,15.128,PUSH
13.547,0.29294,0.06958,81.763,15.111,PUSH
13.548,0.29294,0.06958,81.763,15.095,PUSH
13.549,0.29294,0.06958,81.763,15.078,PUSH
13.55,0.29294,0.06958,81.763,15.062,PUSH
13.551,0.29294,0.06958,81.763,15.046,PUSH
13.552,0.29294,0.06958,81.763,15.029,PUSH
13.553,0.29294,0.06958,81.763,15.013,PUSH
13.554,0.29294,0.06958,81.763,14.996,PUSH
13.555,0.29294,0.06958,81.763,14.979,PUSH
13.556,0.29294,0.06958,81.763,14.963,PUSH
13.557,0.29294,0.06958,81.763,14.946,PUSH
13.558,0.29294,0.06958,81.763,14.93,PUSH
13.559,0.29294,0.06958,81.763,14.913,PUSH
13.56,0.29294,0.06958,81.763,14.896,PUSH
13.561,0.29294,0.06958,81.763,14.88,PUSH
13.562,0.29294,0.06958,81.763,14.863,PUSH
13.563,0.29294,0.06958,81.763,14.846,PUSH
13.564,0.29294,0.06958,81.763,14.83,PUSH
13.565,0.29294,0.06958,81.763,14.813,PUSH
13.566,0.29294,0.06958,81.763,14.796,PUSH
13.567,0.29204,0.07,81.657,12.523,PUSH
13.568,0.29204,0.07,81.657,12.506,PUSH
13.569,0.29204,0.07,81.657,12.491,PUSH
13.57,0.29204,0.07,81.657,12.475,PUSH
13.571,0.29204,0.07,81.657,12.459,PUSH
13.572,0.29204,0.07,81.657,12.443,PUSH
13.573,0.29204,0.07,81.657,12.428,PUSH
13.574,0.29204,0.07,81.657,12.414,PUSH
13.575,0.29204,0.07,81.657,12.399,PUSH
13.576,0.29204,0.07,81.657,12.383,PUSH
13.577,0.29204,0.07,81.657,12.368,PUSH
13.578,0.29204,0.07,81.657,12.353,PUSH
13.579,0.29204,0.07,81.657,12.338,PUSH
13.58,0.29204,0.07,81.657,12.322,PUSH
13.581,0.29204,0.07,81.657,12.308,PUSH
13.582,0.29204,0.07,81.657,12.293,PUSH
13.583,0.29204,0.07,81.657,12.277,PUSH
13.584,0.29204,0.07,81.657,12.263,PUSH
13.585,0.29204,0.07,81.657,12.248,PUSH
13.586,0.29204,0.07,81.657,12.233,PUSH
13.587,0.29204,0.07,81.657,12.219,PUSH
13.588,0.29204,0.07,81.657,12.204,PUSH
13.589,0.29204,0.07,81.657,12.189,PUSH
13.59,0.29204,0.07,81.657,12.175,PUSH
13.591,0.29204,0.07,81.657,12.16,PUSH
13.592,0.29204,0.07,81.657,12.145,PUSH
13.593,0.29204,0.07,81.657,12.132,PUSH
13.594,0.29204,0.07,81.657,12.117,PUSH
13.595,0.29204,0.07,81.657,12.102,PUSH
13.596,0.29204,0.07,81.657,12.089,PUSH
13.597,0.29204,0.07,81.657,12.074,PUSH
13.598,0.29204,0.07,81.657,12.06,PUSH
13.599,0.29204,0.07,81.657,12.046,PUSH
13.6,0.29204,0.07,81.657,12.032,PUSH
13.601,0.28801,0.07031,79.928,3.605,PUSH
13.602,0.28801,0.07031,79.928,3.594,PUSH
13.603,0.28801,0.07031,79.928,3.583,PUSH
13.604,0.28801,0.07031,79.928,3.572,PUSH
13.605,0.28801,0.07031,79.928,3.563,PUSH
13.606,0.28801,0.07031,79.928,3.554,PUSH
13.607,0.28801,0.07031,79.928,3.545,PUSH
13.608,0.28801,0.07031,79.928,3.537,PUSH
13.609,0.28801,0.07031,79.928,3.529,PUSH
13.61,0.28801,0.07031,79.928,3.521,PUSH
13.611,0.28801,0.07031,79.928,3.515,PUSH
13.612,0.28801,0.07031,79.928,3.508,PUSH
13.613,0.28801,0.07031,79.928,3.501,PUSH
13.614,0.28801,0.07031,79.928,3.494,PUSH
13.615,0.28801,0.07031,79.928,3.488,PUSH
13.616,0.28801,0.07031,79.928,3.482,PUSH
13.617,0.28801,0.07031,79.928,3.475,PUSH
13.618,0.28801,0.07031,79.928,3.47,PUSH
13.619,0.28801,0.07031,79.928,3.464,PUSH
13.62,0.28801,0.07031,79.928,3.458,PUSH
13.621,0.28801,0.07031,79.928,3.452,PUSH
13.622,0.28801,0.07031,79.928,3.447,PUSH
13.623,0.28801,0.07031,79.928,3.442,PUSH
13.624,0.28801,0.07031,79.928,3.436,PUSH
13.625,0.28801,0.07031,79.928,3.431,PUSH
13.626,0.28801,0.07031,79.928,3.426,PUSH
13.627,0.28801,0.07031,79.928,3.42,PUSH
13.628,0.28801,0.07031,79.928,3.414,PUSH
13.629,0.28801,0.07031,79.928,3.409,PUSH
13.63,0.28801,0.07031,79.928,3.404,PUSH
13.631,0.28801,0.07031,79.928,3.399,PUSH
13.632,0.28801,0.07031,79.928,3.394,PUSH
13.633,0.28801,0.07031,79.928,3.389,PUSH
13.634,0.2914,0.06914,80.588,11.524,PUSH
13.635,0.2914,0.06914,80.588,11.516,PUSH
13.636,0.2914,0.06914,80.588,11.509,PUSH
13.637,0.2914,0.06914,80.588,11.5,PUSH
13.638,0.2914,0.06914,80.588,11.49,PUSH
13.639,0.2914,0.06914,80.588,11.479,PUSH
13.64,0.2914,0.06914,80.588,11.469,PUSH
13.641,0.2914,0.06914,80.588,11.458,PUSH
13.642,0.2914,0.06914,80.588,11.446,PUSH
13.643,0.2914,0.06914,80.588,11.435,PUSH
13.644,0.2914,0.06914,80.588,11.423,PUSH
13.645,0.2914,0.06914,80.588,11.41,PUSH
13.646,0.2914,0.06914,80.588,11.397,PUSH
13.647,0.2914,0.06914,80.588,11.385,PUSH
13.648,0.2914,0.06914,80.588,11.371,PUSH
13.649,0.2914,0.06914,80.588,11.358,PUSH
13.65,0.2914,0.06914,80.588,11.345,PUSH
13.651,0.2914,0.06914,80.588,11.331,PUSH
13.652,0.2914,0.06914,80.588,11.317,PUSH
13.653,0.2914,0.06914,80.588,11.302,PUSH
13.654,0.2914,0.06914,80.588,11.289,PUSH
13.655,0.2914,0.06914,80.588,11.277,PUSH
13.656,0.2914,0.06914,80.588,11.264,PUSH
13.657,0.2914,0.06914,80.588,11.251,PUSH
13.658,0.2914,0.06914,80.588,11.237,PUSH
13.659,0.2914,0.06914,80.588,11.225,PUSH
13.66,0.2914,0.06914,80.588,11.214,PUSH
13.661,0.2914,0.06914,80.588,11.203,PUSH
13.662,0.2914,0.06914,80.588,11.19,PUSH
13.663,0.2914,0.06914,80.588,11.179,PUSH
13.664,0.2914,0.06914,80.588,11.168,PUSH
13.665,0.2914,0.06914,80.588,11.157,PUSH
13.666,0.2914,0.06914,80.588,11.145,PUSH
13.667,0.29262,0.069,81.099,13.682,PUSH
13.668,0.29262,0.069,81.099,13.67,PUSH
13.669,0.29262,0.069,81.099,13.658,PUSH
13.67,0.29262,0.069,81.099,13.646,PUSH
13.671,0.29262,0.069,81.099,13.633,PUSH
13.672,0.29262,0.069,81.099,13.62,PUSH
13.673,0.29262,0.069,81.099,13.606,PUSH
13.674,0.29262,0.069,81.099,13.593,PUSH
13.675,0.29262,0.069,81.099,13.581,PUSH
13.676,0.29262,0.069,81.099,13.568,PUSH
13.677,0.29262,0.069,81.099,13.554,PUSH
13.678,0.29262,0.069,81.099,13.539,PUSH
13.679,0.29262,0.069,81.099,13.526,PUSH
13.68,0.29262,0.069,81.099,13.513,PUSH
13.681,0.29262,0.069,81.099,13.499,PUSH
13.682,0.29262,0.069,81.099,13.485,PUSH
13.683,0.29262,0.069,81.099,13.47,PUSH
13.684,0.29262,0.069,81.099,13.456,PUSH
13.685,0.29262,0.069,81.099,13.442,PUSH
13.686,0.29262,0.069,81.099,13.428,PUSH
13.687,0.29262,0.069,81.099,13.414,PUSH
13.688,0.29262,0.069,81.099,13.399,PUSH
13.689,0.29262,0.069,81.099,13.385,PUSH
13.69,0.29262,0.069,81.099,13.37,PUSH
13.691,0.29262,0.069,81.099,13.356,PUSH
13.692,0.29262,0.069,81.099,13.342,PUSH
13.693,0.29262,0.069,81.099,13.327,PUSH
13.694,0.29262,0.069,81.099,13.313,PUSH
13.695,0.29262,0.069,81.099,13.299,PUSH
13.696,0.29262,0.069,81.099,13.284,PUSH
13.697,0.29262,0.069,81.099,13.27,PUSH
13.698,0.29262,0.069,81.099,13.255,PUSH
13.699,0.29262,0.069,81.099,13.24,PUSH
13.7,0.28826,0.06953,79.363,3.965,PUSH
13.701,0.28826,0.06953,79.363,3.953,PUSH
13.702,0.28826,0.06953,79.363,3.942,PUSH
13.703,0.28826,0.06953,79.363,3.932,PUSH
13.704,0.28826,0.06953,79.363,3.921,PUSH
13.705,0.28826,0.06953,79.363,3.912,PUSH
13.706,0.28826,0.06953,79.363,3.904,PUSH
13.707,0.28826,0.06953,79.363,3.895,PUSH
13.708,0.28826,0.06953,79.363,3.887,PUSH
13.709,0.28826,0.06953,79.363,3.879,PUSH
13.71,0.28826,0.06953,79.363,3.871,PUSH
13.711,0.28826,0.06953,79.363,3.865,PUSH
13.712,0.28826,0.06953,79.363,3.858,PUSH
13.713,0.28826,0.06953,79.363,3.85,PUSH
13.714,0.28826,0.06953,79.363,3.844,PUSH
13.715,0.28826,0.06953,79.363,3.838,PUSH
13.716,0.28826,0.06953,79.363,3.831,PUSH
13.717,0.28826,0.06953,79.363,3.824,PUSH
13.718,0.28826,0.06953,79.363,3.819,PUSH
13.719,0.28826,0.06953,79.363,3.813,PUSH
13.72,0.28826,0.06953,79.363,3.807,PUSH
13.721,0.28826,0.06953,79.363,3.802,PUSH
13.722,0.28826,0.06953,79.363,3.796,PUSH
13.723,0.28826,0.06953,79.363,3.789,PUSH
13.724,0.28826,0.06953,79.363,3.784,PUSH
13.725,0.28826,0.06953,79.363,3.778,PUSH
13.726,0.28826,0.06953,79.363,3.772,PUSH
13.727,0.28826,0.06953,79.363,3.767,PUSH
13.728,0.28826,0.06953,79.363,3.761,PUSH
13.729,0.28826,0.06953,79.363,3.755,PUSH
13.73,0.28826,0.06953,79.363,3.749,PUSH
13.731,0.28826,0.06953,79.363,3.744,PUSH
13.732,0.28826,0.06953,79.363,3.738,PUSH
13.733,0.28826,0.06953,79.363,3.732,PUSH
13.734,0.28946,0.06556,76.515,10.856,PUSH
13.735,0.28946,0.06556,76.515,10.849,PUSH
13.736,0.28946,0.06556,76.515,10.841,PUSH
13.737,0.28946,0.06556,76.515,10.831,PUSH
13.738,0.28946,0.06556,76.515,10.823,PUSH
13.739,0.28946,0.06556,76.515,10.813,PUSH
13.74,0.28946,0.06556,76.515,10.802,PUSH
13.741,0.28946,0.06556,76.515,10.792,PUSH
13.742,0.28946,0.06556,76.515,10.781,PUSH
13.743,0.28946,0.06556,76.515,10.769,PUSH
13.744,0.28946,0.06556,76.515,10.757,PUSH
13.745,0.28946,0.06556,76.515,10.745,PUSH
13.746,0.28946,0.06556,76.515,10.733,PUSH
13.747,0.28946,0.06556,76.515,10.721,PUSH
13.748,0.28946,0.06556,76.515,10.709,PUSH
13.749,0.28946,0.06556,76.515,10.697,PUSH
13.75,0.28946,0.06556,76.515,10.685,PUSH
13.751,0.28946,0.06556,76.515,10.675,PUSH
13.752,0.28946,0.06556,76.515,10.663,PUSH
13.753,0.28946,0.06556,76.515,10.653,PUSH
13.754,0.28946,0.06556,76.515,10.642,PUSH
13.755,0.28946,0.06556,76.515,10.631,PUSH
13.756,0.28946,0.06556,76.515,10.621,PUSH
13.757,0.28946,0.06556,76.515,10.611,PUSH
13.758,0.28946,0.06556,76.515,10.601,PUSH
13.759,0.28946,0.06556,76.515,10.59,PUSH
13.76,0.28946,0.06556,76.515,10.579,PUSH
13.761,0.28946,0.06556,76.515,10.569,PUSH
13.762,0.28946,0.06556,76.515,10.559,PUSH
13.763,0.28946,0.06556,76.515,10.549,PUSH
13.764,0.28946,0.06556,76.515,10.538,PUSH
13.765,0.28946,0.06556,76.515,10.526,PUSH
13.766,0.28946,0.06556,76.515,10.516,PUSH
13.767,0.29044,0.06478,76.369,13.473,PUSH
13.768,0.29044,0.06478,76.369,13.462,PUSH
13.769,0.29044,0.06478,76.369,13.45,PUSH
13.77,0.29044,0.06478,76.369,13.437,PUSH
13.771,0.29044,0.06478,76.369,13.425,PUSH
13.772,0.29044,0.06478,76.369,13.412,PUSH
13.773,0.29044,0.06478,76.369,13.399,PUSH
13.774,0.29044,0.06478,76.369,13.386,PUSH
13.775,0.29044,0.06478,76.369,13.373,PUSH
13.776,0.29044,0.06478,76.369,13.359,PUSH
13.777,0.29044,0.06478,76.369,13.346,PUSH
13.778,0.29044,0.06478,76.369,13.333,PUSH
13.779,0.29044,0.06478,76.369,13.32,PUSH
13.78,0.29044,0.06478,76.369,13.306,PUSH
13.781,0.29044,0.06478,76.369,13.292,PUSH
13.782,0.29044,0.06478,76.369,13.278,PUSH
13.783,0.29044,0.06478,76.369,13.264,PUSH
13.784,0.29044,0.06478,76.369,13.251,PUSH
13.785,0.29044,0.06478,76.369,13.237,PUSH
13.786,0.29044,0.06478,76.369,13.222,PUSH
13.787,0.29044,0.06478,76.369,13.209,PUSH
13.788,0.29044,0.06478,76.369,13.195,PUSH
13.789,0.29044,0.06478,76.369,13.181,PUSH
13.79,0.29044,0.06478,76.369,13.167,PUSH
13.791,0.29044,0.06478,76.369,13.153,PUSH
13.792,0.29044,0.06478,76.369,13.139,PUSH
13.793,0.29044,0.06478,76.369,13.125,PUSH
13.794,0.29044,0.06478,76.369,13.11,PUSH
13.795,0.29044,0.06478,76.369,13.097,PUSH
13.796,0.29044,0.06478,76.369,13.082,PUSH
13.797,0.29044,0.06478,76.369,13.069,PUSH
13.798,0.29044,0.06478,76.369,13.055,PUSH
13.799,0.29044,0.06478,76.369,13.04,PUSH
13.8,0.28883,0.06778,78.118,6.134,PUSH
13.801,0.28883,0.06778,78.118,6.121,PUSH
13.802,0.28883,0.06778,78.118,6.109,PUSH
13.803,0.28883,0.06778,78.118,6.098,PUSH
13.804,0.28883,0.06778,78.118,6.087,PUSH
13.805,0.28883,0.06778,78.118,6.077,PUSH
13.806,0.28883,0.06778,78.118,6.067,PUSH
13.807,0.28883,0.06778,78.118,6.057,PUSH
13.808,0.28883,0.06778,78.118,6.046,PUSH
13.809,0.28883,0.06778,78.118,6.038,PUSH
13.81,0.28883,0.06778,78.118,6.029,PUSH
13.811,0.28883,0.06778,78.118,6.021,PUSH
13.812,0.28883,0.06778,78.118,6.012,PUSH
13.813,0.28883,0.06778,78.118,6.002,PUSH
13.814,0.28883,0.06778,78.118,5.993,PUSH
13.815,0.28883,0.06778,78.118,5.985,PUSH
13.816,0.28883,0.06778,78.118,5.976,PUSH
13.817,0.28883,0.06778,78.118,5.968,PUSH
13.818,0.28883,0.06778,78.118,5.96,PUSH
13.819,0.28883,0.06778,78.118,5.951,PUSH
13.82,0.28883,0.06778,78.118,5.942,PUSH
13.821,0.28883,0.06778,78.118,5.934,PUSH
13.822,0.28883,0.06778,78.118,5.926,PUSH
13.823,0.28883,0.06778,78.118,5.918,PUSH
13.824,0.28883,0.06778,78.118,5.91,PUSH
13.825,0.28883,0.06778,78.118,5.902,PUSH
13.826,0.28883,0.06778,78.118,5.894,PUSH
13.827,0.28883,0.06778,78.118,5.886,PUSH
13.828,0.28883,0.06778,78.118,5.878,PUSH
13.829,0.28883,0.06778,78.118,5.87,PUSH
13.83,0.28883,0.06778,78.118,5.862,PUSH
13.831,0.28883,0.06778,78.118,5.854,PUSH
13.832,0.28883,0.06778,78.118,5.847,PUSH
13.833,0.28883,0.06778,78.118,5.84,PUSH
13.834,0.28903,0.06597,76.65,8.363,PUSH
13.835,0.28903,0.06597,76.65,8.355,PUSH
13.836,0.28903,0.06597,76.65,8.346,PUSH
13.837,0.28903,0.06597,76.65,8.339,PUSH
13.838,0.28903,0.06597,76.65,8.33,PUSH
13.839,0.28903,0.06597,76.65,8.323,PUSH
13.84,0.28903,0.06597,76.65,8.314,PUSH
13.841,0.28903,0.06597,76.65,8.305,PUSH
13.842,0.28903,0.06597,76.65,8.296,PUSH
13.843,0.28903,0.06597,76.65,8.288,PUSH
13.844,0.28903,0.06597,76.65,8.281,PUSH
13.845,0.28903,0.06597,76.65,8.273,PUSH
13.846,0.28903,0.06597,76.65,8.264,PUSH
13.847,0.28903,0.06597,76.65,8.255,PUSH
13.848,0.28903,0.06597,76.65,8.245,PUSH
13.849,0.28903,0.06597,76.65,8.237,PUSH
13.85,0.28903,0.06597,76.65,8.229,PUSH
13.851,0.28903,0.06597,76.65,8.221,PUSH
13.852,0.28903,0.06597,76.65,8.212,PUSH
13.853,0.28903,0.06597,76.65,8.203,PUSH
13.854,0.28903,0.06597,76.65,8.194,PUSH
13.855,0.28903,0.06597,76.65,8.185,PUSH
13.856,0.28903,0.06597,76.65,8.176,PUSH
13.857,0.28903,0.06597,76.65,8.168,PUSH
13.858,0.28903,0.06597,76.65,8.159,PUSH
13.859,0.28903,0.06597,76.65,8.151,PUSH
13.86,0.28903,0.06597,76.65,8.142,PUSH
13.861,0.28903,0.06597,76.65,8.133,PUSH
13.862,0.28903,0.06597,76.65,8.123,PUSH
13.863,0.28903,0.06597,76.65,8.115,PUSH
13.864,0.28903,0.06597,76.65,8.106,PUSH
13.865,0.28903,0.06597,76.65,8.098,PUSH
13.866,0.28903,0.06597,76.65,8.089,PUSH
13.867,0.29049,0.06301,74.899,14.771,PUSH
13.868,0.29049,0.06301,74.899,14.759,PUSH
13.869,0.29049,0.06301,74.899,14.749,PUSH
13.87,0.29049,0.06301,74.899,14.738,PUSH
13.871,0.29049,0.06301,74.899,14.726,PUSH
13.872,0.29049,0.06301,74.899,14.713,PUSH
13.873,0.29049,0.06301,74.899,14.699,PUSH
13.874,0.29049,0.06301,74.899,14.685,PUSH
13.875,0.29049,0.06301,74.899,14.672,PUSH
13.876,0.29049,0.06301,74.899,14.659,PUSH
13.877,0.29049,0.06301,74.899,14.645,PUSH
13.878,0.29049,0.06301,74.899,14.63,PUSH
13.879,0.29049,0.06301,74.899,14.618,PUSH
13.88,0.29049,0.06301,74.899,14.607,PUSH
13.881,0.29049,0.06301,74.899,14.597,PUSH
13.882,0.29049,0.06301,74.899,14.586,PUSH
13.883,0.29049,0.06301,74.899,14.573,PUSH
13.884,0.29049,0.06301,74.899,14.56,PUSH
13.885,0.29049,0.06301,74.899,14.545,PUSH
13.886,0.29049,0.06301,74.899,14.531,PUSH
13.887,0.29049,0.06301,74.899,14.516,PUSH
13.888,0.29049,0.06301,74.899,14.502,PUSH
13.889,0.29049,0.06301,74.899,14.488,PUSH
13.89,0.29049,0.06301,74.899,14.474,PUSH
13.891,0.29049,0.06301,74.899,14.459,PUSH
13.892,0.29049,0.06301,74.899,14.445,PUSH
13.893,0.29049,0.06301,74.899,14.43,PUSH
13.894,0.29049,0.06301,74.899,14.416,PUSH
13.895,0.29049,0.06301,74.899,14.402,PUSH
13.896,0.29049,0.06301,74.899,14.387,PUSH
13.897,0.29049,0.06301,74.899,14.371,PUSH
13.898,0.29049,0.06301,74.899,14.358,PUSH
13.899,0.29049,0.06301,74.899,14.346,PUSH
13.9,0.29049,0.06301,74.899,14.334,PUSH
13.901,0.289,0.06161,72.916,13.096,PUSH
13.902,0.289,0.06161,72.916,13.083,PUSH
13.903,0.289,0.06161,72.916,13.068,PUSH
13.904,0.289,0.06161,72.916,13.054,PUSH
13.905,0.289,0.06161,72.916,13.038,PUSH
13.906,0.289,0.06161,72.916,13.023,PUSH
13.907,0.289,0.06161,72.916,13.008,PUSH
13.908,0.289,0.06161,72.916,12.992,PUSH
13.909,0.289,0.06161,72.916,12.977,PUSH
13.91,0.289,0.06161,72.916,12.961,PUSH
13.911,0.289,0.06161,72.916,12.945,PUSH
13.912,0.289,0.06161,72.916,12.93,PUSH
13.913,0.289,0.06161,72.916,12.914,PUSH
13.914,0.289,0.06161,72.916,12.898,PUSH
13.915,0.289,0.06161,72.916,12.883,PUSH
13.916,0.289,0.06161,72.916,12.867,PUSH
13.917,0.289,0.06161,72.916,12.853,PUSH
13.918,0.289,0.06161,72.916,12.838,PUSH
13.919,0.289,0.06161,72.916,12.824,PUSH
13.92,0.289,0.06161,72.916,12.809,PUSH
13.921,0.289,0.06161,72.916,12.795,PUSH
13.922,0.289,0.06161,72.916,12.78,PUSH
13.923,0.289,0.06161,72.916,12.766,PUSH
13.924,0.289,0.06161,72.916,12.752,PUSH
13.925,0.289,0.06161,72.916,12.738,PUSH
13.926,0.289,0.06161,72.916,12.722,PUSH
13.927,0.289,0.06161,72.916,12.707,PUSH
13.928,0.289,0.06161,72.916,12.694,PUSH
13.929,0.289,0.06161,72.916,12.683,PUSH
13.93,0.289,0.06161,72.916,12.671,PUSH
13.931,0.289,0.06161,72.916,12.657,PUSH
13.932,0.289,0.06161,72.916,12.644,PUSH
13.933,0.289,0.06161,72.916,12.63,PUSH
13.934,0.28738,0.06087,71.429,10.175,PUSH
13.935,0.28738,0.06087,71.429,10.161,PUSH
13.936,0.28738,0.06087,71.429,10.146,PUSH
13.937,0.28738,0.06087,71.429,10.133,PUSH
13.938,0.28738,0.06087,71.429,10.119,PUSH
13.939,0.28738,0.06087,71.429,10.105,PUSH
13.94,0.28738,0.06087,71.429,10.092,PUSH
13.941,0.28738,0.06087,71.429,10.078,PUSH
13.942,0.28738,0.06087,71.429,10.064,PUSH
13.943,0.28738,0.06087,71.429,10.051,PUSH
13.944,0.28738,0.06087,71.429,10.037,PUSH
13.945,0.28738,0.06087,71.429,10.023,PUSH
13.946,0.28738,0.06087,71.429,10.011,PUSH
13.947,0.28738,0.06087,71.429,10.001,PUSH
13.948,0.28738,0.06087,71.429,9.99,PUSH
13.949,0.28738,0.06087,71.429,9.978,PUSH
13.95,0.28738,0.06087,71.429,9.967,PUSH
13.951,0.28738,0.06087,71.429,9.956,PUSH
13.952,0.28738,0.06087,71.429,9.942,PUSH
13.953,0.28738,0.06087,71.429,9.93,PUSH
13.954,0.28738,0.06087,71.429,9.917,PUSH
13.955,0.28738,0.06087,71.429,9.905,PUSH
13.956,0.28738,0.06087,71.429,9.892,PUSH
13.957,0.28738,0.06087,71.429,9.88,PUSH
13.958,0.28738,0.06087,71.429,9.867,PUSH
13.959,0.28738,0.06087,71.429,9.855,PUSH
13.96,0.28738,0.06087,71.429,9.844,PUSH
13.961,0.28738,0.06087,71.429,9.833,PUSH
13.962,0.28738,0.06087,71.429,9.821,PUSH
13.963,0.28738,0.06087,71.429,9.81,PUSH
13.964,0.28738,0.06087,71.429,9.8,PUSH
13.965,0.28738,0.06087,71.429,9.791,PUSH
13.966,0.28738,0.06087,71.429,9.781,PUSH
13.967,0.28649,0.0642,73.845,3.691,PUSH
13.968,0.28649,0.0642,73.845,3.679,PUSH
13.969,0.28649,0.0642,73.845,3.67,PUSH
13.97,0.28649,0.0642,73.845,3.66,PUSH
13.971,0.28649,0.0642,73.845,3.652,PUSH
13.972,0.28649,0.0642,73.845,3.643,PUSH
13.973,0.28649,0.0642,73.845,3.635,PUSH
13.974,0.28649,0.0642,73.845,3.625,PUSH
13.975,0.28649,0.0642,73.845,3.617,PUSH
13.976,0.28649,0.0642,73.845,3.609,PUSH
13.977,0.28649,0.0642,73.845,3.601,PUSH
13.978,0.28649,0.0642,73.845,3.593,PUSH
13.979,0.28649,0.0642,73.845,3.587,PUSH
13.98,0.28649,0.0642,73.845,3.579,PUSH
13.981,0.28649,0.0642,73.845,3.573,PUSH
13.982,0.28649,0.0642,73.845,3.567,PUSH
13.983,0.28649,0.0642,73.845,3.561,PUSH
13.984,0.28649,0.0642,73.845,3.555,PUSH
13.985,0.28649,0.0642,73.845,3.549,PUSH
13.986,0.28649,0.0642,73.845,3.543,PUSH
13.987,0.28649,0.0642,73.845,3.537,PUSH
13.988,0.28649,0.0642,73.845,3.532,PUSH
13.989,0.28649,0.0642,73.845,3.527,PUSH
13.99,0.28649,0.0642,73.845,3.521,PUSH
13.991,0.28649,0.0642,73.845,3.515,PUSH
13.992,0.28649,0.0642,73.845,3.51,PUSH
13.993,0.28649,0.0642,73.845,3.505,PUSH
13.994,0.28649,0.0642,73.845,3.499,PUSH
13.995,0.28649,0.0642,73.845,3.494,PUSH
13.996,0.28649,0.0642,73.845,3.488,PUSH
13.997,0.28649,0.0642,73.845,3.483,PUSH
13.998,0.28649,0.0642,73.845,3.477,PUSH
13.999,0.28649,0.0642,73.845,3.472,PUSH
14.0,0.28649,0.0642,73.845,3.467,PUSH
14.001,0.28685,0.06349,73.41,5.08,PUSH
14.002,0.28685,0.06349,73.41,5.075,PUSH
14.003,0.28685,0.06349,73.41,5.069,PUSH
14.004,0.28685,0.06349,73.41,5.062,PUSH
14.005,0.28685,0.06349,73.41,5.056,PUSH
14.006,0.28685,0.06349,73.41,5.05,PUSH
14.007,0.28685,0.06349,73.41,5.044,PUSH
14.008,0.28685,0.06349,73.41,5.037,PUSH
14.009,0.28685,0.06349,73.41,5.032,PUSH
14.01,0.28685,0.06349,73.41,5.025,PUSH
14.011,0.28685,0.06349,73.41,5.019,PUSH
14.012,0.28685,0.06349,73.41,5.012,PUSH
14.013,0.28685,0.06349,73.41,5.007,PUSH
14.014,0.28685,0.06349,73.41,5.001,PUSH
14.015,0.28685,0.06349,73.41,4.994,PUSH
14.016,0.28685,0.06349,73.41,4.988,PUSH
14.017,0.28685,0.06349,73.41,4.981,PUSH
14.018,0.28685,0.06349,73.41,4.975,PUSH
14.019,0.28685,0.06349,73.41,4.968,PUSH
14.02,0.28685,0.06349,73.41,4.962,PUSH
14.021,0.28685,0.06349,73.41,4.956,PUSH
14.022,0.28685,0.06349,73.41,4.951,PUSH
14.023,0.28685,0.06349,73.41,4.945,PUSH
14.024,0.28685,0.06349,73.41,4.939,PUSH
14.025,0.28685,0.06349,73.41,4.934,PUSH
14.026,0.28685,0.06349,73.41,4.927,PUSH
14.027,0.28685,0.06349,73.41,4.921,PUSH
14.028,0.28685,0.06349,73.41,4.915,PUSH
14.029,0.28685,0.06349,73.41,4.909,PUSH
14.03,0.28685,0.06349,73.41,4.902,PUSH
14.031,0.28685,0.06349,73.41,4.895,PUSH
14.032,0.28685,0.06349,73.41,4.889,PUSH
14.033,0.28685,0.06349,73.41,4.882,PUSH
14.034,0.28913,0.0636,74.669,9.443,PUSH
14.035,0.28913,0.0636,74.669,9.437,PUSH
14.036,0.28913,0.0636,74.669,9.429,PUSH
14.037,0.28913,0.0636,74.669,9.421,PUSH
14.038,0.28913,0.0636,74.669,9.413,PUSH
14.039,0.28913,0.0636,74.669,9.405,PUSH
14.04,0.28913,0.0636,74.669,9.396,PUSH
14.041,0.28913,0.0636,74.669,9.389,PUSH
14.042,0.28913,0.0636,74.669,9.38,PUSH
14.043,0.28913,0.0636,74.669,9.37,PUSH
14.044,0.28913,0.0636,74.669,9.362,PUSH
14.045,0.28913,0.0636,74.669,9.352,PUSH
14.046,0.28913,0.0636,74.669,9.343,PUSH
14.047,0.28913,0.0636,74.669,9.334,PUSH
14.048,0.28913,0.0636,74.669,9.325,PUSH
14.049,0.28913,0.0636,74.669,9.317,PUSH
14.05,0.28913,0.0636,74.669,9.308,PUSH
14.051,0.28913,0.0636,74.669,9.297,PUSH
14.052,0.28913,0.0636,74.669,9.289,PUSH
14.053,0.28913,0.0636,74.669,9.281,PUSH
14.054,0.28913,0.0636,74.669,9.273,PUSH
14.055,0.28913,0.0636,74.669,9.264,PUSH
14.056,0.28913,0.0636,74.669,9.254,PUSH
14.057,0.28913,0.0636,74.669,9.243,PUSH
14.058,0.28913,0.0636,74.669,9.232,PUSH
14.059,0.28913,0.0636,74.669,9.222,PUSH
14.06,0.28913,0.0636,74.669,9.211,PUSH
14.061,0.28913,0.0636,74.669,9.201,PUSH
14.062,0.28913,0.0636,74.669,9.191,PUSH
14.063,0.28913,0.0636,74.669,9.181,PUSH
14.064,0.28913,0.0636,74.669,9.172,PUSH
14.065,0.28913,0.0636,74.669,9.162,PUSH
14.066,0.28913,0.0636,74.669,9.153,PUSH
14.067,0.29208,0.06165,74.642,17.568,PUSH
14.068,0.29208,0.06165,74.642,17.556,PUSH
14.069,0.29208,0.06165,74.642,17.544,PUSH
14.07,0.29208,0.06165,74.642,17.53,PUSH
14.071,0.29208,0.06165,74.642,17.515,PUSH
14.072,0.29208,0.06165,74.642,17.499,PUSH
14.073,0.29208,0.06165,74.642,17.483,PUSH
14.074,0.29208,0.06165,74.642,17.468,PUSH
14.075,0.29208,0.06165,74.642,17.452,PUSH
14.076,0.29208,0.06165,74.642,17.435,PUSH
14.077,0.29208,0.06165,74.642,17.418,PUSH
14.078,0.29208,0.06165,74.642,17.401,PUSH
14.079,0.29208,0.06165,74.642,17.383,PUSH
14.08,0.29208,0.06165,74.642,17.366,PUSH
14.081,0.29208,0.06165,74.642,17.35,PUSH
14.082,0.29208,0.06165,74.642,17.333,PUSH
14.083,0.29208,0.06165,74.642,17.316,PUSH
14.084,0.29208,0.06165,74.642,17.302,PUSH
14.085,0.29208,0.06165,74.642,17.285,PUSH
14.086,0.29208,0.06165,74.642,17.268,PUSH
14.087,0.29208,0.06165,74.642,17.25,PUSH
14.088,0.29208,0.06165,74.642,17.232,PUSH
14.089,0.29208,0.06165,74.642,17.214,PUSH
14.09,0.29208,0.06165,74.642,17.194,PUSH
14.091,0.29208,0.06165,74.642,17.177,PUSH
14.092,0.29208,0.06165,74.642,17.159,PUSH
14.093,0.29208,0.06165,74.642,17.142,PUSH
14.094,0.29208,0.06165,74.642,17.124,PUSH
14.095,0.29208,0.06165,74.642,17.106,PUSH
14.096,0.29208,0.06165,74.642,17.089,PUSH
14.097,0.29208,0.06165,74.642,17.071,PUSH
14.098,0.29208,0.06165,74.642,17.053,PUSH
14.099,0.29208,0.06165,74.642,17.034,PUSH
14.1,0.29208,0.06165,74.642,17.017,PUSH
14.101,0.29073,0.06066,73.064,15.639,PUSH
14.102,0.29073,0.06066,73.064,15.621,PUSH
14.103,0.29073,0.06066,73.064,15.604,PUSH
14.104,0.29073,0.06066,73.064,15.586,PUSH
14.105,0.29073,0.06066,73.064,15.568,PUSH
14.106,0.29073,0.06066,73.064,15.551,PUSH
14.107,0.29073,0.06066,73.064,15.533,PUSH
14.108,0.29073,0.06066,73.064,15.516,PUSH
14.109,0.29073,0.06066,73.064,15.497,PUSH
14.11,0.29073,0.06066,73.064,15.479,PUSH
14.111,0.29073,0.06066,73.064,15.461,PUSH
14.112,0.29073,0.06066,73.064,15.443,PUSH
14.113,0.29073,0.06066,73.064,15.424,PUSH
14.114,0.29073,0.06066,73.064,15.406,PUSH
14.115,0.29073,0.06066,73.064,15.387,PUSH
14.116,0.29073,0.06066,73.064,15.368,PUSH
14.117,0.29073,0.06066,73.064,15.349,PUSH
14.118,0.29073,0.06066,73.064,15.33,PUSH
14.119,0.29073,0.06066,73.064,15.311,PUSH
14.12,0.29073,0.06066,73.064,15.293,PUSH
14.121,0.29073,0.06066,73.064,15.274,PUSH
14.122,0.29073,0.06066,73.064,15.254,PUSH
14.123,0.29073,0.06066,73.064,15.236,PUSH
14.124,0.29073,0.06066,73.064,15.217,PUSH
14.125,0.29073,0.06066,73.064,15.198,PUSH
14.126,0.29073,0.06066,73.064,15.18,PUSH
14.127,0.29073,0.06066,73.064,15.161,PUSH
14.128,0.29073,0.06066,73.064,15.142,PUSH
14.129,0.29073,0.06066,73.064,15.124,PUSH
14.13,0.29073,0.06066,73.064,15.105,PUSH
14.131,0.29073,0.06066,73.064,15.087,PUSH
14.132,0.29073,0.06066,73.064,15.069,PUSH
14.133,0.29073,0.06066,73.064,15.05,PUSH
14.134,0.28964,0.06284,74.295,9.995,PUSH
14.135,0.28964,0.06284,74.295,9.979,PUSH
14.136,0.28964,0.06284,74.295,9.963,PUSH
14.137,0.28964,0.06284,74.295,9.947,PUSH
14.138,0.28964,0.06284,74.295,9.931,PUSH
14.139,0.28964,0.06284,74.295,9.918,PUSH
14.14,0.28964,0.06284,74.295,9.907,PUSH
14.141,0.28964,0.06284,74.295,9.894,PUSH
14.142,0.28964,0.06284,74.295,9.882,PUSH
14.143,0.28964,0.06284,74.295,9.87,PUSH
14.144,0.28964,0.06284,74.295,9.857,PUSH
14.145,0.28964,0.06284,74.295,9.844,PUSH
14.146,0.28964,0.06284,74.295,9.829,PUSH
14.147,0.28964,0.06284,74.295,9.816,PUSH
14.148,0.28964,0.06284,74.295,9.802,PUSH
14.149,0.28964,0.06284,74.295,9.788,PUSH
14.15,0.28964,0.06284,74.295,9.775,PUSH
14.151,0.28964,0.06284,74.295,9.761,PUSH
14.152,0.28964,0.06284,74.295,9.748,PUSH
14.153,0.28964,0.06284,74.295,9.735,PUSH
14.154,0.28964,0.06284,74.295,9.722,PUSH
14.155,0.28964,0.06284,74.295,9.709,PUSH
14.156,0.28964,0.06284,74.295,9.696,PUSH
14.157,0.28964,0.06284,74.295,9.685,PUSH
14.158,0.28964,0.06284,74.295,9.675,PUSH
14.159,0.28964,0.06284,74.295,9.664,PUSH
14.16,0.28964,0.06284,74.295,9.652,PUSH
14.161,0.28964,0.06284,74.295,9.64,PUSH
14.162,0.28964,0.06284,74.295,9.627,PUSH
14.163,0.28964,0.06284,74.295,9.615,PUSH
14.164,0.28964,0.06284,74.295,9.602,PUSH
14.165,0.28964,0.06284,74.295,9.59,PUSH
14.166,0.28964,0.06284,74.295,9.578,PUSH
14.167,0.28997,0.06282,74.462,10.253,PUSH
14.168,0.28997,0.06282,74.462,10.241,PUSH
14.169,0.28997,0.06282,74.462,10.229,PUSH
14.17,0.28997,0.06282,74.462,10.218,PUSH
14.171,0.28997,0.06282,74.462,10.205,PUSH
14.172,0.28997,0.06282,74.462,10.193,PUSH
14.173,0.28997,0.06282,74.462,10.182,PUSH
14.174,0.28997,0.06282,74.462,10.172,PUSH
14.175,0.28997,0.06282,74.462,10.162,PUSH
14.176,0.28997,0.06282,74.462,10.152,PUSH
14.177,0.28997,0.06282,74.462,10.141,PUSH
14.178,0.28997,0.06282,74.462,10.129,PUSH
14.179,0.28997,0.06282,74.462,10.118,PUSH
14.18,0.28997,0.06282,74.462,10.106,PUSH
14.181,0.28997,0.06282,74.462,10.096,PUSH
14.182,0.28997,0.06282,74.462,10.085,PUSH
14.183,0.28997,0.06282,74.462,10.073,PUSH
14.184,0.28997,0.06282,74.462,10.063,PUSH
14.185,0.28997,0.06282,74.462,10.051,PUSH
14.186,0.28997,0.06282,74.462,10.039,PUSH
14.187,0.28997,0.06282,74.462,10.026,PUSH
14.188,0.28997,0.06282,74.462,10.014,PUSH
14.189,0.28997,0.06282,74.462,10.002,PUSH
14.19,0.28997,0.06282,74.462,9.99,PUSH
14.191,0.28997,0.06282,74.462,9.978,PUSH
14.192,0.28997,0.06282,74.462,9.967,PUSH
14.193,0.28997,0.06282,74.462,9.955,PUSH
14.194,0.28997,0.06282,74.462,9.944,PUSH
14.195,0.28997,0.06282,74.462,9.932,PUSH
14.196,0.28997,0.06282,74.462,9.921,PUSH
14.197,0.28997,0.06282,74.462,9.91,PUSH
14.198,0.28997,0.06282,74.462,9.901,PUSH
14.199,0.28997,0.06282,74.462,9.891,PUSH
14.2,0.28985,0.05925,71.403,14.338,PUSH
14.201,0.28985,0.05925,71.403,14.325,PUSH
14.202,0.28985,0.05925,71.403,14.311,PUSH
14.203,0.28985,0.05925,71.403,14.296,PUSH
14.204,0.28985,0.05925,71.403,14.282,PUSH
14.205,0.28985,0.05925,71.403,14.269,PUSH
14.206,0.28985,0.05925,71.403,14.255,PUSH
14.207,0.28985,0.05925,71.403,14.241,PUSH
14.208,0.28985,0.05925,71.403,14.225,PUSH
14.209,0.28985,0.05925,71.403,14.209,PUSH
14.21,0.28985,0.05925,71.403,14.195,PUSH
14.211,0.28985,0.05925,71.403,14.179,PUSH
14.212,0.28985,0.05925,71.403,14.164,PUSH
14.213,0.28985,0.05925,71.403,14.149,PUSH
14.214,0.28985,0.05925,71.403,14.135,PUSH
14.215,0.28985,0.05925,71.403,14.122,PUSH
14.216,0.28985,0.05925,71.403,14.107,PUSH
14.217,0.28985,0.05925,71.403,14.093,PUSH
14.218,0.28985,0.05925,71.403,14.079,PUSH
14.219,0.28985,0.05925,71.403,14.064,PUSH
14.22,0.28985,0.05925,71.403,14.049,PUSH
14.221,0.28985,0.05925,71.403,14.034,PUSH
14.222,0.28985,0.05925,71.403,14.018,PUSH
14.223,0.28985,0.05925,71.403,14.003,PUSH
14.224,0.28985,0.05925,71.403,13.987,PUSH
14.225,0.28985,0.05925,71.403,13.972,PUSH
14.226,0.28985,0.05925,71.403,13.957,PUSH
14.227,0.28985,0.05925,71.403,13.941,PUSH
14.228,0.28985,0.05925,71.403,13.926,PUSH
14.229,0.28985,0.05925,71.403,13.91,PUSH
14.23,0.28985,0.05925,71.403,13.894,PUSH
14.231,0.28985,0.05925,71.403,13.878,PUSH
14.232,0.28985,0.05925,71.403,13.861,PUSH
14.233,0.28985,0.05925,71.403,13.846,PUSH
14.234,0.29021,0.05695,69.713,17.804,PUSH
14.235,0.29021,0.05695,69.713,17.788,PUSH
14.236,0.29021,0.05695,69.713,17.77,PUSH
14.237,0.29021,0.05695,69.713,17.752,PUSH
14.238,0.29021,0.05695,69.713,17.733,PUSH
14.239,0.29021,0.05695,69.713,17.712,PUSH
14.24,0.29021,0.05695,69.713,17.693,PUSH
14.241,0.29021,0.05695,69.713,17.674,PUSH
14.242,0.29021,0.05695,69.713,17.655,PUSH
14.243,0.29021,0.05695,69.713,17.637,PUSH
14.244,0.29021,0.05695,69.713,17.619,PUSH
14.245,0.29021,0.05695,69.713,17.6,PUSH
14.246,0.29021,0.05695,69.713,17.582,PUSH
14.247,0.29021,0.05695,69.713,17.563,PUSH
14.248,0.29021,0.05695,69.713,17.544,PUSH
14.249,0.29021,0.05695,69.713,17.524,PUSH
14.25,0.29021,0.05695,69.713,17.506,PUSH
14.251,0.29021,0.05695,69.713,17.49,PUSH
14.252,0.29021,0.05695,69.713,17.472,PUSH
14.253,0.29021,0.05695,69.713,17.453,PUSH
14.254,0.29021,0.05695,69.713,17.434,PUSH
14.255,0.29021,0.05695,69.713,17.413,PUSH
14.256,0.29021,0.05695,69.713,17.393,PUSH
14.257,0.29021,0.05695,69.713,17.373,PUSH
14.258,0.29021,0.05695,69.713,17.354,PUSH
14.259,0.29021,0.05695,69.713,17.334,PUSH
14.26,0.29021,0.05695,69.713,17.315,PUSH
14.261,0.29021,0.05695,69.713,17.296,PUSH
14.262,0.29021,0.05695,69.713,17.276,PUSH
14.263,0.29021,0.05695,69.713,17.256,PUSH
14.264,0.29021,0.05695,69.713,17.237,PUSH
14.265,0.29021,0.05695,69.713,17.216,PUSH
14.266,0.29021,0.05695,69.713,17.198,PUSH
14.267,0.29011,0.05938,71.658,13.559,PUSH
14.268,0.29011,0.05938,71.658,13.541,PUSH
14.269,0.29011,0.05938,71.658,13.523,PUSH
14.27,0.29011,0.05938,71.658,13.505,PUSH
14.271,0.29011,0.05938,71.658,13.487,PUSH
14.272,0.29011,0.05938,71.658,13.47,PUSH
14.273,0.29011,0.05938,71.658,13.452,PUSH
14.274,0.29011,0.05938,71.658,13.436,PUSH
14.275,0.29011,0.05938,71.658,13.419,PUSH
14.276,0.29011,0.05938,71.658,13.402,PUSH
14.277,0.29011,0.05938,71.658,13.386,PUSH
14.278,0.29011,0.05938,71.658,13.369,PUSH
14.279,0.29011,0.05938,71.658,13.353,PUSH
14.28,0.29011,0.05938,71.658,13.336,PUSH
14.281,0.29011,0.05938,71.658,13.318,PUSH
14.282,0.29011,0.05938,71.658,13.3,PUSH
14.283,0.29011,0.05938,71.658,13.283,PUSH
14.284,0.29011,0.05938,71.658,13.266,PUSH
14.285,0.29011,0.05938,71.658,13.249,PUSH
14.286,0.29011,0.05938,71.658,13.231,PUSH
14.287,0.29011,0.05938,71.658,13.213,PUSH
14.288,0.29011,0.05938,71.658,13.196,PUSH
14.289,0.29011,0.05938,71.658,13.182,PUSH
14.29,0.29011,0.05938,71.658,13.166,PUSH
14.291,0.29011,0.05938,71.658,13.15,PUSH
14.292,0.29011,0.05938,71.658,13.133,PUSH
14.293,0.29011,0.05938,71.658,13.116,PUSH
14.294,0.29011,0.05938,71.658,13.1,PUSH
14.295,0.29011,0.05938,71.658,13.083,PUSH
14.296,0.29011,0.05938,71.658,13.065,PUSH
14.297,0.29011,0.05938,71.658,13.048,PUSH
14.298,0.29011,0.05938,71.658,13.03,PUSH
14.299,0.29011,0.05938,71.658,13.012,PUSH
14.3,0.28805,0.05888,70.106,9.478,PUSH
14.301,0.28805,0.05888,70.106,9.465,PUSH
14.302,0.28805,0.05888,70.106,9.451,PUSH
14.303,0.28805,0.05888,70.106,9.437,PUSH
14.304,0.28805,0.05888,70.106,9.423,PUSH
14.305,0.28805,0.05888,70.106,9.409,PUSH
14.306,0.28805,0.05888,70.106,9.396,PUSH
14.307,0.28805,0.05888,70.106,9.381,PUSH
14.308,0.28805,0.05888,70.106,9.367,PUSH
14.309,0.28805,0.05888,70.106,9.354,PUSH
14.31,0.28805,0.05888,70.106,9.34,PUSH
14.311,0.28805,0.05888,70.106,9.327,PUSH
14.312,0.28805,0.05888,70.106,9.314,PUSH
14.313,0.28805,0.05888,70.106,9.302,PUSH
14.314,0.28805,0.05888,70.106,9.289,PUSH
14.315,0.28805,0.05888,70.106,9.276,PUSH
14.316,0.28805,0.05888,70.106,9.264,PUSH
14.317,0.28805,0.05888,70.106,9.252,PUSH
14.318,0.28805,0.05888,70.106,9.239,PUSH
14.319,0.28805,0.05888,70.106,9.228,PUSH
14.32,0.28805,0.05888,70.106,9.217,PUSH
14.321,0.28805,0.05888,70.106,9.205,PUSH
14.322,0.28805,0.05888,70.106,9.193,PUSH
14.323,0.28805,0.05888,70.106,9.182,PUSH
14.324,0.28805,0.05888,70.106,9.17,PUSH
14.325,0.28805,0.05888,70.106,9.157,PUSH
14.326,0.28805,0.05888,70.106,9.146,PUSH
14.327,0.28805,0.05888,70.106,9.135,PUSH
14.328,0.28805,0.05888,70.106,9.124,PUSH
14.329,0.28805,0.05888,70.106,9.113,PUSH
14.33,0.28805,0.05888,70.106,9.102,PUSH
14.331,0.28805,0.05888,70.106,9.09,PUSH
14.332,0.28805,0.05888,70.106,9.078,PUSH
14.333,0.28805,0.05888,70.106,9.067,PUSH
14.334,0.28471,0.05761,67.253,3.597,PUSH
14.335,0.28471,0.05761,67.253,3.587,PUSH
14.336,0.28471,0.05761,67.253,3.578,PUSH
14.337,0.28471,0.05761,67.253,3.568,PUSH
14.338,0.28471,0.05761,67.253,3.559,PUSH
14.339,0.28471,0.05761,67.253,3.55,PUSH
14.34,0.28471,0.05761,67.253,3.541,PUSH
14.341,0.28471,0.05761,67.253,3.533,PUSH
14.342,0.28471,0.05761,67.253,3.525,PUSH
14.343,0.28471,0.05761,67.253,3.517,PUSH
14.344,0.28471,0.05761,67.253,3.511,PUSH
14.345,0.28471,0.05761,67.253,3.504,PUSH
14.346,0.28471,0.05761,67.253,3.498,PUSH
14.347,0.28471,0.05761,67.253,3.492,PUSH
14.348,0.28471,0.05761,67.253,3.485,PUSH
14.349,0.28471,0.05761,67.253,3.478,PUSH
14.35,0.28471,0.05761,67.253,3.472,PUSH
14.351,0.28471,0.05761,67.253,3.465,PUSH
14.352,0.28471,0.05761,67.253,3.458,PUSH
14.353,0.28471,0.05761,67.253,3.453,PUSH
14.354,0.28471,0.05761,67.253,3.447,PUSH
14.355,0.28471,0.05761,67.253,3.44,PUSH
14.356,0.28471,0.05761,67.253,3.433,PUSH
14.357,0.28471,0.05761,67.253,3.426,PUSH
14.358,0.28471,0.05761,67.253,3.42,PUSH
14.359,0.28471,0.05761,67.253,3.413,PUSH
14.36,0.28471,0.05761,67.253,3.406,PUSH
14.361,0.28471,0.05761,67.253,3.4,PUSH
14.362,0.28471,0.05761,67.253,3.393,PUSH
14.363,0.28471,0.05761,67.253,3.387,PUSH
14.364,0.28471,0.05761,67.253,3.382,PUSH
14.365,0.28471,0.05761,67.253,3.377,PUSH
14.366,0.28471,0.05761,67.253,3.372,PUSH
14.367,0.28556,0.0576,67.691,5.247,PUSH
14.368,0.28556,0.0576,67.691,5.241,PUSH
14.369,0.28556,0.0576,67.691,5.235,PUSH
14.37,0.28556,0.0576,67.691,5.227,PUSH
14.371,0.28556,0.0576,67.691,5.221,PUSH
14.372,0.28556,0.0576,67.691,5.214,PUSH
14.373,0.28556,0.0576,67.691,5.207,PUSH
14.374,0.28556,0.0576,67.691,5.2,PUSH
14.375,0.28556,0.0576,67.691,5.194,PUSH
14.376,0.28556,0.0576,67.691,5.189,PUSH
14.377,0.28556,0.0576,67.691,5.182,PUSH
14.378,0.28556,0.0576,67.691,5.175,PUSH
14.379,0.28556,0.0576,67.691,5.169,PUSH
14.38,0.28556,0.0576,67.691,5.163,PUSH
14.381,0.28556,0.0576,67.691,5.158,PUSH
14.382,0.28556,0.0576,67.691,5.152,PUSH
14.383,0.28556,0.0576,67.691,5.146,PUSH
14.384,0.28556,0.0576,67.691,5.14,PUSH
14.385,0.28556,0.0576,67.691,5.134,PUSH
14.386,0.28556,0.0576,67.691,5.127,PUSH
14.387,0.28556,0.0576,67.691,5.122,PUSH
14.388,0.28556,0.0576,67.691,5.116,PUSH
14.389,0.28556,0.0576,67.691,5.11,PUSH
14.39,0.28556,0.0576,67.691,5.104,PUSH
14.391,0.28556,0.0576,67.691,5.098,PUSH
14.392,0.28556,0.0576,67.691,5.092,PUSH
14.393,0.28556,0.0576,67.691,5.084,PUSH
14.394,0.28556,0.0576,67.691,5.078,PUSH
14.395,0.28556,0.0576,67.691,5.071,PUSH
14.396,0.28556,0.0576,67.691,5.064,PUSH
14.397,0.28556,0.0576,67.691,5.059,PUSH
14.398,0.28556,0.0576,67.691,5.053,PUSH
14.399,0.28556,0.0576,67.691,5.047,PUSH
14.4,0.28556,0.0576,67.691,5.041,PUSH
14.401,0.28702,0.05598,67.119,10.405,PUSH
14.402,0.28702,0.05598,67.119,10.399,PUSH
14.403,0.28702,0.05598,67.119,10.392,PUSH
14.404,0.28702,0.05598,67.119,10.384,PUSH
14.405,0.28702,0.05598,67.119,10.376,PUSH
14.406,0.28702,0.05598,67.119,10.368,PUSH
14.407,0.28702,0.05598,67.119,10.359,PUSH
14.408,0.28702,0.05598,67.119,10.35,PUSH
14.409,0.28702,0.05598,67.119,10.34,PUSH
14.41,0.28702,0.05598,67.119,10.329,PUSH
14.411,0.28702,0.05598,67.119,10.32,PUSH
14.412,0.28702,0.05598,67.119,10.312,PUSH
14.413,0.28702,0.05598,67.119,10.303,PUSH
14.414,0.28702,0.05598,67.119,10.293,PUSH
14.415,0.28702,0.05598,67.119,10.283,PUSH
14.416,0.28702,0.05598,67.119,10.272,PUSH
14.417,0.28702,0.05598,67.119,10.262,PUSH
14.418,0.28702,0.05598,67.119,10.252,PUSH
14.419,0.28702,0.05598,67.119,10.242,PUSH
14.42,0.28702,0.05598,67.119,10.233,PUSH
14.421,0.28702,0.05598,67.119,10.224,PUSH
14.422,0.28702,0.05598,67.119,10.214,PUSH
14.423,0.28702,0.05598,67.119,10.204,PUSH
14.424,0.28702,0.05598,67.119,10.194,PUSH
14.425,0.28702,0.05598,67.119,10.185,PUSH
14.426,0.28702,0.05598,67.119,10.175,PUSH
14.427,0.28702,0.05598,67.119,10.167,PUSH
14.428,0.28702,0.05598,67.119,10.157,PUSH
14.429,0.28702,0.05598,67.119,10.146,PUSH
14.43,0.28702,0.05598,67.119,10.135,PUSH
14.431,0.28702,0.05598,67.119,10.125,PUSH
14.432,0.28702,0.05598,67.119,10.112,PUSH
14.433,0.28702,0.05598,67.119,10.101,PUSH
14.434,0.2887,0.05336,65.915,17.486,PUSH
14.435,0.2887,0.05336,65.915,17.473,PUSH
14.436,0.2887,0.05336,65.915,17.459,PUSH
14.437,0.2887,0.05336,65.915,17.444,PUSH
14.438,0.2887,0.05336,65.915,17.428,PUSH
14.439,0.2887,0.05336,65.915,17.413,PUSH
14.44,0.2887,0.05336,65.915,17.398,PUSH
14.441,0.2887,0.05336,65.915,17.382,PUSH
14.442,0.2887,0.05336,65.915,17.367,PUSH
14.443,0.2887,0.05336,65.915,17.351,PUSH
14.444,0.2887,0.05336,65.915,17.336,PUSH
14.445,0.2887,0.05336,65.915,17.32,PUSH
14.446,0.2887,0.05336,65.915,17.304,PUSH
14.447,0.2887,0.05336,65.915,17.287,PUSH
14.448,0.2887,0.05336,65.915,17.27,PUSH
14.449,0.2887,0.05336,65.915,17.252,PUSH
14.45,0.2887,0.05336,65.915,17.234,PUSH
14.451,0.2887,0.05336,65.915,17.216,PUSH
14.452,0.2887,0.05336,65.915,17.197,PUSH
14.453,0.2887,0.05336,65.915,17.179,PUSH
14.454,0.2887,0.05336,65.915,17.162,PUSH
14.455,0.2887,0.05336,65.915,17.143,PUSH
14.456,0.2887,0.05336,65.915,17.124,PUSH
14.457,0.2887,0.05336,65.915,17.107,PUSH
14.458,0.2887,0.05336,65.915,17.093,PUSH
14.459,0.2887,0.05336,65.915,17.077,PUSH
14.46,0.2887,0.05336,65.915,17.062,PUSH
14.461,0.2887,0.05336,65.915,17.045,PUSH
14.462,0.2887,0.05336,65.915,17.028,PUSH
14.463,0.2887,0.05336,65.915,17.009,PUSH
14.464,0.2887,0.05336,65.915,16.991,PUSH
14.465,0.2887,0.05336,65.915,16.972,PUSH
14.466,0.2887,0.05336,65.915,16.953,PUSH
14.467,0.28853,0.05201,64.729,18.66,PUSH
14.468,0.28853,0.05201,64.729,18.64,PUSH
14.469,0.28853,0.05201,64.729,18.619,PUSH
14.47,0.28853,0.05201,64.729,18.6,PUSH
14.471,0.28853,0.05201,64.729,18.58,PUSH
14.472,0.28853,0.05201,64.729,18.56,PUSH
14.473,0.28853,0.05201,64.729,18.54,PUSH
14.474,0.28853,0.05201,64.729,18.519,PUSH
14.475,0.28853,0.05201,64.729,18.499,PUSH
14.476,0.28853,0.05201,64.729,18.478,PUSH
14.477,0.28853,0.05201,64.729,18.457,PUSH
14.478,0.28853,0.05201,64.729,18.436,PUSH
14.479,0.28853,0.05201,64.729,18.417,PUSH
14.48,0.28853,0.05201,64.729,18.396,PUSH
14.481,0.28853,0.05201,64.729,18.375,PUSH
14.482,0.28853,0.05201,64.729,18.352,PUSH
14.483,0.28853,0.05201,64.729,18.332,PUSH
14.484,0.28853,0.05201,64.729,18.311,PUSH
14.485,0.28853,0.05201,64.729,18.291,PUSH
14.486,0.28853,0.05201,64.729,18.271,PUSH
14.487,0.28853,0.05201,64.729,18.253,PUSH
14.488,0.28853,0.05201,64.729,18.233,PUSH
14.489,0.28853,0.05201,64.729,18.213,PUSH
14.49,0.28853,0.05201,64.729,18.194,PUSH
14.491,0.28853,0.05201,64.729,18.174,PUSH
14.492,0.28853,0.05201,64.729,18.154,PUSH
14.493,0.28853,0.05201,64.729,18.133,PUSH
14.494,0.28853,0.05201,64.729,18.112,PUSH
14.495,0.28853,0.05201,64.729,18.091,PUSH
14.496,0.28853,0.05201,64.729,18.072,PUSH
14.497,0.28853,0.05201,64.729,18.051,PUSH
14.498,0.28853,0.05201,64.729,18.029,PUSH
14.499,0.28853,0.05201,64.729,18.007,PUSH
14.5,0.28853,0.05201,64.729,17.986,PUSH
14.501,0.28783,0.05299,65.105,14.973,PUSH
14.502,0.28783,0.05299,65.105,14.952,PUSH
14.503,0.28783,0.05299,65.105,14.931,PUSH
14.504,0.28783,0.05299,65.105,14.911,PUSH
14.505,0.28783,0.05299,65.105,14.892,PUSH
14.506,0.28783,0.05299,65.105,14.872,PUSH
14.507,0.28783,0.05299,65.105,14.852,PUSH
14.508,0.28783,0.05299,65.105,14.833,PUSH
14.509,0.28783,0.05299,65.105,14.812,PUSH
14.51,0.28783,0.05299,65.105,14.794,PUSH
14.511,0.28783,0.05299,65.105,14.776,PUSH
14.512,0.28783,0.05299,65.105,14.758,PUSH
14.513,0.28783,0.05299,65.105,14.741,PUSH
14.514,0.28783,0.05299,65.105,14.723,PUSH
14.515,0.28783,0.05299,65.105,14.704,PUSH
14.516,0.28783,0.05299,65.105,14.687,PUSH
14.517,0.28783,0.05299,65.105,14.669,PUSH
14.518,0.28783,0.05299,65.105,14.65,PUSH
14.519,0.28783,0.05299,65.105,14.633,PUSH
14.52,0.28783,0.05299,65.105,14.616,PUSH
14.521,0.28783,0.05299,65.105,14.597,PUSH
14.522,0.28783,0.05299,65.105,14.579,PUSH
14.523,0.28783,0.05299,65.105,14.562,PUSH
14.524,0.28783,0.05299,65.105,14.548,PUSH
14.525,0.28783,0.05299,65.105,14.532,PUSH
14.526,0.28783,0.05299,65.105,14.516,PUSH
14.527,0.28783,0.05299,65.105,14.499,PUSH
14.528,0.28783,0.05299,65.105,14.482,PUSH
14.529,0.28783,0.05299,65.105,14.464,PUSH
14.53,0.28783,0.05299,65.105,14.446,PUSH
14.531,0.28783,0.05299,65.105,14.428,PUSH
14.532,0.28783,0.05299,65.105,14.409,PUSH
14.533,0.28783,0.05299,65.105,14.392,PUSH
14.534,0.28687,0.05111,63.019,15.212,PUSH
14.535,0.28687,0.05111,63.019,15.194,PUSH
14.536,0.28687,0.05111,63.019,15.176,PUSH
14.537,0.28687,0.05111,63.019,15.158,PUSH
14.538,0.28687,0.05111,63.019,15.139,PUSH
14.539,0.28687,0.05111,63.019,15.121,PUSH
14.54,0.28687,0.05111,63.019,15.103,PUSH
14.541,0.28687,0.05111,63.019,15.085,PUSH
14.542,0.28687,0.05111,63.019,15.066,PUSH
14.543,0.28687,0.05111,63.019,15.047,PUSH
14.544,0.28687,0.05111,63.019,15.031,PUSH
14.545,0.28687,0.05111,63.019,15.016,PUSH
14.546,0.28687,0.05111,63.019,15.0,PUSH
14.547,0.28687,0.05111,63.019,14.984,PUSH
14.548,0.28687,0.05111,63.019,14.967,PUSH
14.549,0.28687,0.05111,63.019,14.951,PUSH
14.55,0.28687,0.05111,63.019,14.932,PUSH
14.551,0.28687,0.05111,63.019,14.916,PUSH
14.552,0.28687,0.05111,63.019,14.898,PUSH
14.553,0.28687,0.05111,63.019,14.881,PUSH
14.554,0.28687,0.05111,63.019,14.864,PUSH
14.555,0.28687,0.05111,63.019,14.847,PUSH
14.556,0.28687,0.05111,63.019,14.829,PUSH
14.557,0.28687,0.05111,63.019,14.811,PUSH
14.558,0.28687,0.05111,63.019,14.794,PUSH
14.559,0.28687,0.05111,63.019,14.777,PUSH
14.56,0.28687,0.05111,63.019,14.76,PUSH
14.561,0.28687,0.05111,63.019,14.744,PUSH
14.562,0.28687,0.05111,63.019,14.727,PUSH
14.563,0.28687,0.05111,63.019,14.71,PUSH
14.564,0.28687,0.05111,63.019,14.692,PUSH
14.565,0.28687,0.05111,63.019,14.674,PUSH
14.566,0.28687,0.05111,63.019,14.658,PUSH
14.567,0.28597,0.0507,62.16,13.321,PUSH
14.568,0.28597,0.0507,62.16,13.303,PUSH
14.569,0.28597,0.0507,62.16,13.286,PUSH
14.57,0.28597,0.0507,62.16,13.268,PUSH
14.571,0.28597,0.0507,62.16,13.251,PUSH
14.572,0.28597,0.0507,62.16,13.233,PUSH
14.573,0.28597,0.0507,62.16,13.217,PUSH
14.574,0.28597,0.0507,62.16,13.201,PUSH
14.575,0.28597,0.0507,62.16,13.184,PUSH
14.576,0.28597,0.0507,62.16,13.167,PUSH
14.577,0.28597,0.0507,62.16,13.15,PUSH
14.578,0.28597,0.0507,62.16,13.134,PUSH
14.579,0.28597,0.0507,62.16,13.116,PUSH
14.58,0.28597,0.0507,62.16,13.101,PUSH
14.581,0.28597,0.0507,62.16,13.085,PUSH
14.582,0.28597,0.0507,62.16,13.07,PUSH
14.583,0.28597,0.0507,62.16,13.054,PUSH
14.584,0.28597,0.0507,62.16,13.039,PUSH
14.585,0.28597,0.0507,62.16,13.024,PUSH
14.586,0.28597,0.0507,62.16,13.008,PUSH
14.587,0.28597,0.0507,62.16,12.994,PUSH
14.588,0.28597,0.0507,62.16,12.979,PUSH
14.589,0.28597,0.0507,62.16,12.964,PUSH
14.59,0.28597,0.0507,62.16,12.949,PUSH
14.591,0.28597,0.0507,62.16,12.934,PUSH
14.592,0.28597,0.0507,62.16,12.919,PUSH
14.593,0.28597,0.0507,62.16,12.904,PUSH
14.594,0.28597,0.0507,62.16,12.887,PUSH
14.595,0.28597,0.0507,62.16,12.872,PUSH
14.596,0.28597,0.0507,62.16,12.856,PUSH
14.597,0.28597,0.0507,62.16,12.841,PUSH
14.598,0.28597,0.0507,62.16,12.825,PUSH
14.599,0.28597,0.0507,62.16,12.811,PUSH
14.6,0.28597,0.0507,62.16,12.795,PUSH
14.601,0.28986,0.05185,65.401,19.21,PUSH
14.602,0.28986,0.05185,65.401,19.191,PUSH
14.603,0.28986,0.05185,65.401,19.174,PUSH
14.604,0.28986,0.05185,65.401,19.155,PUSH
14.605,0.28986,0.05185,65.401,19.137,PUSH
14.606,0.28986,0.05185,65.401,19.118,PUSH
14.607,0.28986,0.05185,65.401,19.099,PUSH
14.608,0.28986,0.05185,65.401,19.08,PUSH
14.609,0.28986,0.05185,65.401,19.06,PUSH
14.61,0.28986,0.05185,65.401,19.04,PUSH
14.611,0.28986,0.05185,65.401,19.019,PUSH
14.612,0.28986,0.05185,65.401,19.0,PUSH
14.613,0.28986,0.05185,65.401,18.98,PUSH
14.614,0.28986,0.05185,65.401,18.961,PUSH
14.615,0.28986,0.05185,65.401,18.941,PUSH
14.616,0.28986,0.05185,65.401,18.92,PUSH
14.617,0.28986,0.05185,65.401,18.899,PUSH
14.618,0.28986,0.05185,65.401,18.878,PUSH
14.619,0.28986,0.05185,65.401,18.857,PUSH
14.62,0.28986,0.05185,65.401,18.837,PUSH
14.621,0.28986,0.05185,65.401,18.816,PUSH
14.622,0.28986,0.05185,65.401,18.795,PUSH
14.623,0.28986,0.05185,65.401,18.774,PUSH
14.624,0.28986,0.05185,65.401,18.753,PUSH
14.625,0.28986,0.05185,65.401,18.732,PUSH
14.626,0.28986,0.05185,65.401,18.711,PUSH
14.627,0.28986,0.05185,65.401,18.688,PUSH
14.628,0.28986,0.05185,65.401,18.667,PUSH
14.629,0.28986,0.05185,65.401,18.646,PUSH
14.63,0.28986,0.05185,65.401,18.625,PUSH
14.631,0.28986,0.05185,65.401,18.603,PUSH
14.632,0.28986,0.05185,65.401,18.582,PUSH
14.633,0.28986,0.05185,65.401,18.56,PUSH
14.634,0.28324,0.05151,61.309,4.736,PUSH
14.635,0.28324,0.05151,61.309,4.717,PUSH
14.636,0.28324,0.05151,61.309,4.701,PUSH
14.637,0.28324,0.05151,61.309,4.686,PUSH
14.638,0.28324,0.05151,61.309,4.672,PUSH
14.639,0.28324,0.05151,61.309,4.659,PUSH
14.64,0.28324,0.05151,61.309,4.647,PUSH
14.641,0.28324,0.05151,61.309,4.636,PUSH
14.642,0.28324,0.05151,61.309,4.624,PUSH
14.643,0.28324,0.05151,61.309,4.614,PUSH
14.644,0.28324,0.05151,61.309,4.604,PUSH
14.645,0.28324,0.05151,61.309,4.593,PUSH
14.646,0.28324,0.05151,61.309,4.583,PUSH
14.647,0.28324,0.05151,61.309,4.573,PUSH
14.648,0.28324,0.05151,61.309,4.563,PUSH
14.649,0.28324,0.05151,61.309,4.553,PUSH
14.65,0.28324,0.05151,61.309,4.543,PUSH
14.651,0.28324,0.05151,61.309,4.534,PUSH
14.652,0.28324,0.05151,61.309,4.527,PUSH
14.653,0.28324,0.05151,61.309,4.518,PUSH
14.654,0.28324,0.05151,61.309,4.509,PUSH
14.655,0.28324,0.05151,61.309,4.5,PUSH
14.656,0.28324,0.05151,61.309,4.492,PUSH
14.657,0.28324,0.05151,61.309,4.483,PUSH
14.658,0.28324,0.05151,61.309,4.474,PUSH
14.659,0.28324,0.05151,61.309,4.466,PUSH
14.66,0.28324,0.05151,61.309,4.458,PUSH
14.661,0.28324,0.05151,61.309,4.45,PUSH
14.662,0.28324,0.05151,61.309,4.442,PUSH
14.663,0.28324,0.05151,61.309,4.434,PUSH
14.664,0.28324,0.05151,61.309,4.427,PUSH
14.665,0.28324,0.05151,61.309,4.419,PUSH
14.666,0.28324,0.05151,61.309,4.411,PUSH
14.667,0.28251,0.05132,60.756,2.995,PUSH
14.668,0.28251,0.05132,60.756,2.989,PUSH
14.669,0.28251,0.05132,60.756,2.982,PUSH
14.67,0.28251,0.05132,60.756,2.974,PUSH
14.671,0.28251,0.05132,60.756,2.967,PUSH
14.672,0.28251,0.05132,60.756,2.96,PUSH
14.673,0.28251,0.05132,60.756,2.953,PUSH
14.674,0.28251,0.05132,60.756,2.945,PUSH
14.675,0.28251,0.05132,60.756,2.937,PUSH
14.676,0.28251,0.05132,60.756,2.93,PUSH
14.677,0.28251,0.05132,60.756,2.924,PUSH
14.678,0.28251,0.05132,60.756,2.918,PUSH
14.679,0.28251,0.05132,60.756,2.91,PUSH
14.68,0.28251,0.05132,60.756,2.902,PUSH
14.681,0.28251,0.05132,60.756,2.895,PUSH
14.682,0.28251,0.05132,60.756,2.888,PUSH
14.683,0.28251,0.05132,60.756,2.881,PUSH
14.684,0.28251,0.05132,60.756,2.873,PUSH
14.685,0.28251,0.05132,60.756,2.866,PUSH
14.686,0.28251,0.05132,60.756,2.858,PUSH
14.687,0.28251,0.05132,60.756,2.851,PUSH
14.688,0.28251,0.05132,60.756,2.843,PUSH
14.689,0.28251,0.05132,60.756,2.837,PUSH
14.69,0.28251,0.05132,60.756,2.831,PUSH
14.691,0.28251,0.05132,60.756,2.825,PUSH
14.692,0.28251,0.05132,60.756,2.818,PUSH
14.693,0.28251,0.05132,60.756,2.811,PUSH
14.694,0.28251,0.05132,60.756,2.804,PUSH
14.695,0.28251,0.05132,60.756,2.796,PUSH
14.696,0.28251,0.05132,60.756,2.789,PUSH
14.697,0.28251,0.05132,60.756,2.782,PUSH
14.698,0.28251,0.05132,60.756,2.775,PUSH
14.699,0.28251,0.05132,60.756,2.768,PUSH
14.7,0.28228,0.05014,59.633,3.969,PUSH
14.701,0.28228,0.05014,59.633,3.964,PUSH
14.702,0.28228,0.05014,59.633,3.958,PUSH
14.703,0.28228,0.05014,59.633,3.952,PUSH
14.704,0.28228,0.05014,59.633,3.946,PUSH
14.705,0.28228,0.05014,59.633,3.94,PUSH
14.706,0.28228,0.05014,59.633,3.934,PUSH
14.707,0.28228,0.05014,59.633,3.929,PUSH
14.708,0.28228,0.05014,59.633,3.924,PUSH
14.709,0.28228,0.05014,59.633,3.92,PUSH
14.71,0.28228,0.05014,59.633,3.917,PUSH
14.711,0.28228,0.05014,59.633,3.913,PUSH
14.712,0.28228,0.05014,59.633,3.909,PUSH
14.713,0.28228,0.05014,59.633,3.905,PUSH
14.714,0.28228,0.05014,59.633,3.902,PUSH
14.715,0.28228,0.05014,59.633,3.898,PUSH
14.716,0.28228,0.05014,59.633,3.893,PUSH
14.717,0.28228,0.05014,59.633,3.888,PUSH
14.718,0.28228,0.05014,59.633,3.884,PUSH
14.719,0.28228,0.05014,59.633,3.879,PUSH
14.72,0.28228,0.05014,59.633,3.876,PUSH
14.721,0.28228,0.05014,59.633,3.872,PUSH
14.722,0.28228,0.05014,59.633,3.868,PUSH
14.723,0.28228,0.05014,59.633,3.864,PUSH
14.724,0.28228,0.05014,59.633,3.86,PUSH
14.725,0.28228,0.05014,59.633,3.856,PUSH
14.726,0.28228,0.05014,59.633,3.852,PUSH
14.727,0.28228,0.05014,59.633,3.847,PUSH
14.728,0.28228,0.05014,59.633,3.842,PUSH
14.729,0.28228,0.05014,59.633,3.837,PUSH
14.73,0.28228,0.05014,59.633,3.833,PUSH
14.731,0.28228,0.05014,59.633,3.83,PUSH
14.732,0.28228,0.05014,59.633,3.826,PUSH
14.733,0.28228,0.05014,59.633,3.821,PUSH
14.734,0.2845,0.05045,61.116,8.461,PUSH
14.735,0.2845,0.05045,61.116,8.455,PUSH
14.736,0.2845,0.05045,61.116,8.448,PUSH
14.737,0.2845,0.05045,61.116,8.44,PUSH
14.738,0.2845,0.05045,61.116,8.434,PUSH
14.739,0.2845,0.05045,61.116,8.428,PUSH
14.74,0.2845,0.05045,61.116,8.421,PUSH
14.741,0.2845,0.05045,61.116,8.413,PUSH
14.742,0.2845,0.05045,61.116,8.406,PUSH
14.743,0.2845,0.05045,61.116,8.397,PUSH
14.744,0.2845,0.05045,61.116,8.389,PUSH
14.745,0.2845,0.05045,61.116,8.381,PUSH
14.746,0.2845,0.05045,61.116,8.372,PUSH
14.747,0.2845,0.05045,61.116,8.365,PUSH
14.748,0.2845,0.05045,61.116,8.358,PUSH
14.749,0.2845,0.05045,61.116,8.351,PUSH
14.75,0.2845,0.05045,61.116,8.342,PUSH
14.751,0.2845,0.05045,61.116,8.334,PUSH
14.752,0.2845,0.05045,61.116,8.326,PUSH
14.753,0.2845,0.05045,61.116,8.32,PUSH
14.754,0.2845,0.05045,61.116,8.313,PUSH
14.755,0.2845,0.05045,61.116,8.305,PUSH
14.756,0.2845,0.05045,61.116,8.297,PUSH
14.757,0.2845,0.05045,61.116,8.289,PUSH
14.758,0.2845,0.05045,61.116,8.28,PUSH
14.759,0.2845,0.05045,61.116,8.273,PUSH
14.76,0.2845,0.05045,61.116,8.264,PUSH
14.761,0.2845,0.05045,61.116,8.255,PUSH
14.762,0.2845,0.05045,61.116,8.247,PUSH
14.763,0.2845,0.05045,61.116,8.238,PUSH
14.764,0.2845,0.05045,61.116,8.228,PUSH
14.765,0.2845,0.05045,61.116,8.219,PUSH
14.766,0.2845,0.05045,61.116,8.209,PUSH
14.767,0.28422,0.0502,60.753,7.952,PUSH
14.768,0.28422,0.0502,60.753,7.943,PUSH
14.769,0.28422,0.0502,60.753,7.934,PUSH
14.77,0.28422,0.0502,60.753,7.924,PUSH
14.771,0.28422,0.0502,60.753,7.916,PUSH
14.772,0.28422,0.0502,60.753,7.907,PUSH
14.773,0.28422,0.0502,60.753,7.899,PUSH
14.774,0.28422,0.0502,60.753,7.89,PUSH
14.775,0.28422,0.0502,60.753,7.882,PUSH
14.776,0.28422,0.0502,60.753,7.874,PUSH
14.777,0.28422,0.0502,60.753,7.867,PUSH
14.778,0.28422,0.0502,60.753,7.858,PUSH
14.779,0.28422,0.0502,60.753,7.851,PUSH
14.78,0.28422,0.0502,60.753,7.842,PUSH
14.781,0.28422,0.0502,60.753,7.834,PUSH
14.782,0.28422,0.0502,60.753,7.826,PUSH
14.783,0.28422,0.0502,60.753,7.817,PUSH
14.784,0.28422,0.0502,60.753,7.807,PUSH
14.785,0.28422,0.0502,60.753,7.797,PUSH
14.786,0.28422,0.0502,60.753,7.787,PUSH
14.787,0.28422,0.0502,60.753,7.777,PUSH
14.788,0.28422,0.0502,60.753,7.768,PUSH
14.789,0.28422,0.0502,60.753,7.758,PUSH
14.79,0.28422,0.0502,60.753,7.749,PUSH
14.791,0.28422,0.0502,60.753,7.739,PUSH
14.792,0.28422,0.0502,60.753,7.73,PUSH
14.793,0.28422,0.0502,60.753,7.721,PUSH
14.794,0.28422,0.0502,60.753,7.712,PUSH
14.795,0.28422,0.0502,60.753,7.703,PUSH
14.796,0.28422,0.0502,60.753,7.695,PUSH
14.797,0.28422,0.0502,60.753,7.687,PUSH
14.798,0.28422,0.0502,60.753,7.678,PUSH
14.799,0.28422,0.0502,60.753,7.669,PUSH
14.8,0.28249,0.05064,60.173,3.047,PUSH
14.801,0.28249,0.05064,60.173,3.04,PUSH
14.802,0.28249,0.05064,60.173,3.035,PUSH
14.803,0.28249,0.05064,60.173,3.03,PUSH
14.804,0.28249,0.05064,60.173,3.024,PUSH
14.805,0.28249,0.05064,60.173,3.018,PUSH
14.806,0.28249,0.05064,60.173,3.013,PUSH
14.807,0.28249,0.05064,60.173,3.008,PUSH
14.808,0.28249,0.05064,60.173,3.002,PUSH
14.809,0.28249,0.05064,60.173,2.997,PUSH
14.81,0.28249,0.05064,60.173,2.992,PUSH
14.811,0.28249,0.05064,60.173,2.987,PUSH
14.812,0.28249,0.05064,60.173,2.982,PUSH
14.813,0.28249,0.05064,60.173,2.978,PUSH
14.814,0.28249,0.05064,60.173,2.973,PUSH
14.815,0.28249,0.05064,60.173,2.968,PUSH
14.816,0.28249,0.05064,60.173,2.963,PUSH
14.817,0.28249,0.05064,60.173,2.959,PUSH
14.818,0.28249,0.05064,60.173,2.954,PUSH
14.819,0.28249,0.05064,60.173,2.949,PUSH
14.82,0.28249,0.05064,60.173,2.945,PUSH
14.821,0.28249,0.05064,60.173,2.939,PUSH
14.822,0.28249,0.05064,60.173,2.934,PUSH
14.823,0.28249,0.05064,60.173,2.929,PUSH
14.824,0.28249,0.05064,60.173,2.924,PUSH
14.825,0.28249,0.05064,60.173,2.918,PUSH
14.826,0.28249,0.05064,60.173,2.914,PUSH
14.827,0.28249,0.05064,60.173,2.91,PUSH
14.828,0.28249,0.05064,60.173,2.906,PUSH
14.829,0.28249,0.05064,60.173,2.902,PUSH
14.83,0.28249,0.05064,60.173,2.898,PUSH
14.831,0.28249,0.05064,60.173,2.893,PUSH
14.832,0.28249,0.05064,60.173,2.889,PUSH
14.833,0.28249,0.05064,60.173,2.884,PUSH
14.834,0.28191,0.04722,56.986,6.818,PUSH
14.835,0.28191,0.04722,56.986,6.813,PUSH
14.836,0.28191,0.04722,56.986,6.811,PUSH
14.837,0.28191,0.04722,56.986,6.807,PUSH
14.838,0.28191,0.04722,56.986,6.802,PUSH
14.839,0.28191,0.04722,56.986,6.799,PUSH
14.84,0.28191,0.04722,56.986,6.794,PUSH
14.841,0.28191,0.04722,56.986,6.788,PUSH
14.842,0.28191,0.04722,56.986,6.783,PUSH
14.843,0.28191,0.04722,56.986,6.777,PUSH
14.844,0.28191,0.04722,56.986,6.77,PUSH
14.845,0.28191,0.04722,56.986,6.765,PUSH
14.846,0.28191,0.04722,56.986,6.761,PUSH
14.847,0.28191,0.04722,56.986,6.756,PUSH
14.848,0.28191,0.04722,56.986,6.751,PUSH
14.849,0.28191,0.04722,56.986,6.745,PUSH
14.85,0.28191,0.04722,56.986,6.74,PUSH
14.851,0.28191,0.04722,56.986,6.734,PUSH
14.852,0.28191,0.04722,56.986,6.726,PUSH
14.853,0.28191,0.04722,56.986,6.72,PUSH
14.854,0.28191,0.04722,56.986,6.713,PUSH
14.855,0.28191,0.04722,56.986,6.707,PUSH
14.856,0.28191,0.04722,56.986,6.7,PUSH
14.857,0.28191,0.04722,56.986,6.695,PUSH
14.858,0.28191,0.04722,56.986,6.69,PUSH
14.859,0.28191,0.04722,56.986,6.684,PUSH
14.86,0.28191,0.04722,56.986,6.677,PUSH
14.861,0.28191,0.04722,56.986,6.67,PUSH
14.862,0.28191,0.04722,56.986,6.663,PUSH
14.863,0.28191,0.04722,56.986,6.656,PUSH
14.864,0.28191,0.04722,56.986,6.649,PUSH
14.865,0.28191,0.04722,56.986,6.643,PUSH
14.866,0.28191,0.04722,56.986,6.636,PUSH
14.867,0.28404,0.0466,57.711,12.657,PUSH
14.868,0.28404,0.0466,57.711,12.649,PUSH
14.869,0.28404,0.0466,57.711,12.639,PUSH
14.87,0.28404,0.0466,57.711,12.628,PUSH
14.871,0.28404,0.0466,57.711,12.619,PUSH
14.872,0.28404,0.0466,57.711,12.611,PUSH
14.873,0.28404,0.0466,57.711,12.601,PUSH
14.874,0.28404,0.0466,57.711,12.591,PUSH
14.875,0.28404,0.0466,57.711,12.58,PUSH
14.876,0.28404,0.0466,57.711,12.569,PUSH
14.877,0.28404,0.0466,57.711,12.557,PUSH
14.878,0.28404,0.0466,57.711,12.545,PUSH
14.879,0.28404,0.0466,57.711,12.533,PUSH
14.88,0.28404,0.0466,57.711,12.522,PUSH
14.881,0.28404,0.0466,57.711,12.51,PUSH
14.882,0.28404,0.0466,57.711,12.498,PUSH
14.883,0.28404,0.0466,57.711,12.485,PUSH
14.884,0.28404,0.0466,57.711,12.473,PUSH
14.885,0.28404,0.0466,57.711,12.461,PUSH
14.886,0.28404,0.0466,57.711,12.448,PUSH
14.887,0.28404,0.0466,57.711,12.436,PUSH
14.888,0.28404,0.0466,57.711,12.423,PUSH
14.889,0.28404,0.0466,57.711,12.409,PUSH
14.89,0.28404,0.0466,57.711,12.397,PUSH
14.891,0.28404,0.0466,57.711,12.383,PUSH
14.892,0.28404,0.0466,57.711,12.371,PUSH
14.893,0.28404,0.0466,57.711,12.357,PUSH
14.894,0.28404,0.0466,57.711,12.343,PUSH
14.895,0.28404,0.0466,57.711,12.33,PUSH
14.896,0.28404,0.0466,57.711,12.316,PUSH
14.897,0.28404,0.0466,57.711,12.303,PUSH
14.898,0.28404,0.0466,57.711,12.291,PUSH
14.899,0.28404,0.0466,57.711,12.278,PUSH
14.9,0.28404,0.0466,57.711,12.265,PUSH
14.901,0.28433,0.04562,57.098,14.576,PUSH
14.902,0.28433,0.04562,57.098,14.562,PUSH
14.903,0.28433,0.04562,57.098,14.549,PUSH
14.904,0.28433,0.04562,57.098,14.536,PUSH
14.905,0.28433,0.04562,57.098,14.522,PUSH
14.906,0.28433,0.04562,57.098,14.507,PUSH
14.907,0.28433,0.04562,57.098,14.493,PUSH
14.908,0.28433,0.04562,57.098,14.478,PUSH
14.909,0.28433,0.04562,57.098,14.463,PUSH
14.91,0.28433,0.04562,57.098,14.448,PUSH
14.911,0.28433,0.04562,57.098,14.432,PUSH
14.912,0.28433,0.04562,57.098,14.418,PUSH
14.913,0.28433,0.04562,57.098,14.402,PUSH
14.914,0.28433,0.04562,57.098,14.386,PUSH
14.915,0.28433,0.04562,57.098,14.37,PUSH
14.916,0.28433,0.04562,57.098,14.354,PUSH
14.917,0.28433,0.04562,57.098,14.338,PUSH
14.918,0.28433,0.04562,57.098,14.322,PUSH
14.919,0.28433,0.04562,57.098,14.306,PUSH
14.92,0.28433,0.04562,57.098,14.289,PUSH
14.921,0.28433,0.04562,57.098,14.273,PUSH
14.922,0.28433,0.04562,57.098,14.257,PUSH
14.923,0.28433,0.04562,57.098,14.242,PUSH
14.924,0.28433,0.04562,57.098,14.225,PUSH
14.925,0.28433,0.04562,57.098,14.209,PUSH
14.926,0.28433,0.04562,57.098,14.193,PUSH
14.927,0.28433,0.04562,57.098,14.177,PUSH
14.928,0.28433,0.04562,57.098,14.161,PUSH
14.929,0.28433,0.04562,57.098,14.145,PUSH
14.93,0.28433,0.04562,57.098,14.129,PUSH
14.931,0.28433,0.04562,57.098,14.114,PUSH
14.932,0.28433,0.04562,57.098,14.098,PUSH
14.933,0.28433,0.04562,57.098,14.082,PUSH
14.934,0.2863,0.04918,61.129,12.561,PUSH
14.935,0.2863,0.04918,61.129,12.546,PUSH
14.936,0.2863,0.04918,61.129,12.53,PUSH
14.937,0.2863,0.04918,61.129,12.515,PUSH
14.938,0.2863,0.04918,61.129,12.5,PUSH
14.939,0.2863,0.04918,61.129,12.486,PUSH
14.94,0.2863,0.04918,61.129,12.472,PUSH
14.941,0.2863,0.04918,61.129,12.458,PUSH
14.942,0.2863,0.04918,61.129,12.444,PUSH
14.943,0.2863,0.04918,61.129,12.431,PUSH
14.944,0.2863,0.04918,61.129,12.416,PUSH
14.945,0.2863,0.04918,61.129,12.403,PUSH
14.946,0.2863,0.04918,61.129,12.389,PUSH
14.947,0.2863,0.04918,61.129,12.375,PUSH
14.948,0.2863,0.04918,61.129,12.361,PUSH
14.949,0.2863,0.04918,61.129,12.346,PUSH
14.95,0.2863,0.04918,61.129,12.332,PUSH
14.951,0.2863,0.04918,61.129,12.318,PUSH
14.952,0.2863,0.04918,61.129,12.303,PUSH
14.953,0.2863,0.04918,61.129,12.289,PUSH
14.954,0.2863,0.04918,61.129,12.274,PUSH
14.955,0.2863,0.04918,61.129,12.26,PUSH
14.956,0.2863,0.04918,61.129,12.244,PUSH
14.957,0.2863,0.04918,61.129,12.229,PUSH
14.958,0.2863,0.04918,61.129,12.215,PUSH
14.959,0.2863,0.04918,61.129,12.204,PUSH
14.96,0.2863,0.04918,61.129,12.191,PUSH
14.961,0.2863,0.04918,61.129,12.178,PUSH
14.962,0.2863,0.04918,61.129,12.164,PUSH
14.963,0.2863,0.04918,61.129,12.151,PUSH
14.964,0.2863,0.04918,61.129,12.137,PUSH
14.965,0.2863,0.04918,61.129,12.122,PUSH
14.966,0.2863,0.04918,61.129,12.108,PUSH
14.967,0.28253,0.0452,55.691,10.141,PUSH
14.968,0.28253,0.0452,55.691,10.126,PUSH
14.969,0.28253,0.0452,55.691,10.114,PUSH
14.97,0.28253,0.0452,55.691,10.103,PUSH
14.971,0.28253,0.0452,55.691,10.092,PUSH
14.972,0.28253,0.0452,55.691,10.08,PUSH
14.973,0.28253,0.0452,55.691,10.069,PUSH
14.974,0.28253,0.0452,55.691,10.057,PUSH
14.975,0.28253,0.0452,55.691,10.045,PUSH
14.976,0.28253,0.0452,55.691,10.032,PUSH
14.977,0.28253,0.0452,55.691,10.02,PUSH
14.978,0.28253,0.0452,55.691,10.006,PUSH
14.979,0.28253,0.0452,55.691,9.994,PUSH
14.98,0.28253,0.0452,55.691,9.982,PUSH
14.981,0.28253,0.0452,55.691,9.97,PUSH
14.982,0.28253,0.0452,55.691,9.957,PUSH
14.983,0.28253,0.0452,55.691,9.945,PUSH
14.984,0.28253,0.0452,55.691,9.934,PUSH
14.985,0.28253,0.0452,55.691,9.922,PUSH
14.986,0.28253,0.0452,55.691,9.909,PUSH
14.987,0.28253,0.0452,55.691,9.897,PUSH
14.988,0.28253,0.0452,55.691,9.886,PUSH
14.989,0.28253,0.0452,55.691,9.875,PUSH
14.99,0.28253,0.0452,55.691,9.863,PUSH
14.991,0.28253,0.0452,55.691,9.852,PUSH
14.992,0.28253,0.0452,55.691,9.84,PUSH
14.993,0.28253,0.0452,55.691,9.829,PUSH
14.994,0.28253,0.0452,55.691,9.817,PUSH
14.995,0.28253,0.0452,55.691,9.805,PUSH
14.996,0.28253,0.0452,55.691,9.794,PUSH
14.997,0.28253,0.0452,55.691,9.782,PUSH
14.998,0.28253,0.0452,55.691,9.769,PUSH
14.999,0.28253,0.0452,55.691,9.758,PUSH
15.0,0.28253,0.0452,55.691,9.746,PUSH
15.001,0.27947,0.04448,53.356,3.455,PUSH
15.002,0.27947,0.04448,53.356,3.445,PUSH
15.003,0.27947,0.04448,53.356,3.437,PUSH
15.004,0.27947,0.04448,53.356,3.429,PUSH
15.005,0.27947,0.04448,53.356,3.421,PUSH
15.006,0.27947,0.04448,53.356,3.414,PUSH
15.007,0.27947,0.04448,53.356,3.407,PUSH
15.008,0.27947,0.04448,53.356,3.399,PUSH
15.009,0.27947,0.04448,53.356,3.392,PUSH
15.01,0.27947,0.04448,53.356,3.385,PUSH
15.011,0.27947,0.04448,53.356,3.378,PUSH
15.012,0.27947,0.04448,53.356,3.371,PUSH
15.013,0.27947,0.04448,53.356,3.363,PUSH
15.014,0.27947,0.04448,53.356,3.357,PUSH
15.015,0.27947,0.04448,53.356,3.351,PUSH
15.016,0.27947,0.04448,53.356,3.344,PUSH
15.017,0.27947,0.04448,53.356,3.337,PUSH
15.018,0.27947,0.04448,53.356,3.33,PUSH
15.019,0.27947,0.04448,53.356,3.326,PUSH
15.02,0.27947,0.04448,53.356,3.32,PUSH
15.021,0.27947,0.04448,53.356,3.314,PUSH
15.022,0.27947,0.04448,53.356,3.308,PUSH
15.023,0.27947,0.04448,53.356,3.302,PUSH
15.024,0.27947,0.04448,53.356,3.294,PUSH
15.025,0.27947,0.04448,53.356,3.288,PUSH
15.026,0.27947,0.04448,53.356,3.281,PUSH
15.027,0.27947,0.04448,53.356,3.275,PUSH
15.028,0.27947,0.04448,53.356,3.269,PUSH
15.029,0.27947,0.04448,53.356,3.264,PUSH
15.03,0.27947,0.04448,53.356,3.259,PUSH
15.031,0.27947,0.04448,53.356,3.253,PUSH
15.032,0.27947,0.04448,53.356,3.248,PUSH
15.033,0.27947,0.04448,53.356,3.243,PUSH
15.034,0.28064,0.0476,56.604,1.089,PUSH
15.035,0.28064,0.0476,56.604,1.084,PUSH
15.036,0.28064,0.0476,56.604,1.079,PUSH
15.037,0.28064,0.0476,56.604,1.074,PUSH
15.038,0.28064,0.0476,56.604,1.07,PUSH
15.039,0.28064,0.0476,56.604,1.067,PUSH
15.04,0.28064,0.0476,56.604,1.063,PUSH
15.041,0.28064,0.0476,56.604,1.059,PUSH
15.042,0.28064,0.0476,56.604,1.057,PUSH
15.043,0.28064,0.0476,56.604,1.053,PUSH
15.044,0.28064,0.0476,56.604,1.049,PUSH
15.045,0.28064,0.0476,56.604,1.046,PUSH
15.046,0.28064,0.0476,56.604,1.042,PUSH
15.047,0.28064,0.0476,56.604,1.038,PUSH
15.048,0.28064,0.0476,56.604,1.034,PUSH
15.049,0.28064,0.0476,56.604,1.031,PUSH
15.05,0.28064,0.0476,56.604,1.028,PUSH
15.051,0.28064,0.0476,56.604,1.025,PUSH
15.052,0.28064,0.0476,56.604,1.021,PUSH
15.053,0.28064,0.0476,56.604,1.017,PUSH
15.054,0.28064,0.0476,56.604,1.014,PUSH
15.055,0.28064,0.0476,56.604,1.011,PUSH
15.056,0.28064,0.0476,56.604,1.008,PUSH
15.057,0.28064,0.0476,56.604,1.006,PUSH
15.058,0.28064,0.0476,56.604,1.003,PUSH
15.059,0.28064,0.0476,56.604,1.002,PUSH
15.06,0.28064,0.0476,56.604,0.998,PUSH
15.061,0.28064,0.0476,56.604,0.995,PUSH
15.062,0.28064,0.0476,56.604,0.993,PUSH
15.063,0.28064,0.0476,56.604,0.99,PUSH
15.064,0.28064,0.0476,56.604,0.987,PUSH
15.065,0.28064,0.0476,56.604,0.985,PUSH
15.066,0.28064,0.0476,56.604,0.983,PUSH
15.067,0.28482,0.04686,58.383,11.805,PUSH
15.068,0.28482,0.04686,58.383,11.8,PUSH
15.069,0.28482,0.04686,58.383,11.793,PUSH
15.07,0.28482,0.04686,58.383,11.784,PUSH
15.071,0.28482,0.04686,58.383,11.776,PUSH
15.072,0.28482,0.04686,58.383,11.769,PUSH
15.073,0.28482,0.04686,58.383,11.761,PUSH
15.074,0.28482,0.04686,58.383,11.752,PUSH
15.075,0.28482,0.04686,58.383,11.742,PUSH
15.076,0.28482,0.04686,58.383,11.732,PUSH
15.077,0.28482,0.04686,58.383,11.722,PUSH
15.078,0.28482,0.04686,58.383,11.713,PUSH
15.079,0.28482,0.04686,58.383,11.703,PUSH
15.08,0.28482,0.04686,58.383,11.693,PUSH
15.081,0.28482,0.04686,58.383,11.683,PUSH
15.082,0.28482,0.04686,58.383,11.674,PUSH
15.083,0.28482,0.04686,58.383,11.664,PUSH
15.084,0.28482,0.04686,58.383,11.654,PUSH
15.085,0.28482,0.04686,58.383,11.644,PUSH
15.086,0.28482,0.04686,58.383,11.632,PUSH
15.087,0.28482,0.04686,58.383,11.621,PUSH
15.088,0.28482,0.04686,58.383,11.61,PUSH
15.089,0.28482,0.04686,58.383,11.599,PUSH
15.09,0.28482,0.04686,58.383,11.59,PUSH
15.091,0.28482,0.04686,58.383,11.579,PUSH
15.092,0.28482,0.04686,58.383,11.57,PUSH
15.093,0.28482,0.04686,58.383,11.559,PUSH
15.094,0.28482,0.04686,58.383,11.548,PUSH
15.095,0.28482,0.04686,58.383,11.537,PUSH
15.096,0.28482,0.04686,58.383,11.526,PUSH
15.097,0.28482,0.04686,58.383,11.516,PUSH
15.098,0.28482,0.04686,58.383,11.507,PUSH
15.099,0.28482,0.04686,58.383,11.497,PUSH
15.1,0.28482,0.04686,58.383,11.486,PUSH
15.101,0.28251,0.04537,55.82,8.709,PUSH
15.102,0.28251,0.04537,55.82,8.698,PUSH
15.103,0.28251,0.04537,55.82,8.687,PUSH
15.104,0.28251,0.04537,55.82,8.675,PUSH
15.105,0.28251,0.04537,55.82,8.664,PUSH
15.106,0.28251,0.04537,55.82,8.653,PUSH
15.107,0.28251,0.04537,55.82,8.644,PUSH
15.108,0.28251,0.04537,55.82,8.635,PUSH
15.109,0.28251,0.04537,55.82,8.626,PUSH
15.11,0.28251,0.04537,55.82,8.616,PUSH
15.111,0.28251,0.04537,55.82,8.606,PUSH
15.112,0.28251,0.04537,55.82,8.596,PUSH
15.113,0.28251,0.04537,55.82,8.586,PUSH
15.114,0.28251,0.04537,55.82,8.575,PUSH
15.115,0.28251,0.04537,55.82,8.565,PUSH
15.116,0.28251,0.04537,55.82,8.554,PUSH
15.117,0.28251,0.04537,55.82,8.543,PUSH
15.118,0.28251,0.04537,55.82,8.533,PUSH
15.119,0.28251,0.04537,55.82,8.522,PUSH
15.12,0.28251,0.04537,55.82,8.512,PUSH
15.121,0.28251,0.04537,55.82,8.502,PUSH
15.122,0.28251,0.04537,55.82,8.492,PUSH
15.123,0.28251,0.04537,55.82,8.481,PUSH
15.124,0.28251,0.04537,55.82,8.472,PUSH
15.125,0.28251,0.04537,55.82,8.462,PUSH
15.126,0.28251,0.04537,55.82,8.453,PUSH
15.127,0.28251,0.04537,55.82,8.442,PUSH
15.128,0.28251,0.04537,55.82,8.432,PUSH
15.129,0.28251,0.04537,55.82,8.423,PUSH
15.13,0.28251,0.04537,55.82,8.417,PUSH
15.131,0.28251,0.04537,55.82,8.409,PUSH
15.132,0.28251,0.04537,55.82,8.403,PUSH
15.133,0.28251,0.04537,55.82,8.395,PUSH
15.134,0.28314,0.04666,57.236,7.717,PUSH
15.135,0.28314,0.04666,57.236,7.709,PUSH
15.136,0.28314,0.04666,57.236,7.7,PUSH
15.137,0.28314,0.04666,57.236,7.691,PUSH
15.138,0.28314,0.04666,57.236,7.682,PUSH
15.139,0.28314,0.04666,57.236,7.673,PUSH
15.14,0.28314,0.04666,57.236,7.664,PUSH
15.141,0.28314,0.04666,57.236,7.656,PUSH
15.142,0.28314,0.04666,57.236,7.646,PUSH
15.143,0.28314,0.04666,57.236,7.637,PUSH
15.144,0.28314,0.04666,57.236,7.627,PUSH
15.145,0.28314,0.04666,57.236,7.618,PUSH
15.146,0.28314,0.04666,57.236,7.609,PUSH
15.147,0.28314,0.04666,57.236,7.601,PUSH
15.148,0.28314,0.04666,57.236,7.591,PUSH
15.149,0.28314,0.04666,57.236,7.581,PUSH
15.15,0.28314,0.04666,57.236,7.574,PUSH
15.151,0.28314,0.04666,57.236,7.568,PUSH
15.152,0.28314,0.04666,57.236,7.561,PUSH
15.153,0.28314,0.04666,57.236,7.554,PUSH
15.154,0.28314,0.04666,57.236,7.548,PUSH
15.155,0.28314,0.04666,57.236,7.54,PUSH
15.156,0.28314,0.04666,57.236,7.532,PUSH
15.157,0.28314,0.04666,57.236,7.525,PUSH
15.158,0.28314,0.04666,57.236,7.517,PUSH
15.159,0.28314,0.04666,57.236,7.508,PUSH
15.16,0.28314,0.04666,57.236,7.499,PUSH
15.161,0.28314,0.04666,57.236,7.491,PUSH
15.162,0.28314,0.04666,57.236,7.482,PUSH
15.163,0.28314,0.04666,57.236,7.474,PUSH
15.164,0.28314,0.04666,57.236,7.467,PUSH
15.165,0.28314,0.04666,57.236,7.459,PUSH
15.166,0.28314,0.04666,57.236,7.452,PUSH
15.167,0.28295,0.04458,55.438,10.457,PUSH
15.168,0.28295,0.04458,55.438,10.447,PUSH
15.169,0.28295,0.04458,55.438,10.439,PUSH
15.17,0.28295,0.04458,55.438,10.428,PUSH
15.171,0.28295,0.04458,55.438,10.417,PUSH
15.172,0.28295,0.04458,55.438,10.408,PUSH
15.173,0.28295,0.04458,55.438,10.4,PUSH
15.174,0.28295,0.04458,55.438,10.392,PUSH
15.175,0.28295,0.04458,55.438,10.382,PUSH
15.176,0.28295,0.04458,55.438,10.374,PUSH
15.177,0.28295,0.04458,55.438,10.364,PUSH
15.178,0.28295,0.04458,55.438,10.354,PUSH
15.179,0.28295,0.04458,55.438,10.344,PUSH
15.18,0.28295,0.04458,55.438,10.332,PUSH
15.181,0.28295,0.04458,55.438,10.321,PUSH
15.182,0.28295,0.04458,55.438,10.311,PUSH
15.183,0.28295,0.04458,55.438,10.302,PUSH
15.184,0.28295,0.04458,55.438,10.293,PUSH
15.185,0.28295,0.04458,55.438,10.283,PUSH
15.186,0.28295,0.04458,55.438,10.273,PUSH
15.187,0.28295,0.04458,55.438,10.263,PUSH
15.188,0.28295,0.04458,55.438,10.252,PUSH
15.189,0.28295,0.04458,55.438,10.241,PUSH
15.19,0.28295,0.04458,55.438,10.23,PUSH
15.191,0.28295,0.04458,55.438,10.22,PUSH
15.192,0.28295,0.04458,55.438,10.209,PUSH
15.193,0.28295,0.04458,55.438,10.199,PUSH
15.194,0.28295,0.04458,55.438,10.188,PUSH
15.195,0.28295,0.04458,55.438,10.176,PUSH
15.196,0.28295,0.04458,55.438,10.165,PUSH
15.197,0.28295,0.04458,55.438,10.154,PUSH
15.198,0.28295,0.04458,55.438,10.143,PUSH
15.199,0.28295,0.04458,55.438,10.132,PUSH
15.2,0.28138,0.04445,54.41,6.672,PUSH
15.201,0.28138,0.04445,54.41,6.663,PUSH
15.202,0.28138,0.04445,54.41,6.656,PUSH
15.203,0.28138,0.04445,54.41,6.648,PUSH
15.204,0.28138,0.04445,54.41,6.639,PUSH
15.205,0.28138,0.04445,54.41,6.631,PUSH
15.206,0.28138,0.04445,54.41,6.623,PUSH
15.207,0.28138,0.04445,54.41,6.615,PUSH
15.208,0.28138,0.04445,54.41,6.606,PUSH
15.209,0.28138,0.04445,54.41,6.597,PUSH
15.21,0.28138,0.04445,54.41,6.589,PUSH
15.211,0.28138,0.04445,54.41,6.581,PUSH
15.212,0.28138,0.04445,54.41,6.575,PUSH
15.213,0.28138,0.04445,54.41,6.568,PUSH
15.214,0.28138,0.04445,54.41,6.56,PUSH
15.215,0.28138,0.04445,54.41,6.551,PUSH
15.216,0.28138,0.04445,54.41,6.543,PUSH
15.217,0.28138,0.04445,54.41,6.535,PUSH
15.218,0.28138,0.04445,54.41,6.526,PUSH
15.219,0.28138,0.04445,54.41,6.518,PUSH
15.22,0.28138,0.04445,54.41,6.51,PUSH
15.221,0.28138,0.04445,54.41,6.501,PUSH
15.222,0.28138,0.04445,54.41,6.491,PUSH
15.223,0.28138,0.04445,54.41,6.483,PUSH
15.224,0.28138,0.04445,54.41,6.475,PUSH
15.225,0.28138,0.04445,54.41,6.467,PUSH
15.226,0.28138,0.04445,54.41,6.459,PUSH
15.227,0.28138,0.04445,54.41,6.452,PUSH
15.228,0.28138,0.04445,54.41,6.445,PUSH
15.229,0.28138,0.04445,54.41,6.439,PUSH
15.23,0.28138,0.04445,54.41,6.432,PUSH
15.231,0.28138,0.04445,54.41,6.424,PUSH
15.232,0.28138,0.04445,54.41,6.417,PUSH
15.233,0.28138,0.04445,54.41,6.41,PUSH
15.234,0.28298,0.04549,56.188,8.399,PUSH
15.235,0.28298,0.04549,56.188,8.391,PUSH
15.236,0.28298,0.04549,56.188,8.382,PUSH
15.237,0.28298,0.04549,56.188,8.373,PUSH
15.238,0.28298,0.04549,56.188,8.365,PUSH
15.239,0.28298,0.04549,56.188,8.359,PUSH
15.24,0.28298,0.04549,56.188,8.351,PUSH
15.241,0.28298,0.04549,56.188,8.344,PUSH
15.242,0.28298,0.04549,56.188,8.335,PUSH
15.243,0.28298,0.04549,56.188,8.328,PUSH
15.244,0.28298,0.04549,56.188,8.319,PUSH
15.245,0.28298,0.04549,56.188,8.31,PUSH
15.246,0.28298,0.04549,56.188,8.302,PUSH
15.247,0.28298,0.04549,56.188,8.292,PUSH
15.248,0.28298,0.04549,56.188,8.282,PUSH
15.249,0.28298,0.04549,56.188,8.274,PUSH
15.25,0.28298,0.04549,56.188,8.267,PUSH
15.251,0.28298,0.04549,56.188,8.26,PUSH
15.252,0.28298,0.04549,56.188,8.252,PUSH
15.253,0.28298,0.04549,56.188,8.244,PUSH
15.254,0.28298,0.04549,56.188,8.236,PUSH
15.255,0.28298,0.04549,56.188,8.227,PUSH
15.256,0.28298,0.04549,56.188,8.218,PUSH
15.257,0.28298,0.04549,56.188,8.209,PUSH
15.258,0.28298,0.04549,56.188,8.201,PUSH
15.259,0.28298,0.04549,56.188,8.193,PUSH
15.26,0.28298,0.04549,56.188,8.184,PUSH
15.261,0.28298,0.04549,56.188,8.175,PUSH
15.262,0.28298,0.04549,56.188,8.166,PUSH
15.263,0.28298,0.04549,56.188,8.157,PUSH
15.264,0.28298,0.04549,56.188,8.148,PUSH
15.265,0.28298,0.04549,56.188,8.139,PUSH
15.266,0.28298,0.04549,56.188,8.13,PUSH
15.267,0.28449,0.04453,56.326,13.099,PUSH
15.268,0.28449,0.04453,56.326,13.09,PUSH
15.269,0.28449,0.04453,56.326,13.082,PUSH
15.27,0.28449,0.04453,56.326,13.073,PUSH
15.271,0.28449,0.04453,56.326,13.062,PUSH
15.272,0.28449,0.04453,56.326,13.051,PUSH
15.273,0.28449,0.04453,56.326,13.038,PUSH
15.274,0.28449,0.04453,56.326,13.027,PUSH
15.275,0.28449,0.04453,56.326,13.014,PUSH
15.276,0.28449,0.04453,56.326,13.002,PUSH
15.277,0.28449,0.04453,56.326,12.989,PUSH
15.278,0.28449,0.04453,56.326,12.976,PUSH
15.279,0.28449,0.04453,56.326,12.963,PUSH
15.28,0.28449,0.04453,56.326,12.949,PUSH
15.281,0.28449,0.04453,56.326,12.937,PUSH
15.282,0.28449,0.04453,56.326,12.924,PUSH
15.283,0.28449,0.04453,56.326,12.912,PUSH
15.284,0.28449,0.04453,56.326,12.899,PUSH
15.285,0.28449,0.04453,56.326,12.887,PUSH
15.286,0.28449,0.04453,56.326,12.875,PUSH
15.287,0.28449,0.04453,56.326,12.863,PUSH
15.288,0.28449,0.04453,56.326,12.851,PUSH
15.289,0.28449,0.04453,56.326,12.838,PUSH
15.29,0.28449,0.04453,56.326,12.824,PUSH
15.291,0.28449,0.04453,56.326,12.811,PUSH
15.292,0.28449,0.04453,56.326,12.799,PUSH
15.293,0.28449,0.04453,56.326,12.788,PUSH
15.294,0.28449,0.04453,56.326,12.776,PUSH
15.295,0.28449,0.04453,56.326,12.764,PUSH
15.296,0.28449,0.04453,56.326,12.752,PUSH
15.297,0.28449,0.04453,56.326,12.738,PUSH
15.298,0.28449,0.04453,56.326,12.724,PUSH
15.299,0.28449,0.04453,56.326,12.709,PUSH
15.3,0.28495,0.04343,55.749,15.618,PUSH
15.301,0.28495,0.04343,55.749,15.603,PUSH
15.302,0.28495,0.04343,55.749,15.588,PUSH
15.303,0.28495,0.04343,55.749,15.572,PUSH
15.304,0.28495,0.04343,55.749,15.555,PUSH
15.305,0.28495,0.04343,55.749,15.538,PUSH
15.306,0.28495,0.04343,55.749,15.522,PUSH
15.307,0.28495,0.04343,55.749,15.507,PUSH
15.308,0.28495,0.04343,55.749,15.49,PUSH
15.309,0.28495,0.04343,55.749,15.473,PUSH
15.31,0.28495,0.04343,55.749,15.458,PUSH
15.311,0.28495,0.04343,55.749,15.446,PUSH
15.312,0.28495,0.04343,55.749,15.434,PUSH
15.313,0.28495,0.04343,55.749,15.421,PUSH
15.314,0.28495,0.04343,55.749,15.406,PUSH
15.315,0.28495,0.04343,55.749,15.39,PUSH
15.316,0.28495,0.04343,55.749,15.375,PUSH
15.317,0.28495,0.04343,55.749,15.358,PUSH
15.318,0.28495,0.04343,55.749,15.341,PUSH
15.319,0.28495,0.04343,55.749,15.325,PUSH
15.32,0.28495,0.04343,55.749,15.308,PUSH
15.321,0.28495,0.04343,55.749,15.29,PUSH
15.322,0.28495,0.04343,55.749,15.273,PUSH
15.323,0.28495,0.04343,55.749,15.256,PUSH
15.324,0.28495,0.04343,55.749,15.238,PUSH
15.325,0.28495,0.04343,55.749,15.222,PUSH
15.326,0.28495,0.04343,55.749,15.206,PUSH
15.327,0.28495,0.04343,55.749,15.189,PUSH
15.328,0.28495,0.04343,55.749,15.174,PUSH
15.329,0.28495,0.04343,55.749,15.158,PUSH
15.33,0.28495,0.04343,55.749,15.144,PUSH
15.331,0.28495,0.04343,55.749,15.128,PUSH
15.332,0.28495,0.04343,55.749,15.113,PUSH
15.333,0.28495,0.04343,55.749,15.097,PUSH
15.334,0.2821,0.0431,53.736,9.224,PUSH
15.335,0.2821,0.0431,53.736,9.208,PUSH
15.336,0.2821,0.0431,53.736,9.193,PUSH
15.337,0.2821,0.0431,53.736,9.178,PUSH
15.338,0.2821,0.0431,53.736,9.163,PUSH
15.339,0.2821,0.0431,53.736,9.15,PUSH
15.34,0.2821,0.0431,53.736,9.135,PUSH
15.341,0.2821,0.0431,53.736,9.123,PUSH
15.342,0.2821,0.0431,53.736,9.111,PUSH
15.343,0.2821,0.0431,53.736,9.099,PUSH
15.344,0.2821,0.0431,53.736,9.087,PUSH
15.345,0.2821,0.0431,53.736,9.075,PUSH
15.346,0.2821,0.0431,53.736,9.063,PUSH
15.347,0.2821,0.0431,53.736,9.052,PUSH
15.348,0.2821,0.0431,53.736,9.041,PUSH
15.349,0.2821,0.0431,53.736,9.03,PUSH
15.35,0.2821,0.0431,53.736,9.019,PUSH
15.351,0.2821,0.0431,53.736,9.009,PUSH
15.352,0.2821,0.0431,53.736,8.998,PUSH
15.353,0.2821,0.0431,53.736,8.989,PUSH
15.354,0.2821,0.0431,53.736,8.979,PUSH
15.355,0.2821,0.0431,53.736,8.968,PUSH
15.356,0.2821,0.0431,53.736,8.958,PUSH
15.357,0.2821,0.0431,53.736,8.948,PUSH
15.358,0.2821,0.0431,53.736,8.936,PUSH
15.359,0.2821,0.0431,53.736,8.925,PUSH
15.36,0.2821,0.0431,53.736,8.914,PUSH
15.361,0.2821,0.0431,53.736,8.902,PUSH
15.362,0.2821,0.0431,53.736,8.891,PUSH
15.363,0.2821,0.0431,53.736,8.88,PUSH
15.364,0.2821,0.0431,53.736,8.867,PUSH
15.365,0.2821,0.0431,53.736,8.855,PUSH
15.366,0.2821,0.0431,53.736,8.845,PUSH
15.367,0.28491,0.04231,54.853,16.575,PUSH
15.368,0.28491,0.04231,54.853,16.563,PUSH
15.369,0.28491,0.04231,54.853,16.551,PUSH
15.37,0.28491,0.04231,54.853,16.537,PUSH
15.371,0.28491,0.04231,54.853,16.523,PUSH
15.372,0.28491,0.04231,54.853,16.508,PUSH
15.373,0.28491,0.04231,54.853,16.492,PUSH
15.374,0.28491,0.04231,54.853,16.477,PUSH
15.375,0.28491,0.04231,54.853,16.46,PUSH
15.376,0.28491,0.04231,54.853,16.444,PUSH
15.377,0.28491,0.04231,54.853,16.427,PUSH
15.378,0.28491,0.04231,54.853,16.41,PUSH
15.379,0.28491,0.04231,54.853,16.395,PUSH
15.38,0.28491,0.04231,54.853,16.379,PUSH
15.381,0.28491,0.04231,54.853,16.363,PUSH
15.382,0.28491,0.04231,54.853,16.347,PUSH
15.383,0.28491,0.04231,54.853,16.332,PUSH
15.384,0.28491,0.04231,54.853,16.317,PUSH
15.385,0.28491,0.04231,54.853,16.302,PUSH
15.386,0.28491,0.04231,54.853,16.285,PUSH
15.387,0.28491,0.04231,54.853,16.268,PUSH
15.388,0.28491,0.04231,54.853,16.251,PUSH
15.389,0.28491,0.04231,54.853,16.236,PUSH
15.39,0.28491,0.04231,54.853,16.219,PUSH
15.391,0.28491,0.04231,54.853,16.202,PUSH
15.392,0.28491,0.04231,54.853,16.185,PUSH
15.393,0.28491,0.04231,54.853,16.168,PUSH
15.394,0.28491,0.04231,54.853,16.151,PUSH
15.395,0.28491,0.04231,54.853,16.134,PUSH
15.396,0.28491,0.04231,54.853,16.116,PUSH
15.397,0.28491,0.04231,54.853,16.098,PUSH
15.398,0.28491,0.04231,54.853,16.079,PUSH
15.399,0.28491,0.04231,54.853,16.062,PUSH
15.4,0.28491,0.04231,54.853,16.044,PUSH
15.401,0.28242,0.03904,50.74,16.52,PUSH
15.402,0.28242,0.03904,50.74,16.503,PUSH
15.403,0.28242,0.03904,50.74,16.485,PUSH
15.404,0.28242,0.03904,50.74,16.468,PUSH
15.405,0.28242,0.03904,50.74,16.451,PUSH
15.406,0.28242,0.03904,50.74,16.434,PUSH
15.407,0.28242,0.03904,50.74,16.415,PUSH
15.408,0.28242,0.03904,50.74,16.397,PUSH
15.409,0.28242,0.03904,50.74,16.379,PUSH
15.41,0.28242,0.03904,50.74,16.361,PUSH
15.411,0.28242,0.03904,50.74,16.343,PUSH
15.412,0.28242,0.03904,50.74,16.325,PUSH
15.413,0.28242,0.03904,50.74,16.307,PUSH
15.414,0.28242,0.03904,50.74,16.289,PUSH
15.415,0.28242,0.03904,50.74,16.271,PUSH
15.416,0.28242,0.03904,50.74,16.252,PUSH
15.417,0.28242,0.03904,50.74,16.232,PUSH
15.418,0.28242,0.03904,50.74,16.214,PUSH
15.419,0.28242,0.03904,50.74,16.194,PUSH
15.42,0.28242,0.03904,50.74,16.174,PUSH
15.421,0.28242,0.03904,50.74,16.155,PUSH
15.422,0.28242,0.03904,50.74,16.136,PUSH
15.423,0.28242,0.03904,50.74,16.115,PUSH
15.424,0.28242,0.03904,50.74,16.096,PUSH
15.425,0.28242,0.03904,50.74,16.077,PUSH
15.426,0.28242,0.03904,50.74,16.057,PUSH
15.427,0.28242,0.03904,50.74,16.038,PUSH
15.428,0.28242,0.03904,50.74,16.018,PUSH
15.429,0.28242,0.03904,50.74,15.998,PUSH
15.43,0.28242,0.03904,50.74,15.98,PUSH
15.431,0.28242,0.03904,50.74,15.96,PUSH
15.432,0.28242,0.03904,50.74,15.941,PUSH
15.433,0.28242,0.03904,50.74,15.922,PUSH
15.434,0.28225,0.03807,49.896,17.423,PUSH
15.435,0.28225,0.03807,49.896,17.403,PUSH
15.436,0.28225,0.03807,49.896,17.384,PUSH
15.437,0.28225,0.03807,49.896,17.365,PUSH
15.438,0.28225,0.03807,49.896,17.345,PUSH
15.439,0.28225,0.03807,49.896,17.326,PUSH
15.44,0.28225,0.03807,49.896,17.306,PUSH
15.441,0.28225,0.03807,49.896,17.286,PUSH
15.442,0.28225,0.03807,49.896,17.266,PUSH
15.443,0.28225,0.03807,49.896,17.246,PUSH
15.444,0.28225,0.03807,49.896,17.226,PUSH
15.445,0.28225,0.03807,49.896,17.207,PUSH
15.446,0.28225,0.03807,49.896,17.186,PUSH
15.447,0.28225,0.03807,49.896,17.168,PUSH
15.448,0.28225,0.03807,49.896,17.15,PUSH
15.449,0.28225,0.03807,49.896,17.131,PUSH
15.45,0.28225,0.03807,49.896,17.113,PUSH
15.451,0.28225,0.03807,49.896,17.094,PUSH
15.452,0.28225,0.03807,49.896,17.075,PUSH
15.453,0.28225,0.03807,49.896,17.057,PUSH
15.454,0.28225,0.03807,49.896,17.037,PUSH
15.455,0.28225,0.03807,49.896,17.018,PUSH
15.456,0.28225,0.03807,49.896,16.999,PUSH
15.457,0.28225,0.03807,49.896,16.979,PUSH
15.458,0.28225,0.03807,49.896,16.96,PUSH
15.459,0.28225,0.03807,49.896,16.94,PUSH
15.46,0.28225,0.03807,49.896,16.92,PUSH
15.461,0.28225,0.03807,49.896,16.899,PUSH
15.462,0.28225,0.03807,49.896,16.879,PUSH
15.463,0.28225,0.03807,49.896,16.86,PUSH
15.464,0.28225,0.03807,49.896,16.844,PUSH
15.465,0.28225,0.03807,49.896,16.826,PUSH
15.466,0.28225,0.03807,49.896,16.808,PUSH
15.467,0.28061,0.03723,48.197,14.538,PUSH
15.468,0.28061,0.03723,48.197,14.519,PUSH
15.469,0.28061,0.03723,48.197,14.501,PUSH
15.47,0.28061,0.03723,48.197,14.481,PUSH
15.471,0.28061,0.03723,48.197,14.463,PUSH
15.472,0.28061,0.03723,48.197,14.445,PUSH
15.473,0.28061,0.03723,48.197,14.427,PUSH
15.474,0.28061,0.03723,48.197,14.409,PUSH
15.475,0.28061,0.03723,48.197,14.39,PUSH
15.476,0.28061,0.03723,48.197,14.372,PUSH
15.477,0.28061,0.03723,48.197,14.354,PUSH
15.478,0.28061,0.03723,48.197,14.336,PUSH
15.479,0.28061,0.03723,48.197,14.318,PUSH
15.48,0.28061,0.03723,48.197,14.3,PUSH
15.481,0.28061,0.03723,48.197,14.281,PUSH
15.482,0.28061,0.03723,48.197,14.263,PUSH
15.483,0.28061,0.03723,48.197,14.245,PUSH
15.484,0.28061,0.03723,48.197,14.226,PUSH
15.485,0.28061,0.03723,48.197,14.21,PUSH
15.486,0.28061,0.03723,48.197,14.193,PUSH
15.487,0.28061,0.03723,48.197,14.176,PUSH
15.488,0.28061,0.03723,48.197,14.16,PUSH
15.489,0.28061,0.03723,48.197,14.143,PUSH
15.49,0.28061,0.03723,48.197,14.127,PUSH
15.491,0.28061,0.03723,48.197,14.11,PUSH
15.492,0.28061,0.03723,48.197,14.094,PUSH
15.493,0.28061,0.03723,48.197,14.076,PUSH
15.494,0.28061,0.03723,48.197,14.06,PUSH
15.495,0.28061,0.03723,48.197,14.044,PUSH
15.496,0.28061,0.03723,48.197,14.028,PUSH
15.497,0.28061,0.03723,48.197,14.012,PUSH
15.498,0.28061,0.03723,48.197,13.997,PUSH
15.499,0.28061,0.03723,48.197,13.981,PUSH
15.5,0.28061,0.03723,48.197,13.965,PUSH
15.501,0.28258,0.03762,49.764,17.854,PUSH
15.502,0.28258,0.03762,49.764,17.836,PUSH
15.503,0.28258,0.03762,49.764,17.818,PUSH
15.504,0.28258,0.03762,49.764,17.8,PUSH
15.505,0.28258,0.03762,49.764,17.781,PUSH
15.506,0.28258,0.03762,49.764,17.761,PUSH
15.507,0.28258,0.03762,49.764,17.741,PUSH
15.508,0.28258,0.03762,49.764,17.722,PUSH
15.509,0.28258,0.03762,49.764,17.701,PUSH
15.51,0.28258,0.03762,49.764,17.683,PUSH
15.511,0.28258,0.03762,49.764,17.664,PUSH
15.512,0.28258,0.03762,49.764,17.646,PUSH
15.513,0.28258,0.03762,49.764,17.627,PUSH
15.514,0.28258,0.03762,49.764,17.608,PUSH
15.515,0.28258,0.03762,49.764,17.588,PUSH
15.516,0.28258,0.03762,49.764,17.569,PUSH
15.517,0.28258,0.03762,49.764,17.549,PUSH
15.518,0.28258,0.03762,49.764,17.53,PUSH
15.519,0.28258,0.03762,49.764,17.51,PUSH
15.52,0.28258,0.03762,49.764,17.489,PUSH
15.521,0.28258,0.03762,49.764,17.469,PUSH
15.522,0.28258,0.03762,49.764,17.448,PUSH
15.523,0.28258,0.03762,49.764,17.429,PUSH
15.524,0.28258,0.03762,49.764,17.409,PUSH
15.525,0.28258,0.03762,49.764,17.39,PUSH
15.526,0.28258,0.03762,49.764,17.371,PUSH
15.527,0.28258,0.03762,49.764,17.351,PUSH
15.528,0.28258,0.03762,49.764,17.331,PUSH
15.529,0.28258,0.03762,49.764,17.311,PUSH
15.53,0.28258,0.03762,49.764,17.291,PUSH
15.531,0.28258,0.03762,49.764,17.27,PUSH
15.532,0.28258,0.03762,49.764,17.25,PUSH
15.533,0.28258,0.03762,49.764,17.23,PUSH
15.534,0.28155,0.03966,50.683,10.852,PUSH
15.535,0.28155,0.03966,50.683,10.834,PUSH
15.536,0.28155,0.03966,50.683,10.817,PUSH
15.537,0.28155,0.03966,50.683,10.8,PUSH
15.538,0.28155,0.03966,50.683,10.783,PUSH
15.539,0.28155,0.03966,50.683,10.768,PUSH
15.54,0.28155,0.03966,50.683,10.752,PUSH
15.541,0.28155,0.03966,50.683,10.735,PUSH
15.542,0.28155,0.03966,50.683,10.719,PUSH
15.543,0.28155,0.03966,50.683,10.703,PUSH
15.544,0.28155,0.03966,50.683,10.688,PUSH
15.545,0.28155,0.03966,50.683,10.672,PUSH
15.546,0.28155,0.03966,50.683,10.657,PUSH
15.547,0.28155,0.03966,50.683,10.643,PUSH
15.548,0.28155,0.03966,50.683,10.628,PUSH
15.549,0.28155,0.03966,50.683,10.613,PUSH
15.55,0.28155,0.03966,50.683,10.599,PUSH
15.551,0.28155,0.03966,50.683,10.584,PUSH
15.552,0.28155,0.03966,50.683,10.569,PUSH
15.553,0.28155,0.03966,50.683,10.555,PUSH
15.554,0.28155,0.03966,50.683,10.541,PUSH
15.555,0.28155,0.03966,50.683,10.526,PUSH
15.556,0.28155,0.03966,50.683,10.512,PUSH
15.557,0.28155,0.03966,50.683,10.498,PUSH
15.558,0.28155,0.03966,50.683,10.484,PUSH
15.559,0.28155,0.03966,50.683,10.47,PUSH
15.56,0.28155,0.03966,50.683,10.456,PUSH
15.561,0.28155,0.03966,50.683,10.442,PUSH
15.562,0.28155,0.03966,50.683,10.429,PUSH
15.563,0.28155,0.03966,50.683,10.415,PUSH
15.564,0.28155,0.03966,50.683,10.401,PUSH
15.565,0.28155,0.03966,50.683,10.386,PUSH
15.566,0.28155,0.03966,50.683,10.372,PUSH
15.567,0.28198,0.03815,49.779,14.241,PUSH
15.568,0.28198,0.03815,49.779,14.225,PUSH
15.569,0.28198,0.03815,49.779,14.209,PUSH
15.57,0.28198,0.03815,49.779,14.192,PUSH
15.571,0.28198,0.03815,49.779,14.175,PUSH
15.572,0.28198,0.03815,49.779,14.159,PUSH
15.573,0.28198,0.03815,49.779,14.143,PUSH
15.574,0.28198,0.03815,49.779,14.126,PUSH
15.575,0.28198,0.03815,49.779,14.11,PUSH
15.576,0.28198,0.03815,49.779,14.094,PUSH
15.577,0.28198,0.03815,49.779,14.078,PUSH
15.578,0.28198,0.03815,49.779,14.062,PUSH
15.579,0.28198,0.03815,49.779,14.046,PUSH
15.58,0.28198,0.03815,49.779,14.031,PUSH
15.581,0.28198,0.03815,49.779,14.015,PUSH
15.582,0.28198,0.03815,49.779,14.0,PUSH
15.583,0.28198,0.03815,49.779,13.985,PUSH
15.584,0.28198,0.03815,49.779,13.971,PUSH
15.585,0.28198,0.03815,49.779,13.956,PUSH
15.586,0.28198,0.03815,49.779,13.941,PUSH
15.587,0.28198,0.03815,49.779,13.927,PUSH
15.588,0.28198,0.03815,49.779,13.912,PUSH
15.589,0.28198,0.03815,49.779,13.898,PUSH
15.59,0.28198,0.03815,49.779,13.882,PUSH
15.591,0.28198,0.03815,49.779,13.866,PUSH
15.592,0.28198,0.03815,49.779,13.851,PUSH
15.593,0.28198,0.03815,49.779,13.835,PUSH
15.594,0.28198,0.03815,49.779,13.82,PUSH
15.595,0.28198,0.03815,49.779,13.805,PUSH
15.596,0.28198,0.03815,49.779,13.79,PUSH
15.597,0.28198,0.03815,49.779,13.775,PUSH
15.598,0.28198,0.03815,49.779,13.759,PUSH
15.599,0.28198,0.03815,49.779,13.744,PUSH
15.6,0.28198,0.03815,49.779,13.728,PUSH
15.601,0.28462,0.0362,50.086,23.603,PUSH
15.602,0.28462,0.0362,50.086,23.585,PUSH
15.603,0.28462,0.0362,50.086,23.566,PUSH
15.604,0.28462,0.0362,50.086,23.546,PUSH
15.605,0.28462,0.0362,50.086,23.526,PUSH
15.606,0.28462,0.0362,50.086,23.504,PUSH
15.607,0.28462,0.0362,50.086,23.483,PUSH
15.608,0.28462,0.0362,50.086,23.462,PUSH
15.609,0.28462,0.0362,50.086,23.439,PUSH
15.61,0.28462,0.0362,50.086,23.415,PUSH
15.611,0.28462,0.0362,50.086,23.391,PUSH
15.612,0.28462,0.0362,50.086,23.367,PUSH
15.613,0.28462,0.0362,50.086,23.344,PUSH
15.614,0.28462,0.0362,50.086,23.32,PUSH
15.615,0.28462,0.0362,50.086,23.297,PUSH
15.616,0.28462,0.0362,50.086,23.273,PUSH
15.617,0.28462,0.0362,50.086,23.25,PUSH
15.618,0.28462,0.0362,50.086,23.225,PUSH
15.619,0.28462,0.0362,50.086,23.2,PUSH
15.62,0.28462,0.0362,50.086,23.176,PUSH
15.621,0.28462,0.0362,50.086,23.15,PUSH
15.622,0.28462,0.0362,50.086,23.125,PUSH
15.623,0.28462,0.0362,50.086,23.098,PUSH
15.624,0.28462,0.0362,50.086,23.072,PUSH
15.625,0.28462,0.0362,50.086,23.045,PUSH
15.626,0.28462,0.0362,50.086,23.021,PUSH
15.627,0.28462,0.0362,50.086,22.995,PUSH
15.628,0.28462,0.0362,50.086,22.969,PUSH
15.629,0.28462,0.0362,50.086,22.944,PUSH
15.63,0.28462,0.0362,50.086,22.917,PUSH
15.631,0.28462,0.0362,50.086,22.892,PUSH
15.632,0.28462,0.0362,50.086,22.865,PUSH
15.633,0.28462,0.0362,50.086,22.838,PUSH
15.634,0.28089,0.03227,44.673,22.864,PUSH
15.635,0.28089,0.03227,44.673,22.838,PUSH
15.636,0.28089,0.03227,44.673,22.812,PUSH
15.637,0.28089,0.03227,44.673,22.787,PUSH
15.638,0.28089,0.03227,44.673,22.761,PUSH
15.639,0.28089,0.03227,44.673,22.737,PUSH
15.64,0.28089,0.03227,44.673,22.712,PUSH
15.641,0.28089,0.03227,44.673,22.685,PUSH
15.642,0.28089,0.03227,44.673,22.66,PUSH
15.643,0.28089,0.03227,44.673,22.633,PUSH
15.644,0.28089,0.03227,44.673,22.606,PUSH
15.645,0.28089,0.03227,44.673,22.579,PUSH
15.646,0.28089,0.03227,44.673,22.551,PUSH
15.647,0.28089,0.03227,44.673,22.523,PUSH
15.648,0.28089,0.03227,44.673,22.496,PUSH
15.649,0.28089,0.03227,44.673,22.469,PUSH
15.65,0.28089,0.03227,44.673,22.441,PUSH
15.651,0.28089,0.03227,44.673,22.414,PUSH
15.652,0.28089,0.03227,44.673,22.387,PUSH
15.653,0.28089,0.03227,44.673,22.36,PUSH
15.654,0.28089,0.03227,44.673,22.333,PUSH
15.655,0.28089,0.03227,44.673,22.305,PUSH
15.656,0.28089,0.03227,44.673,22.279,PUSH
15.657,0.28089,0.03227,44.673,22.251,PUSH
15.658,0.28089,0.03227,44.673,22.227,PUSH
15.659,0.28089,0.03227,44.673,22.202,PUSH
15.66,0.28089,0.03227,44.673,22.177,PUSH
15.661,0.28089,0.03227,44.673,22.153,PUSH
15.662,0.28089,0.03227,44.673,22.128,PUSH
15.663,0.28089,0.03227,44.673,22.103,PUSH
15.664,0.28089,0.03227,44.673,22.078,PUSH
15.665,0.28089,0.03227,44.673,22.052,PUSH
15.666,0.28089,0.03227,44.673,22.026,PUSH
15.667,0.27963,0.03346,44.698,16.214,PUSH
15.668,0.27963,0.03346,44.698,16.189,PUSH
15.669,0.27963,0.03346,44.698,16.166,PUSH
15.67,0.27963,0.03346,44.698,16.142,PUSH
15.671,0.27963,0.03346,44.698,16.119,PUSH
15.672,0.27963,0.03346,44.698,16.096,PUSH
15.673,0.27963,0.03346,44.698,16.072,PUSH
15.674,0.27963,0.03346,44.698,16.049,PUSH
15.675,0.27963,0.03346,44.698,16.027,PUSH
15.676,0.27963,0.03346,44.698,16.005,PUSH
15.677,0.27963,0.03346,44.698,15.983,PUSH
15.678,0.27963,0.03346,44.698,15.961,PUSH
15.679,0.27963,0.03346,44.698,15.94,PUSH
15.68,0.27963,0.03346,44.698,15.922,PUSH
15.681,0.27963,0.03346,44.698,15.903,PUSH
15.682,0.27963,0.03346,44.698,15.883,PUSH
15.683,0.27963,0.03346,44.698,15.863,PUSH
15.684,0.27963,0.03346,44.698,15.842,PUSH
15.685,0.27963,0.03346,44.698,15.822,PUSH
15.686,0.27963,0.03346,44.698,15.801,PUSH
15.687,0.27963,0.03346,44.698,15.78,PUSH
15.688,0.27963,0.03346,44.698,15.76,PUSH
15.689,0.27963,0.03346,44.698,15.739,PUSH
15.69,0.27963,0.03346,44.698,15.717,PUSH
15.691,0.27963,0.03346,44.698,15.696,PUSH
15.692,0.27963,0.03346,44.698,15.676,PUSH
15.693,0.27963,0.03346,44.698,15.656,PUSH
15.694,0.27963,0.03346,44.698,15.636,PUSH
15.695,0.27963,0.03346,44.698,15.616,PUSH
15.696,0.27963,0.03346,44.698,15.597,PUSH
15.697,0.27963,0.03346,44.698,15.577,PUSH
15.698,0.27963,0.03346,44.698,15.557,PUSH
15.699,0.27963,0.03346,44.698,15.538,PUSH
15.7,0.28052,0.03326,45.146,18.158,PUSH
15.701,0.28052,0.03326,45.146,18.14,PUSH
15.702,0.28052,0.03326,45.146,18.12,PUSH
15.703,0.28052,0.03326,45.146,18.101,PUSH
15.704,0.28052,0.03326,45.146,18.082,PUSH
15.705,0.28052,0.03326,45.146,18.062,PUSH
15.706,0.28052,0.03326,45.146,18.043,PUSH
15.707,0.28052,0.03326,45.146,18.023,PUSH
15.708,0.28052,0.03326,45.146,18.003,PUSH
15.709,0.28052,0.03326,45.146,17.983,PUSH
15.71,0.28052,0.03326,45.146,17.962,PUSH
15.711,0.28052,0.03326,45.146,17.941,PUSH
15.712,0.28052,0.03326,45.146,17.921,PUSH
15.713,0.28052,0.03326,45.146,17.901,PUSH
15.714,0.28052,0.03326,45.146,17.881,PUSH
15.715,0.28052,0.03326,45.146,17.861,PUSH
15.716,0.28052,0.03326,45.146,17.842,PUSH
15.717,0.28052,0.03326,45.146,17.822,PUSH
15.718,0.28052,0.03326,45.146,17.802,PUSH
15.719,0.28052,0.03326,45.146,17.782,PUSH
15.72,0.28052,0.03326,45.146,17.762,PUSH
15.721,0.28052,0.03326,45.146,17.74,PUSH
15.722,0.28052,0.03326,45.146,17.72,PUSH
15.723,0.28052,0.03326,45.146,17.7,PUSH
15.724,0.28052,0.03326,45.146,17.679,PUSH
15.725,0.28052,0.03326,45.146,17.659,PUSH
15.726,0.28052,0.03326,45.146,17.639,PUSH
15.727,0.28052,0.03326,45.146,17.619,PUSH
15.728,0.28052,0.03326,45.146,17.599,PUSH
15.729,0.28052,0.03326,45.146,17.578,PUSH
15.73,0.28052,0.03326,45.146,17.558,PUSH
15.731,0.28052,0.03326,45.146,17.536,PUSH
15.732,0.28052,0.03326,45.146,17.514,PUSH
15.733,0.28052,0.03326,45.146,17.494,PUSH
15.734,0.27941,0.03491,45.647,11.151,PUSH
15.735,0.27941,0.03491,45.647,11.133,PUSH
15.736,0.27941,0.03491,45.647,11.116,PUSH
15.737,0.27941,0.03491,45.647,11.098,PUSH
15.738,0.27941,0.03491,45.647,11.082,PUSH
15.739,0.27941,0.03491,45.647,11.066,PUSH
15.74,0.27941,0.03491,45.647,11.048,PUSH
15.741,0.27941,0.03491,45.647,11.032,PUSH
15.742,0.27941,0.03491,45.647,11.016,PUSH
15.743,0.27941,0.03491,45.647,10.999,PUSH
15.744,0.27941,0.03491,45.647,10.983,PUSH
15.745,0.27941,0.03491,45.647,10.967,PUSH
15.746,0.27941,0.03491,45.647,10.951,PUSH
15.747,0.27941,0.03491,45.647,10.935,PUSH
15.748,0.27941,0.03491,45.647,10.918,PUSH
15.749,0.27941,0.03491,45.647,10.902,PUSH
15.75,0.27941,0.03491,45.647,10.888,PUSH
15.751,0.27941,0.03491,45.647,10.875,PUSH
15.752,0.27941,0.03491,45.647,10.861,PUSH
15.753,0.27941,0.03491,45.647,10.847,PUSH
15.754,0.27941,0.03491,45.647,10.832,PUSH
15.755,0.27941,0.03491,45.647,10.817,PUSH
15.756,0.27941,0.03491,45.647,10.803,PUSH
15.757,0.27941,0.03491,45.647,10.788,PUSH
15.758,0.27941,0.03491,45.647,10.774,PUSH
15.759,0.27941,0.03491,45.647,10.76,PUSH
15.76,0.27941,0.03491,45.647,10.745,PUSH
15.761,0.27941,0.03491,45.647,10.731,PUSH
15.762,0.27941,0.03491,45.647,10.716,PUSH
15.763,0.27941,0.03491,45.647,10.702,PUSH
15.764,0.27941,0.03491,45.647,10.687,PUSH
15.765,0.27941,0.03491,45.647,10.673,PUSH
15.766,0.27941,0.03491,45.647,10.658,PUSH
15.767,0.28232,0.03409,46.975,19.356,PUSH
15.768,0.28232,0.03409,46.975,19.34,PUSH
15.769,0.28232,0.03409,46.975,19.324,PUSH
15.77,0.28232,0.03409,46.975,19.307,PUSH
15.771,0.28232,0.03409,46.975,19.289,PUSH
15.772,0.28232,0.03409,46.975,19.272,PUSH
15.773,0.28232,0.03409,46.975,19.253,PUSH
15.774,0.28232,0.03409,46.975,19.234,PUSH
15.775,0.28232,0.03409,46.975,19.215,PUSH
15.776,0.28232,0.03409,46.975,19.196,PUSH
15.777,0.28232,0.03409,46.975,19.176,PUSH
15.778,0.28232,0.03409,46.975,19.156,PUSH
15.779,0.28232,0.03409,46.975,19.136,PUSH
15.78,0.28232,0.03409,46.975,19.117,PUSH
15.781,0.28232,0.03409,46.975,19.101,PUSH
15.782,0.28232,0.03409,46.975,19.083,PUSH
15.783,0.28232,0.03409,46.975,19.065,PUSH
15.784,0.28232,0.03409,46.975,19.046,PUSH
15.785,0.28232,0.03409,46.975,19.027,PUSH
15.786,0.28232,0.03409,46.975,19.007,PUSH
15.787,0.28232,0.03409,46.975,18.986,PUSH
15.788,0.28232,0.03409,46.975,18.967,PUSH
15.789,0.28232,0.03409,46.975,18.946,PUSH
15.79,0.28232,0.03409,46.975,18.926,PUSH
15.791,0.28232,0.03409,46.975,18.906,PUSH
15.792,0.28232,0.03409,46.975,18.886,PUSH
15.793,0.28232,0.03409,46.975,18.866,PUSH
15.794,0.28232,0.03409,46.975,18.846,PUSH
15.795,0.28232,0.03409,46.975,18.825,PUSH
15.796,0.28232,0.03409,46.975,18.803,PUSH
15.797,0.28232,0.03409,46.975,18.782,PUSH
15.798,0.28232,0.03409,46.975,18.762,PUSH
15.799,0.28232,0.03409,46.975,18.741,PUSH
15.8,0.28059,0.03243,44.582,18.337,PUSH
15.801,0.28059,0.03243,44.582,18.316,PUSH
15.802,0.28059,0.03243,44.582,18.296,PUSH
15.803,0.28059,0.03243,44.582,18.275,PUSH
15.804,0.28059,0.03243,44.582,18.255,PUSH
15.805,0.28059,0.03243,44.582,18.233,PUSH
15.806,0.28059,0.03243,44.582,18.211,PUSH
15.807,0.28059,0.03243,44.582,18.191,PUSH
15.808,0.28059,0.03243,44.582,18.173,PUSH
15.809,0.28059,0.03243,44.582,18.154,PUSH
15.81,0.28059,0.03243,44.582,18.135,PUSH
15.811,0.28059,0.03243,44.582,18.114,PUSH
15.812,0.28059,0.03243,44.582,18.094,PUSH
15.813,0.28059,0.03243,44.582,18.073,PUSH
15.814,0.28059,0.03243,44.582,18.051,PUSH
15.815,0.28059,0.03243,44.582,18.03,PUSH
15.816,0.28059,0.03243,44.582,18.007,PUSH
15.817,0.28059,0.03243,44.582,17.986,PUSH
15.818,0.28059,0.03243,44.582,17.965,PUSH
15.819,0.28059,0.03243,44.582,17.944,PUSH
15.82,0.28059,0.03243,44.582,17.923,PUSH
15.821,0.28059,0.03243,44.582,17.901,PUSH
15.822,0.28059,0.03243,44.582,17.879,PUSH
15.823,0.28059,0.03243,44.582,17.858,PUSH
15.824,0.28059,0.03243,44.582,17.836,PUSH
15.825,0.28059,0.03243,44.582,17.815,PUSH
15.826,0.28059,0.03243,44.582,17.793,PUSH
15.827,0.28059,0.03243,44.582,17.77,PUSH
15.828,0.28059,0.03243,44.582,17.749,PUSH
15.829,0.28059,0.03243,44.582,17.727,PUSH
15.83,0.28059,0.03243,44.582,17.704,PUSH
15.831,0.28059,0.03243,44.582,17.683,PUSH
15.832,0.28059,0.03243,44.582,17.66,PUSH
15.833,0.28059,0.03243,44.582,17.64,PUSH
15.834,0.28121,0.02711,41.339,32.093,PUSH
15.835,0.28121,0.02711,41.339,32.07,PUSH
15.836,0.28121,0.02711,41.339,32.045,PUSH
15.837,0.28121,0.02711,41.339,32.019,PUSH
15.838,0.28121,0.02711,41.339,31.99,PUSH
15.839,0.28121,0.02711,41.339,31.961,PUSH
15.84,0.28121,0.02711,41.339,31.93,PUSH
15.841,0.28121,0.02711,41.339,31.9,PUSH
15.842,0.28121,0.02711,41.339,31.868,PUSH
15.843,0.28121,0.02711,41.339,31.835,PUSH
15.844,0.28121,0.02711,41.339,31.802,PUSH
15.845,0.28121,0.02711,41.339,31.77,PUSH
15.846,0.28121,0.02711,41.339,31.736,PUSH
15.847,0.28121,0.02711,41.339,31.701,PUSH
15.848,0.28121,0.02711,41.339,31.666,PUSH
15.849,0.28121,0.02711,41.339,31.631,PUSH
15.85,0.28121,0.02711,41.339,31.597,PUSH
15.851,0.28121,0.02711,41.339,31.562,PUSH
15.852,0.28121,0.02711,41.339,31.529,PUSH
15.853,0.28121,0.02711,41.339,31.496,PUSH
15.854,0.28121,0.02711,41.339,31.463,PUSH
15.855,0.28121,0.02711,41.339,31.43,PUSH
15.856,0.28121,0.02711,41.339,31.397,PUSH
15.857,0.28121,0.02711,41.339,31.363,PUSH
15.858,0.28121,0.02711,41.339,31.329,PUSH
15.859,0.28121,0.02711,41.339,31.294,PUSH
15.86,0.28121,0.02711,41.339,31.259,PUSH
15.861,0.28121,0.02711,41.339,31.225,PUSH
15.862,0.28121,0.02711,41.339,31.19,PUSH
15.863,0.28121,0.02711,41.339,31.156,PUSH
15.864,0.28121,0.02711,41.339,31.121,PUSH
15.865,0.28121,0.02711,41.339,31.087,PUSH
15.866,0.28121,0.02711,41.339,31.053,PUSH
15.867,0.27986,0.02683,40.143,28.613,PUSH
15.868,0.27986,0.02683,40.143,28.578,PUSH
15.869,0.27986,0.02683,40.143,28.542,PUSH
15.87,0.27986,0.02683,40.143,28.506,PUSH
15.871,0.27986,0.02683,40.143,28.472,PUSH
15.872,0.27986,0.02683,40.143,28.437,PUSH
15.873,0.27986,0.02683,40.143,28.403,PUSH
15.874,0.27986,0.02683,40.143,28.369,PUSH
15.875,0.27986,0.02683,40.143,28.335,PUSH
15.876,0.27986,0.02683,40.143,28.301,PUSH
15.877,0.27986,0.02683,40.143,28.266,PUSH
15.878,0.27986,0.02683,40.143,28.231,PUSH
15.879,0.27986,0.02683,40.143,28.196,PUSH
15.88,0.27986,0.02683,40.143,28.16,PUSH
15.881,0.27986,0.02683,40.143,28.125,PUSH
15.882,0.27986,0.02683,40.143,28.089,PUSH
15.883,0.27986,0.02683,40.143,28.053,PUSH
15.884,0.27986,0.02683,40.143,28.018,PUSH
15.885,0.27986,0.02683,40.143,27.983,PUSH
15.886,0.27986,0.02683,40.143,27.95,PUSH
15.887,0.27986,0.02683,40.143,27.917,PUSH
15.888,0.27986,0.02683,40.143,27.884,PUSH
15.889,0.27986,0.02683,40.143,27.851,PUSH
15.89,0.27986,0.02683,40.143,27.82,PUSH
15.891,0.27986,0.02683,40.143,27.787,PUSH
15.892,0.27986,0.02683,40.143,27.753,PUSH
15.893,0.27986,0.02683,40.143,27.72,PUSH
15.894,0.27986,0.02683,40.143,27.686,PUSH
15.895,0.27986,0.02683,40.143,27.651,PUSH
15.896,0.27986,0.02683,40.143,27.617,PUSH
15.897,0.27986,0.02683,40.143,27.582,PUSH
15.898,0.27986,0.02683,40.143,27.547,PUSH
15.899,0.27986,0.02683,40.143,27.513,PUSH
15.9,0.27986,0.02683,40.143,27.478,PUSH
15.901,0.28175,0.02613,41.115,33.621,PUSH
15.902,0.28175,0.02613,41.115,33.585,PUSH
15.903,0.28175,0.02613,41.115,33.547,PUSH
15.904,0.28175,0.02613,41.115,33.509,PUSH
15.905,0.28175,0.02613,41.115,33.471,PUSH
15.906,0.28175,0.02613,41.115,33.433,PUSH
15.907,0.28175,0.02613,41.115,33.393,PUSH
15.908,0.28175,0.02613,41.115,33.355,PUSH
15.909,0.28175,0.02613,41.115,33.315,PUSH
15.91,0.28175,0.02613,41.115,33.275,PUSH
15.911,0.28175,0.02613,41.115,33.236,PUSH
15.912,0.28175,0.02613,41.115,33.196,PUSH
15.913,0.28175,0.02613,41.115,33.157,PUSH
15.914,0.28175,0.02613,41.115,33.117,PUSH
15.915,0.28175,0.02613,41.115,33.076,PUSH
15.916,0.28175,0.02613,41.115,33.036,PUSH
15.917,0.28175,0.02613,41.115,32.998,PUSH
15.918,0.28175,0.02613,41.115,32.959,PUSH
15.919,0.28175,0.02613,41.115,32.92,PUSH
15.92,0.28175,0.02613,41.115,32.882,PUSH
15.921,0.28175,0.02613,41.115,32.843,PUSH
15.922,0.28175,0.02613,41.115,32.804,PUSH
15.923,0.28175,0.02613,41.115,32.765,PUSH
15.924,0.28175,0.02613,41.115,32.726,PUSH
15.925,0.28175,0.02613,41.115,32.686,PUSH
15.926,0.28175,0.02613,41.115,32.646,PUSH
15.927,0.28175,0.02613,41.115,32.606,PUSH
15.928,0.28175,0.02613,41.115,32.567,PUSH
15.929,0.28175,0.02613,41.115,32.528,PUSH
15.93,0.28175,0.02613,41.115,32.489,PUSH
15.931,0.28175,0.02613,41.115,32.45,PUSH
15.932,0.28175,0.02613,41.115,32.411,PUSH
15.933,0.28175,0.02613,41.115,32.372,PUSH
15.934,0.28069,0.02823,41.701,24.512,PUSH
15.935,0.28069,0.02823,41.701,24.475,PUSH
15.936,0.28069,0.02823,41.701,24.438,PUSH
15.937,0.28069,0.02823,41.701,24.404,PUSH
15.938,0.28069,0.02823,41.701,24.37,PUSH
15.939,0.28069,0.02823,41.701,24.337,PUSH
15.94,0.28069,0.02823,41.701,24.304,PUSH
15.941,0.28069,0.02823,41.701,24.273,PUSH
15.942,0.28069,0.02823,41.701,24.241,PUSH
15.943,0.28069,0.02823,41.701,24.209,PUSH
15.944,0.28069,0.02823,41.701,24.177,PUSH
15.945,0.28069,0.02823,41.701,24.146,PUSH
15.946,0.28069,0.02823,41.701,24.114,PUSH
15.947,0.28069,0.02823,41.701,24.083,PUSH
15.948,0.28069,0.02823,41.701,24.053,PUSH
15.949,0.28069,0.02823,41.701,24.023,PUSH
15.95,0.28069,0.02823,41.701,23.993,PUSH
15.951,0.28069,0.02823,41.701,23.964,PUSH
15.952,0.28069,0.02823,41.701,23.934,PUSH
15.953,0.28069,0.02823,41.701,23.904,PUSH
15.954,0.28069,0.02823,41.701,23.874,PUSH
15.955,0.28069,0.02823,41.701,23.843,PUSH
15.956,0.28069,0.02823,41.701,23.812,PUSH
15.957,0.28069,0.02823,41.701,23.781,PUSH
15.958,0.28069,0.02823,41.701,23.75,PUSH
15.959,0.28069,0.02823,41.701,23.719,PUSH
15.96,0.28069,0.02823,41.701,23.687,PUSH
15.961,0.28069,0.02823,41.701,23.657,PUSH
15.962,0.28069,0.02823,41.701,23.626,PUSH
15.963,0.28069,0.02823,41.701,23.595,PUSH
15.964,0.28069,0.02823,41.701,23.563,PUSH
15.965,0.28069,0.02823,41.701,23.533,PUSH
15.966,0.28069,0.02823,41.701,23.503,PUSH
15.967,0.27991,0.03022,42.519,16.761,PUSH
15.968,0.27991,0.03022,42.519,16.733,PUSH
15.969,0.27991,0.03022,42.519,16.708,PUSH
15.97,0.27991,0.03022,42.519,16.683,PUSH
15.971,0.27991,0.03022,42.519,16.658,PUSH
15.972,0.27991,0.03022,42.519,16.634,PUSH
15.973,0.27991,0.03022,42.519,16.609,PUSH
15.974,0.27991,0.03022,42.519,16.585,PUSH
15.975,0.27991,0.03022,42.519,16.561,PUSH
15.976,0.27991,0.03022,42.519,16.537,PUSH
15.977,0.27991,0.03022,42.519,16.513,PUSH
15.978,0.27991,0.03022,42.519,16.489,PUSH
15.979,0.27991,0.03022,42.519,16.466,PUSH
15.98,0.27991,0.03022,42.519,16.441,PUSH
15.981,0.27991,0.03022,42.519,16.418,PUSH
15.982,0.27991,0.03022,42.519,16.395,PUSH
15.983,0.27991,0.03022,42.519,16.372,PUSH
15.984,0.27991,0.03022,42.519,16.35,PUSH
15.985,0.27991,0.03022,42.519,16.327,PUSH
15.986,0.27991,0.03022,42.519,16.305,PUSH
15.987,0.27991,0.03022,42.519,16.283,PUSH
15.988,0.27991,0.03022,42.519,16.261,PUSH
15.989,0.27991,0.03022,42.519,16.24,PUSH
15.99,0.27991,0.03022,42.519,16.218,PUSH
15.991,0.27991,0.03022,42.519,16.196,PUSH
15.992,0.27991,0.03022,42.519,16.173,PUSH
15.993,0.27991,0.03022,42.519,16.153,PUSH
15.994,0.27991,0.03022,42.519,16.132,PUSH
15.995,0.27991,0.03022,42.519,16.112,PUSH
15.996,0.27991,0.03022,42.519,16.092,PUSH
15.997,0.27991,0.03022,42.519,16.073,PUSH
15.998,0.27991,0.03022,42.519,16.053,PUSH
15.999,0.27991,0.03022,42.519,16.033,PUSH
16.0,0.27991,0.03022,42.519,16.014,PUSH
16.001,0.28163,0.03289,45.636,13.923,PUSH
16.002,0.28163,0.03289,45.636,13.904,PUSH
16.003,0.28163,0.03289,45.636,13.884,PUSH
16.004,0.28163,0.03289,45.636,13.866,PUSH
16.005,0.28163,0.03289,45.636,13.848,PUSH
16.006,0.28163,0.03289,45.636,13.83,PUSH
16.007,0.28163,0.03289,45.636,13.812,PUSH
16.008,0.28163,0.03289,45.636,13.795,PUSH
16.009,0.28163,0.03289,45.636,13.778,PUSH
16.01,0.28163,0.03289,45.636,13.76,PUSH
16.011,0.28163,0.03289,45.636,13.743,PUSH
16.012,0.28163,0.03289,45.636,13.726,PUSH
16.013,0.28163,0.03289,45.636,13.708,PUSH
16.014,0.28163,0.03289,45.636,13.69,PUSH
16.015,0.28163,0.03289,45.636,13.673,PUSH
16.016,0.28163,0.03289,45.636,13.658,PUSH
16.017,0.28163,0.03289,45.636,13.642,PUSH
16.018,0.28163,0.03289,45.636,13.625,PUSH
16.019,0.28163,0.03289,45.636,13.609,PUSH
16.02,0.28163,0.03289,45.636,13.59,PUSH
16.021,0.28163,0.03289,45.636,13.572,PUSH
16.022,0.28163,0.03289,45.636,13.555,PUSH
16.023,0.28163,0.03289,45.636,13.539,PUSH
16.024,0.28163,0.03289,45.636,13.523,PUSH
16.025,0.28163,0.03289,45.636,13.506,PUSH
16.026,0.28163,0.03289,45.636,13.489,PUSH
16.027,0.28163,0.03289,45.636,13.47,PUSH
16.028,0.28163,0.03289,45.636,13.452,PUSH
16.029,0.28163,0.03289,45.636,13.436,PUSH
16.03,0.28163,0.03289,45.636,13.42,PUSH
16.031,0.28163,0.03289,45.636,13.405,PUSH
16.032,0.28163,0.03289,45.636,13.389,PUSH
16.033,0.28163,0.03289,45.636,13.372,PUSH
16.034,0.28273,0.02712,42.505,29.376,PUSH
16.035,0.28273,0.02712,42.505,29.356,PUSH
16.036,0.28273,0.02712,42.505,29.335,PUSH
16.037,0.28273,0.02712,42.505,29.312,PUSH
16.038,0.28273,0.02712,42.505,29.288,PUSH
16.039,0.28273,0.02712,42.505,29.263,PUSH
16.04,0.28273,0.02712,42.505,29.237,PUSH
16.041,0.28273,0.02712,42.505,29.209,PUSH
16.042,0.28273,0.02712,42.505,29.181,PUSH
16.043,0.28273,0.02712,42.505,29.153,PUSH
16.044,0.28273,0.02712,42.505,29.123,PUSH
16.045,0.28273,0.02712,42.505,29.093,PUSH
16.046,0.28273,0.02712,42.505,29.063,PUSH
16.047,0.28273,0.02712,42.505,29.032,PUSH
16.048,0.28273,0.02712,42.505,29.002,PUSH
16.049,0.28273,0.02712,42.505,28.972,PUSH
16.05,0.28273,0.02712,42.505,28.942,PUSH
16.051,0.28273,0.02712,42.505,28.912,PUSH
16.052,0.28273,0.02712,42.505,28.882,PUSH
16.053,0.28273,0.02712,42.505,28.852,PUSH
16.054,0.28273,0.02712,42.505,28.822,PUSH
16.055,0.28273,0.02712,42.505,28.791,PUSH
16.056,0.28273,0.02712,42.505,28.76,PUSH
16.057,0.28273,0.02712,42.505,28.728,PUSH
16.058,0.28273,0.02712,42.505,28.696,PUSH
16.059,0.28273,0.02712,42.505,28.665,PUSH
16.06,0.28273,0.02712,42.505,28.634,PUSH
16.061,0.28273,0.02712,42.505,28.602,PUSH
16.062,0.28273,0.02712,42.505,28.57,PUSH
16.063,0.28273,0.02712,42.505,28.54,PUSH
16.064,0.28273,0.02712,42.505,28.508,PUSH
16.065,0.28273,0.02712,42.505,28.477,PUSH
16.066,0.28273,0.02712,42.505,28.444,PUSH
16.067,0.28013,0.03117,43.35,12.82,PUSH
16.068,0.28013,0.03117,43.35,12.793,PUSH
16.069,0.28013,0.03117,43.35,12.768,PUSH
16.07,0.28013,0.03117,43.35,12.743,PUSH
16.071,0.28013,0.03117,43.35,12.722,PUSH
16.072,0.28013,0.03117,43.35,12.7,PUSH
16.073,0.28013,0.03117,43.35,12.68,PUSH
16.074,0.28013,0.03117,43.35,12.66,PUSH
16.075,0.28013,0.03117,43.35,12.64,PUSH
16.076,0.28013,0.03117,43.35,12.621,PUSH
16.077,0.28013,0.03117,43.35,12.602,PUSH
16.078,0.28013,0.03117,43.35,12.583,PUSH
16.079,0.28013,0.03117,43.35,12.564,PUSH
16.08,0.28013,0.03117,43.35,12.547,PUSH
16.081,0.28013,0.03117,43.35,12.528,PUSH
16.082,0.28013,0.03117,43.35,12.511,PUSH
16.083,0.28013,0.03117,43.35,12.494,PUSH
16.084,0.28013,0.03117,43.35,12.476,PUSH
16.085,0.28013,0.03117,43.35,12.459,PUSH
16.086,0.28013,0.03117,43.35,12.441,PUSH
16.087,0.28013,0.03117,43.35,12.424,PUSH
16.088,0.28013,0.03117,43.35,12.405,PUSH
16.089,0.28013,0.03117,43.35,12.388,PUSH
16.09,0.28013,0.03117,43.35,12.371,PUSH
16.091,0.28013,0.03117,43.35,12.353,PUSH
16.092,0.28013,0.03117,43.35,12.335,PUSH
16.093,0.28013,0.03117,43.35,12.318,PUSH
16.094,0.28013,0.03117,43.35,12.301,PUSH
16.095,0.28013,0.03117,43.35,12.283,PUSH
16.096,0.28013,0.03117,43.35,12.264,PUSH
16.097,0.28013,0.03117,43.35,12.247,PUSH
16.098,0.28013,0.03117,43.35,12.229,PUSH
16.099,0.28013,0.03117,43.35,12.211,PUSH
16.1,0.28013,0.03117,43.35,12.193,PUSH
16.101,0.27851,0.02757,39.659,16.953,PUSH
16.102,0.27851,0.02757,39.659,16.934,PUSH
16.103,0.27851,0.02757,39.659,16.915,PUSH
16.104,0.27851,0.02757,39.659,16.896,PUSH
16.105,0.27851,0.02757,39.659,16.876,PUSH
16.106,0.27851,0.02757,39.659,16.856,PUSH
16.107,0.27851,0.02757,39.659,16.836,PUSH
16.108,0.27851,0.02757,39.659,16.815,PUSH
16.109,0.27851,0.02757,39.659,16.794,PUSH
16.11,0.27851,0.02757,39.659,16.772,PUSH
16.111,0.27851,0.02757,39.659,16.752,PUSH
16.112,0.27851,0.02757,39.659,16.733,PUSH
16.113,0.27851,0.02757,39.659,16.713,PUSH
16.114,0.27851,0.02757,39.659,16.693,PUSH
16.115,0.27851,0.02757,39.659,16.675,PUSH
16.116,0.27851,0.02757,39.659,16.66,PUSH
16.117,0.27851,0.02757,39.659,16.644,PUSH
16.118,0.27851,0.02757,39.659,16.627,PUSH
16.119,0.27851,0.02757,39.659,16.611,PUSH
16.12,0.27851,0.02757,39.659,16.593,PUSH
16.121,0.27851,0.02757,39.659,16.575,PUSH
16.122,0.27851,0.02757,39.659,16.557,PUSH
16.123,0.27851,0.02757,39.659,16.539,PUSH
16.124,0.27851,0.02757,39.659,16.519,PUSH
16.125,0.27851,0.02757,39.659,16.5,PUSH
16.126,0.27851,0.02757,39.659,16.482,PUSH
16.127,0.27851,0.02757,39.659,16.463,PUSH
16.128,0.27851,0.02757,39.659,16.445,PUSH
16.129,0.27851,0.02757,39.659,16.427,PUSH
16.13,0.27851,0.02757,39.659,16.409,PUSH
16.131,0.27851,0.02757,39.659,16.392,PUSH
16.132,0.27851,0.02757,39.659,16.373,PUSH
16.133,0.27851,0.02757,39.659,16.354,PUSH
16.134,0.2763,0.02699,37.682,12.156,PUSH
16.135,0.2763,0.02699,37.682,12.138,PUSH
16.136,0.2763,0.02699,37.682,12.123,PUSH
16.137,0.2763,0.02699,37.682,12.109,PUSH
16.138,0.2763,0.02699,37.682,12.094,PUSH
16.139,0.2763,0.02699,37.682,12.079,PUSH
16.14,0.2763,0.02699,37.682,12.064,PUSH
16.141,0.2763,0.02699,37.682,12.048,PUSH
16.142,0.2763,0.02699,37.682,12.033,PUSH
16.143,0.2763,0.02699,37.682,12.017,PUSH
16.144,0.2763,0.02699,37.682,12.002,PUSH
16.145,0.2763,0.02699,37.682,11.987,PUSH
16.146,0.2763,0.02699,37.682,11.972,PUSH
16.147,0.2763,0.02699,37.682,11.957,PUSH
16.148,0.2763,0.02699,37.682,11.942,PUSH
16.149,0.2763,0.02699,37.682,11.927,PUSH
16.15,0.2763,0.02699,37.682,11.912,PUSH
16.151,0.2763,0.02699,37.682,11.896,PUSH
16.152,0.2763,0.02699,37.682,11.882,PUSH
16.153,0.2763,0.02699,37.682,11.868,PUSH
16.154,0.2763,0.02699,37.682,11.853,PUSH
16.155,0.2763,0.02699,37.682,11.839,PUSH
16.156,0.2763,0.02699,37.682,11.826,PUSH
16.157,0.2763,0.02699,37.682,11.812,PUSH
16.158,0.2763,0.02699,37.682,11.798,PUSH
16.159,0.2763,0.02699,37.682,11.784,PUSH
16.16,0.2763,0.02699,37.682,11.77,PUSH
16.161,0.2763,0.02699,37.682,11.754,PUSH
16.162,0.2763,0.02699,37.682,11.74,PUSH
16.163,0.2763,0.02699,37.682,11.726,PUSH
16.164,0.2763,0.02699,37.682,11.712,PUSH
16.165,0.2763,0.02699,37.682,11.698,PUSH
16.166,0.2763,0.02699,37.682,11.685,PUSH
16.167,0.27958,0.02564,39.146,23.411,PUSH
16.168,0.27958,0.02564,39.146,23.395,PUSH
16.169,0.27958,0.02564,39.146,23.377,PUSH
16.17,0.27958,0.02564,39.146,23.358,PUSH
16.171,0.27958,0.02564,39.146,23.337,PUSH
16.172,0.27958,0.02564,39.146,23.315,PUSH
16.173,0.27958,0.02564,39.146,23.293,PUSH
16.174,0.27958,0.02564,39.146,23.271,PUSH
16.175,0.27958,0.02564,39.146,23.249,PUSH
16.176,0.27958,0.02564,39.146,23.226,PUSH
16.177,0.27958,0.02564,39.146,23.202,PUSH
16.178,0.27958,0.02564,39.146,23.179,PUSH
16.179,0.27958,0.02564,39.146,23.157,PUSH
16.18,0.27958,0.02564,39.146,23.133,PUSH
16.181,0.27958,0.02564,39.146,23.109,PUSH
16.182,0.27958,0.02564,39.146,23.088,PUSH
16.183,0.27958,0.02564,39.146,23.069,PUSH
16.184,0.27958,0.02564,39.146,23.048,PUSH
16.185,0.27958,0.02564,39.146,23.027,PUSH
16.186,0.27958,0.02564,39.146,23.005,PUSH
16.187,0.27958,0.02564,39.146,22.983,PUSH
16.188,0.27958,0.02564,39.146,22.959,PUSH
16.189,0.27958,0.02564,39.146,22.935,PUSH
16.19,0.27958,0.02564,39.146,22.911,PUSH
16.191,0.27958,0.02564,39.146,22.885,PUSH
16.192,0.27958,0.02564,39.146,22.861,PUSH
16.193,0.27958,0.02564,39.146,22.836,PUSH
16.194,0.27958,0.02564,39.146,22.812,PUSH
16.195,0.27958,0.02564,39.146,22.788,PUSH
16.196,0.27958,0.02564,39.146,22.765,PUSH
16.197,0.27958,0.02564,39.146,22.741,PUSH
16.198,0.27958,0.02564,39.146,22.717,PUSH
16.199,0.27958,0.02564,39.146,22.692,PUSH
16.2,0.27958,0.02564,39.146,22.666,PUSH
16.201,0.27831,0.02464,37.536,22.374,PUSH
16.202,0.27831,0.02464,37.536,22.349,PUSH
16.203,0.27831,0.02464,37.536,22.323,PUSH
16.204,0.27831,0.02464,37.536,22.299,PUSH
16.205,0.27831,0.02464,37.536,22.275,PUSH
16.206,0.27831,0.02464,37.536,22.251,PUSH
16.207,0.27831,0.02464,37.536,22.227,PUSH
16.208,0.27831,0.02464,37.536,22.202,PUSH
16.209,0.27831,0.02464,37.536,22.177,PUSH
16.21,0.27831,0.02464,37.536,22.151,PUSH
16.211,0.27831,0.02464,37.536,22.125,PUSH
16.212,0.27831,0.02464,37.536,22.098,PUSH
16.213,0.27831,0.02464,37.536,22.072,PUSH
16.214,0.27831,0.02464,37.536,22.045,PUSH
16.215,0.27831,0.02464,37.536,22.019,PUSH
16.216,0.27831,0.02464,37.536,21.992,PUSH
16.217,0.27831,0.02464,37.536,21.965,PUSH
16.218,0.27831,0.02464,37.536,21.939,PUSH
16.219,0.27831,0.02464,37.536,21.912,PUSH
16.22,0.27831,0.02464,37.536,21.888,PUSH
16.221,0.27831,0.02464,37.536,21.864,PUSH
16.222,0.27831,0.02464,37.536,21.84,PUSH
16.223,0.27831,0.02464,37.536,21.816,PUSH
16.224,0.27831,0.02464,37.536,21.792,PUSH
16.225,0.27831,0.02464,37.536,21.767,PUSH
16.226,0.27831,0.02464,37.536,21.743,PUSH
16.227,0.27831,0.02464,37.536,21.718,PUSH
16.228,0.27831,0.02464,37.536,21.693,PUSH
16.229,0.27831,0.02464,37.536,21.668,PUSH
16.23,0.27831,0.02464,37.536,21.642,PUSH
16.231,0.27831,0.02464,37.536,21.617,PUSH
16.232,0.27831,0.02464,37.536,21.591,PUSH
16.233,0.27831,0.02464,37.536,21.566,PUSH
16.234,0.28077,0.02336,38.636,30.697,PUSH
16.235,0.28077,0.02336,38.636,30.668,PUSH
16.236,0.28077,0.02336,38.636,30.638,PUSH
16.237,0.28077,0.02336,38.636,30.608,PUSH
16.238,0.28077,0.02336,38.636,30.578,PUSH
16.239,0.28077,0.02336,38.636,30.547,PUSH
16.24,0.28077,0.02336,38.636,30.514,PUSH
16.241,0.28077,0.02336,38.636,30.481,PUSH
16.242,0.28077,0.02336,38.636,30.449,PUSH
16.243,0.28077,0.02336,38.636,30.415,PUSH
16.244,0.28077,0.02336,38.636,30.382,PUSH
16.245,0.28077,0.02336,38.636,30.349,PUSH
16.246,0.28077,0.02336,38.636,30.314,PUSH
16.247,0.28077,0.02336,38.636,30.28,PUSH
16.248,0.28077,0.02336,38.636,30.247,PUSH
16.249,0.28077,0.02336,38.636,30.213,PUSH
16.25,0.28077,0.02336,38.636,30.179,PUSH
16.251,0.28077,0.02336,38.636,30.148,PUSH
16.252,0.28077,0.02336,38.636,30.119,PUSH
16.253,0.28077,0.02336,38.636,30.091,PUSH
16.254,0.28077,0.02336,38.636,30.062,PUSH
16.255,0.28077,0.02336,38.636,30.03,PUSH
16.256,0.28077,0.02336,38.636,29.998,PUSH
16.257,0.28077,0.02336,38.636,29.965,PUSH
16.258,0.28077,0.02336,38.636,29.931,PUSH
16.259,0.28077,0.02336,38.636,29.897,PUSH
16.26,0.28077,0.02336,38.636,29.862,PUSH
16.261,0.28077,0.02336,38.636,29.828,PUSH
16.262,0.28077,0.02336,38.636,29.794,PUSH
16.263,0.28077,0.02336,38.636,29.761,PUSH
16.264,0.28077,0.02336,38.636,29.728,PUSH
16.265,0.28077,0.02336,38.636,29.696,PUSH
16.266,0.28077,0.02336,38.636,29.662,PUSH
16.267,0.27645,0.02492,36.341,15.116,PUSH
16.268,0.27645,0.02492,36.341,15.086,PUSH
16.269,0.27645,0.02492,36.341,15.057,PUSH
16.27,0.27645,0.02492,36.341,15.029,PUSH
16.271,0.27645,0.02492,36.341,15.004,PUSH
16.272,0.27645,0.02492,36.341,14.979,PUSH
16.273,0.27645,0.02492,36.341,14.955,PUSH
16.274,0.27645,0.02492,36.341,14.931,PUSH
16.275,0.27645,0.02492,36.341,14.909,PUSH
16.276,0.27645,0.02492,36.341,14.887,PUSH
16.277,0.27645,0.02492,36.341,14.865,PUSH
16.278,0.27645,0.02492,36.341,14.844,PUSH
16.279,0.27645,0.02492,36.341,14.823,PUSH
16.28,0.27645,0.02492,36.341,14.801,PUSH
16.281,0.27645,0.02492,36.341,14.78,PUSH
16.282,0.27645,0.02492,36.341,14.759,PUSH
16.283,0.27645,0.02492,36.341,14.739,PUSH
16.284,0.27645,0.02492,36.341,14.718,PUSH
16.285,0.27645,0.02492,36.341,14.699,PUSH
16.286,0.27645,0.02492,36.341,14.68,PUSH
16.287,0.27645,0.02492,36.341,14.66,PUSH
16.288,0.27645,0.02492,36.341,14.641,PUSH
16.289,0.27645,0.02492,36.341,14.622,PUSH
16.29,0.27645,0.02492,36.341,14.602,PUSH
16.291,0.27645,0.02492,36.341,14.583,PUSH
16.292,0.27645,0.02492,36.341,14.564,PUSH
16.293,0.27645,0.02492,36.341,14.543,PUSH
16.294,0.27645,0.02492,36.341,14.524,PUSH
16.295,0.27645,0.02492,36.341,14.504,PUSH
16.296,0.27645,0.02492,36.341,14.484,PUSH
16.297,0.27645,0.02492,36.341,14.464,PUSH
16.298,0.27645,0.02492,36.341,14.445,PUSH
16.299,0.27645,0.02492,36.341,14.426,PUSH
16.3,0.27645,0.02492,36.341,14.406,PUSH
16.301,0.27816,0.02288,36.278,24.387,PUSH
16.302,0.27816,0.02288,36.278,24.364,PUSH
16.303,0.27816,0.02288,36.278,24.341,PUSH
16.304,0.27816,0.02288,36.278,24.316,PUSH
16.305,0.27816,0.02288,36.278,24.29,PUSH
16.306,0.27816,0.02288,36.278,24.264,PUSH
16.307,0.27816,0.02288,36.278,24.237,PUSH
16.308,0.27816,0.02288,36.278,24.21,PUSH
16.309,0.27816,0.02288,36.278,24.182,PUSH
16.31,0.27816,0.02288,36.278,24.154,PUSH
16.311,0.27816,0.02288,36.278,24.126,PUSH
16.312,0.27816,0.02288,36.278,24.097,PUSH
16.313,0.27816,0.02288,36.278,24.069,PUSH
16.314,0.27816,0.02288,36.278,24.04,PUSH
16.315,0.27816,0.02288,36.278,24.013,PUSH
16.316,0.27816,0.02288,36.278,23.985,PUSH
16.317,0.27816,0.02288,36.278,23.958,PUSH
16.318,0.27816,0.02288,36.278,23.931,PUSH
16.319,0.27816,0.02288,36.278,23.905,PUSH
16.32,0.27816,0.02288,36.278,23.879,PUSH
16.321,0.27816,0.02288,36.278,23.852,PUSH
16.322,0.27816,0.02288,36.278,23.826,PUSH
16.323,0.27816,0.02288,36.278,23.801,PUSH
16.324,0.27816,0.02288,36.278,23.776,PUSH
16.325,0.27816,0.02288,36.278,23.75,PUSH
16.326,0.27816,0.02288,36.278,23.723,PUSH
16.327,0.27816,0.02288,36.278,23.698,PUSH
16.328,0.27816,0.02288,36.278,23.673,PUSH
16.329,0.27816,0.02288,36.278,23.647,PUSH
16.33,0.27816,0.02288,36.278,23.621,PUSH
16.331,0.27816,0.02288,36.278,23.598,PUSH
16.332,0.27816,0.02288,36.278,23.576,PUSH
16.333,0.27816,0.02288,36.278,23.554,PUSH
16.334,0.27957,0.02023,35.83,34.59,PUSH
16.335,0.27957,0.02023,35.83,34.564,PUSH
16.336,0.27957,0.02023,35.83,34.535,PUSH
16.337,0.27957,0.02023,35.83,34.505,PUSH
16.338,0.27957,0.02023,35.83,34.472,PUSH
16.339,0.27957,0.02023,35.83,34.439,PUSH
16.34,0.27957,0.02023,35.83,34.405,PUSH
16.341,0.27957,0.02023,35.83,34.369,PUSH
16.342,0.27957,0.02023,35.83,34.334,PUSH
16.343,0.27957,0.02023,35.83,34.297,PUSH
16.344,0.27957,0.02023,35.83,34.261,PUSH
16.345,0.27957,0.02023,35.83,34.224,PUSH
16.346,0.27957,0.02023,35.83,34.188,PUSH
16.347,0.27957,0.02023,35.83,34.15,PUSH
16.348,0.27957,0.02023,35.83,34.114,PUSH
16.349,0.27957,0.02023,35.83,34.078,PUSH
16.35,0.27957,0.02023,35.83,34.042,PUSH
16.351,0.27957,0.02023,35.83,34.006,PUSH
16.352,0.27957,0.02023,35.83,33.971,PUSH
16.353,0.27957,0.02023,35.83,33.935,PUSH
16.354,0.27957,0.02023,35.83,33.899,PUSH
16.355,0.27957,0.02023,35.83,33.862,PUSH
16.356,0.27957,0.02023,35.83,33.823,PUSH
16.357,0.27957,0.02023,35.83,33.786,PUSH
16.358,0.27957,0.02023,35.83,33.748,PUSH
16.359,0.27957,0.02023,35.83,33.711,PUSH
16.36,0.27957,0.02023,35.83,33.675,PUSH
16.361,0.27957,0.02023,35.83,33.638,PUSH
16.362,0.27957,0.02023,35.83,33.602,PUSH
16.363,0.27957,0.02023,35.83,33.564,PUSH
16.364,0.27957,0.02023,35.83,33.526,PUSH
16.365,0.27957,0.02023,35.83,33.487,PUSH
16.366,0.27957,0.02023,35.83,33.449,PUSH
16.367,0.27776,0.02,34.219,30.168,PUSH
16.368,0.27776,0.02,34.219,30.131,PUSH
16.369,0.27776,0.02,34.219,30.097,PUSH
16.37,0.27776,0.02,34.219,30.062,PUSH
16.371,0.27776,0.02,34.219,30.026,PUSH
16.372,0.27776,0.02,34.219,29.99,PUSH
16.373,0.27776,0.02,34.219,29.954,PUSH
16.374,0.27776,0.02,34.219,29.917,PUSH
16.375,0.27776,0.02,34.219,29.88,PUSH
16.376,0.27776,0.02,34.219,29.845,PUSH
16.377,0.27776,0.02,34.219,29.809,PUSH
16.378,0.27776,0.02,34.219,29.774,PUSH
16.379,0.27776,0.02,34.219,29.738,PUSH
16.38,0.27776,0.02,34.219,29.702,PUSH
16.381,0.27776,0.02,34.219,29.666,PUSH
16.382,0.27776,0.02,34.219,29.63,PUSH
16.383,0.27776,0.02,34.219,29.593,PUSH
16.384,0.27776,0.02,34.219,29.556,PUSH
16.385,0.27776,0.02,34.219,29.519,PUSH
16.386,0.27776,0.02,34.219,29.481,PUSH
16.387,0.27776,0.02,34.219,29.444,PUSH
16.388,0.27776,0.02,34.219,29.407,PUSH
16.389,0.27776,0.02,34.219,29.37,PUSH
16.39,0.27776,0.02,34.219,29.333,PUSH
16.391,0.27776,0.02,34.219,29.295,PUSH
16.392,0.27776,0.02,34.219,29.257,PUSH
16.393,0.27776,0.02,34.219,29.221,PUSH
16.394,0.27776,0.02,34.219,29.185,PUSH
16.395,0.27776,0.02,34.219,29.148,PUSH
16.396,0.27776,0.02,34.219,29.111,PUSH
16.397,0.27776,0.02,34.219,29.074,PUSH
16.398,0.27776,0.02,34.219,29.038,PUSH
16.399,0.27776,0.02,34.219,29.001,PUSH
16.4,0.27776,0.02,34.219,28.965,PUSH
16.401,0.27686,0.01788,32.268,33.802,PUSH
16.402,0.27686,0.01788,32.268,33.763,PUSH
16.403,0.27686,0.01788,32.268,33.726,PUSH
16.404,0.27686,0.01788,32.268,33.687,PUSH
16.405,0.27686,0.01788,32.268,33.648,PUSH
16.406,0.27686,0.01788,32.268,33.609,PUSH
16.407,0.27686,0.01788,32.268,33.57,PUSH
16.408,0.27686,0.01788,32.268,33.53,PUSH
16.409,0.27686,0.01788,32.268,33.491,PUSH
16.41,0.27686,0.01788,32.268,33.451,PUSH
16.411,0.27686,0.01788,32.268,33.412,PUSH
16.412,0.27686,0.01788,32.268,33.372,PUSH
16.413,0.27686,0.01788,32.268,33.331,PUSH
16.414,0.27686,0.01788,32.268,33.292,PUSH
16.415,0.27686,0.01788,32.268,33.252,PUSH
16.416,0.27686,0.01788,32.268,33.211,PUSH
16.417,0.27686,0.01788,32.268,33.171,PUSH
16.418,0.27686,0.01788,32.268,33.131,PUSH
16.419,0.27686,0.01788,32.268,33.092,PUSH
16.42,0.27686,0.01788,32.268,33.052,PUSH
16.421,0.27686,0.01788,32.268,33.012,PUSH
16.422,0.27686,0.01788,32.268,32.972,PUSH
16.423,0.27686,0.01788,32.268,32.933,PUSH
16.424,0.27686,0.01788,32.268,32.896,PUSH
16.425,0.27686,0.01788,32.268,32.858,PUSH
16.426,0.27686,0.01788,32.268,32.822,PUSH
16.427,0.27686,0.01788,32.268,32.785,PUSH
16.428,0.27686,0.01788,32.268,32.749,PUSH
16.429,0.27686,0.01788,32.268,32.712,PUSH
16.43,0.27686,0.01788,32.268,32.675,PUSH
16.431,0.27686,0.01788,32.268,32.637,PUSH
16.432,0.27686,0.01788,32.268,32.598,PUSH
16.433,0.27686,0.01788,32.268,32.558,PUSH
16.434,0.27447,0.02133,32.46,15.341,PUSH
16.435,0.27447,0.02133,32.46,15.307,PUSH
16.436,0.27447,0.02133,32.46,15.273,PUSH
16.437,0.27447,0.02133,32.46,15.244,PUSH
16.438,0.27447,0.02133,32.46,15.215,PUSH
16.439,0.27447,0.02133,32.46,15.188,PUSH
16.44,0.27447,0.02133,32.46,15.164,PUSH
16.441,0.27447,0.02133,32.46,15.14,PUSH
16.442,0.27447,0.02133,32.46,15.116,PUSH
16.443,0.27447,0.02133,32.46,15.094,PUSH
16.444,0.27447,0.02133,32.46,15.071,PUSH
16.445,0.27447,0.02133,32.46,15.048,PUSH
16.446,0.27447,0.02133,32.46,15.027,PUSH
16.447,0.27447,0.02133,32.46,15.005,PUSH
16.448,0.27447,0.02133,32.46,14.984,PUSH
16.449,0.27447,0.02133,32.46,14.963,PUSH
16.45,0.27447,0.02133,32.46,14.943,PUSH
16.451,0.27447,0.02133,32.46,14.923,PUSH
16.452,0.27447,0.02133,32.46,14.902,PUSH
16.453,0.27447,0.02133,32.46,14.883,PUSH
16.454,0.27447,0.02133,32.46,14.863,PUSH
16.455,0.27447,0.02133,32.46,14.843,PUSH
16.456,0.27447,0.02133,32.46,14.821,PUSH
16.457,0.27447,0.02133,32.46,14.801,PUSH
16.458,0.27447,0.02133,32.46,14.781,PUSH
16.459,0.27447,0.02133,32.46,14.761,PUSH
16.46,0.27447,0.02133,32.46,14.74,PUSH
16.461,0.27447,0.02133,32.46,14.722,PUSH
16.462,0.27447,0.02133,32.46,14.702,PUSH
16.463,0.27447,0.02133,32.46,14.684,PUSH
16.464,0.27447,0.02133,32.46,14.665,PUSH
16.465,0.27447,0.02133,32.46,14.645,PUSH
16.466,0.27447,0.02133,32.46,14.624,PUSH
16.467,0.27325,0.02093,31.279,12.486,PUSH
16.468,0.27325,0.02093,31.279,12.467,PUSH
16.469,0.27325,0.02093,31.279,12.448,PUSH
16.47,0.27325,0.02093,31.279,12.429,PUSH
16.471,0.27325,0.02093,31.279,12.411,PUSH
16.472,0.27325,0.02093,31.279,12.394,PUSH
16.473,0.27325,0.02093,31.279,12.376,PUSH
16.474,0.27325,0.02093,31.279,12.358,PUSH
16.475,0.27325,0.02093,31.279,12.34,PUSH
16.476,0.27325,0.02093,31.279,12.322,PUSH
16.477,0.27325,0.02093,31.279,12.306,PUSH
16.478,0.27325,0.02093,31.279,12.291,PUSH
16.479,0.27325,0.02093,31.279,12.276,PUSH
16.48,0.27325,0.02093,31.279,12.26,PUSH
16.481,0.27325,0.02093,31.279,12.243,PUSH
16.482,0.27325,0.02093,31.279,12.227,PUSH
16.483,0.27325,0.02093,31.279,12.209,PUSH
16.484,0.27325,0.02093,31.279,12.192,PUSH
16.485,0.27325,0.02093,31.279,12.175,PUSH
16.486,0.27325,0.02093,31.279,12.157,PUSH
16.487,0.27325,0.02093,31.279,12.14,PUSH
16.488,0.27325,0.02093,31.279,12.123,PUSH
16.489,0.27325,0.02093,31.279,12.106,PUSH
16.49,0.27325,0.02093,31.279,12.089,PUSH
16.491,0.27325,0.02093,31.279,12.072,PUSH
16.492,0.27325,0.02093,31.279,12.056,PUSH
16.493,0.27325,0.02093,31.279,12.039,PUSH
16.494,0.27325,0.02093,31.279,12.023,PUSH
16.495,0.27325,0.02093,31.279,12.007,PUSH
16.496,0.27325,0.02093,31.279,11.991,PUSH
16.497,0.27325,0.02093,31.279,11.975,PUSH
16.498,0.27325,0.02093,31.279,11.959,PUSH
16.499,0.27325,0.02093,31.279,11.942,PUSH
16.5,0.27325,0.02093,31.279,11.927,PUSH
16.501,0.27288,0.01715,28.599,23.791,PUSH
16.502,0.27288,0.01715,28.599,23.772,PUSH
16.503,0.27288,0.01715,28.599,23.751,PUSH
16.504,0.27288,0.01715,28.599,23.731,PUSH
16.505,0.27288,0.01715,28.599,23.71,PUSH
16.506,0.27288,0.01715,28.599,23.687,PUSH
16.507,0.27288,0.01715,28.599,23.663,PUSH
16.508,0.27288,0.01715,28.599,23.639,PUSH
16.509,0.27288,0.01715,28.599,23.613,PUSH
16.51,0.27288,0.01715,28.599,23.586,PUSH
16.511,0.27288,0.01715,28.599,23.559,PUSH
16.512,0.27288,0.01715,28.599,23.532,PUSH
16.513,0.27288,0.01715,28.599,23.505,PUSH
16.514,0.27288,0.01715,28.599,23.478,PUSH
16.515,0.27288,0.01715,28.599,23.453,PUSH
16.516,0.27288,0.01715,28.599,23.427,PUSH
16.517,0.27288,0.01715,28.599,23.401,PUSH
16.518,0.27288,0.01715,28.599,23.376,PUSH
16.519,0.27288,0.01715,28.599,23.352,PUSH
16.52,0.27288,0.01715,28.599,23.328,PUSH
16.521,0.27288,0.01715,28.599,23.304,PUSH
16.522,0.27288,0.01715,28.599,23.28,PUSH
16.523,0.27288,0.01715,28.599,23.258,PUSH
16.524,0.27288,0.01715,28.599,23.234,PUSH
16.525,0.27288,0.01715,28.599,23.21,PUSH
16.526,0.27288,0.01715,28.599,23.189,PUSH
16.527,0.27288,0.01715,28.599,23.167,PUSH
16.528,0.27288,0.01715,28.599,23.145,PUSH
16.529,0.27288,0.01715,28.599,23.123,PUSH
16.53,0.27288,0.01715,28.599,23.102,PUSH
16.531,0.27288,0.01715,28.599,23.081,PUSH
16.532,0.27288,0.01715,28.599,23.059,PUSH
16.533,0.27288,0.01715,28.599,23.036,PUSH
16.534,0.27467,0.01495,28.842,35.752,PUSH
16.535,0.27467,0.01495,28.842,35.725,PUSH
16.536,0.27467,0.01495,28.842,35.695,PUSH
16.537,0.27467,0.01495,28.842,35.665,PUSH
16.538,0.27467,0.01495,28.842,35.632,PUSH
16.539,0.27467,0.01495,28.842,35.599,PUSH
16.54,0.27467,0.01495,28.842,35.565,PUSH
16.541,0.27467,0.01495,28.842,35.53,PUSH
16.542,0.27467,0.01495,28.842,35.494,PUSH
16.543,0.27467,0.01495,28.842,35.459,PUSH
16.544,0.27467,0.01495,28.842,35.423,PUSH
16.545,0.27467,0.01495,28.842,35.387,PUSH
16.546,0.27467,0.01495,28.842,35.352,PUSH
16.547,0.27467,0.01495,28.842,35.317,PUSH
16.548,0.27467,0.01495,28.842,35.283,PUSH
16.549,0.27467,0.01495,28.842,35.248,PUSH
16.55,0.27467,0.01495,28.842,35.212,PUSH
16.551,0.27467,0.01495,28.842,35.176,PUSH
16.552,0.27467,0.01495,28.842,35.138,PUSH
16.553,0.27467,0.01495,28.842,35.1,PUSH
16.554,0.27467,0.01495,28.842,35.061,PUSH
16.555,0.27467,0.01495,28.842,35.022,PUSH
16.556,0.27467,0.01495,28.842,34.983,PUSH
16.557,0.27467,0.01495,28.842,34.943,PUSH
16.558,0.27467,0.01495,28.842,34.905,PUSH
16.559,0.27467,0.01495,28.842,34.869,PUSH
16.56,0.27467,0.01495,28.842,34.832,PUSH
16.561,0.27467,0.01495,28.842,34.794,PUSH
16.562,0.27467,0.01495,28.842,34.756,PUSH
16.563,0.27467,0.01495,28.842,34.717,PUSH
16.564,0.27467,0.01495,28.842,34.678,PUSH
16.565,0.27467,0.01495,28.842,34.638,PUSH
16.566,0.27467,0.01495,28.842,34.6,PUSH
16.567,0.27732,0.01615,31.733,35.944,PUSH
16.568,0.27732,0.01615,31.733,35.905,PUSH
16.569,0.27732,0.01615,31.733,35.868,PUSH
16.57,0.27732,0.01615,31.733,35.83,PUSH
16.571,0.27732,0.01615,31.733,35.791,PUSH
16.572,0.27732,0.01615,31.733,35.752,PUSH
16.573,0.27732,0.01615,31.733,35.712,PUSH
16.574,0.27732,0.01615,31.733,35.674,PUSH
16.575,0.27732,0.01615,31.733,35.635,PUSH
16.576,0.27732,0.01615,31.733,35.596,PUSH
16.577,0.27732,0.01615,31.733,35.556,PUSH
16.578,0.27732,0.01615,31.733,35.518,PUSH
16.579,0.27732,0.01615,31.733,35.478,PUSH
16.58,0.27732,0.01615,31.733,35.438,PUSH
16.581,0.27732,0.01615,31.733,35.397,PUSH
16.582,0.27732,0.01615,31.733,35.355,PUSH
16.583,0.27732,0.01615,31.733,35.315,PUSH
16.584,0.27732,0.01615,31.733,35.275,PUSH
16.585,0.27732,0.01615,31.733,35.235,PUSH
16.586,0.27732,0.01615,31.733,35.195,PUSH
16.587,0.27732,0.01615,31.733,35.155,PUSH
16.588,0.27732,0.01615,31.733,35.115,PUSH
16.589,0.27732,0.01615,31.733,35.074,PUSH
16.59,0.27732,0.01615,31.733,35.032,PUSH
16.591,0.27732,0.01615,31.733,34.99,PUSH
16.592,0.27732,0.01615,31.733,34.947,PUSH
16.593,0.27732,0.01615,31.733,34.904,PUSH
16.594,0.27732,0.01615,31.733,34.862,PUSH
16.595,0.27732,0.01615,31.733,34.819,PUSH
16.596,0.27732,0.01615,31.733,34.777,PUSH
16.597,0.27732,0.01615,31.733,34.734,PUSH
16.598,0.27732,0.01615,31.733,34.691,PUSH
16.599,0.27732,0.01615,31.733,34.647,PUSH
16.6,0.27732,0.01615,31.733,34.604,PUSH
16.601,0.27617,0.01569,30.513,33.81,PUSH
16.602,0.27617,0.01569,30.513,33.768,PUSH
16.603,0.27617,0.01569,30.513,33.725,PUSH
16.604,0.27617,0.01569,30.513,33.681,PUSH
16.605,0.27617,0.01569,30.513,33.639,PUSH
16.606,0.27617,0.01569,30.513,33.596,PUSH
16.607,0.27617,0.01569,30.513,33.555,PUSH
16.608,0.27617,0.01569,30.513,33.512,PUSH
16.609,0.27617,0.01569,30.513,33.469,PUSH
16.61,0.27617,0.01569,30.513,33.428,PUSH
16.611,0.27617,0.01569,30.513,33.385,PUSH
16.612,0.27617,0.01569,30.513,33.343,PUSH
16.613,0.27617,0.01569,30.513,33.301,PUSH
16.614,0.27617,0.01569,30.513,33.259,PUSH
16.615,0.27617,0.01569,30.513,33.218,PUSH
16.616,0.27617,0.01569,30.513,33.176,PUSH
16.617,0.27617,0.01569,30.513,33.134,PUSH
16.618,0.27617,0.01569,30.513,33.093,PUSH
16.619,0.27617,0.01569,30.513,33.051,PUSH
16.62,0.27617,0.01569,30.513,33.009,PUSH
16.621,0.27617,0.01569,30.513,32.968,PUSH
16.622,0.27617,0.01569,30.513,32.926,PUSH
16.623,0.27617,0.01569,30.513,32.884,PUSH
16.624,0.27617,0.01569,30.513,32.843,PUSH
16.625,0.27617,0.01569,30.513,32.802,PUSH
16.626,0.27617,0.01569,30.513,32.762,PUSH
16.627,0.27617,0.01569,30.513,32.721,PUSH
16.628,0.27617,0.01569,30.513,32.68,PUSH
16.629,0.27617,0.01569,30.513,32.639,PUSH
16.63,0.27617,0.01569,30.513,32.598,PUSH
16.631,0.27617,0.01569,30.513,32.559,PUSH
16.632,0.27617,0.01569,30.513,32.52,PUSH
16.633,0.27617,0.01569,30.513,32.481,PUSH
16.634,0.27531,0.01398,28.915,36.872,PUSH
16.635,0.27531,0.01398,28.915,36.837,PUSH
16.636,0.27531,0.01398,28.915,36.802,PUSH
16.637,0.27531,0.01398,28.915,36.765,PUSH
16.638,0.27531,0.01398,28.915,36.728,PUSH
16.639,0.27531,0.01398,28.915,36.689,PUSH
16.64,0.27531,0.01398,28.915,36.649,PUSH
16.641,0.27531,0.01398,28.915,36.607,PUSH
16.642,0.27531,0.01398,28.915,36.566,PUSH
16.643,0.27531,0.01398,28.915,36.523,PUSH
16.644,0.27531,0.01398,28.915,36.48,PUSH
16.645,0.27531,0.01398,28.915,36.437,PUSH
16.646,0.27531,0.01398,28.915,36.394,PUSH
16.647,0.27531,0.01398,28.915,36.35,PUSH
16.648,0.27531,0.01398,28.915,36.307,PUSH
16.649,0.27531,0.01398,28.915,36.263,PUSH
16.65,0.27531,0.01398,28.915,36.22,PUSH
16.651,0.27531,0.01398,28.915,36.176,PUSH
16.652,0.27531,0.01398,28.915,36.132,PUSH
16.653,0.27531,0.01398,28.915,36.088,PUSH
16.654,0.27531,0.01398,28.915,36.046,PUSH
16.655,0.27531,0.01398,28.915,36.003,PUSH
16.656,0.27531,0.01398,28.915,35.961,PUSH
16.657,0.27531,0.01398,28.915,35.919,PUSH
16.658,0.27531,0.01398,28.915,35.876,PUSH
16.659,0.27531,0.01398,28.915,35.835,PUSH
16.66,0.27531,0.01398,28.915,35.792,PUSH
16.661,0.27531,0.01398,28.915,35.749,PUSH
16.662,0.27531,0.01398,28.915,35.706,PUSH
16.663,0.27531,0.01398,28.915,35.665,PUSH
16.664,0.27531,0.01398,28.915,35.623,PUSH
16.665,0.27531,0.01398,28.915,35.582,PUSH
16.666,0.27531,0.01398,28.915,35.542,PUSH
16.667,0.27278,0.01183,25.67,38.669,PUSH
16.668,0.27278,0.01183,25.67,38.628,PUSH
16.669,0.27278,0.01183,25.67,38.585,PUSH
16.67,0.27278,0.01183,25.67,38.542,PUSH
16.671,0.27278,0.01183,25.67,38.498,PUSH
16.672,0.27278,0.01183,25.67,38.453,PUSH
16.673,0.27278,0.01183,25.67,38.408,PUSH
16.674,0.27278,0.01183,25.67,38.364,PUSH
16.675,0.27278,0.01183,25.67,38.32,PUSH
16.676,0.27278,0.01183,25.67,38.277,PUSH
16.677,0.27278,0.01183,25.67,38.233,PUSH
16.678,0.27278,0.01183,25.67,38.189,PUSH
16.679,0.27278,0.01183,25.67,38.145,PUSH
16.68,0.27278,0.01183,25.67,38.1,PUSH
16.681,0.27278,0.01183,25.67,38.056,PUSH
16.682,0.27278,0.01183,25.67,38.01,PUSH
16.683,0.27278,0.01183,25.67,37.964,PUSH
16.684,0.27278,0.01183,25.67,37.917,PUSH
16.685,0.27278,0.01183,25.67,37.872,PUSH
16.686,0.27278,0.01183,25.67,37.828,PUSH
16.687,0.27278,0.01183,25.67,37.784,PUSH
16.688,0.27278,0.01183,25.67,37.742,PUSH
16.689,0.27278,0.01183,25.67,37.699,PUSH
16.69,0.27278,0.01183,25.67,37.655,PUSH
16.691,0.27278,0.01183,25.67,37.612,PUSH
16.692,0.27278,0.01183,25.67,37.568,PUSH
16.693,0.27278,0.01183,25.67,37.523,PUSH
16.694,0.27278,0.01183,25.67,37.477,PUSH
16.695,0.27278,0.01183,25.67,37.432,PUSH
16.696,0.27278,0.01183,25.67,37.388,PUSH
16.697,0.27278,0.01183,25.67,37.344,PUSH
16.698,0.27278,0.01183,25.67,37.301,PUSH
16.699,0.27278,0.01183,25.67,37.258,PUSH
16.7,0.27278,0.01183,25.67,37.215,PUSH
16.701,0.27011,0.01228,23.562,28.592,PUSH
16.702,0.27011,0.01228,23.562,28.55,PUSH
16.703,0.27011,0.01228,23.562,28.509,PUSH
16.704,0.27011,0.01228,23.562,28.468,PUSH
16.705,0.27011,0.01228,23.562,28.427,PUSH
16.706,0.27011,0.01228,23.562,28.387,PUSH
16.707,0.27011,0.01228,23.562,28.347,PUSH
16.708,0.27011,0.01228,23.562,28.31,PUSH
16.709,0.27011,0.01228,23.562,28.273,PUSH
16.71,0.27011,0.01228,23.562,28.236,PUSH
16.711,0.27011,0.01228,23.562,28.2,PUSH
16.712,0.27011,0.01228,23.562,28.166,PUSH
16.713,0.27011,0.01228,23.562,28.13,PUSH
16.714,0.27011,0.01228,23.562,28.094,PUSH
16.715,0.27011,0.01228,23.562,28.059,PUSH
16.716,0.27011,0.01228,23.562,28.023,PUSH
16.717,0.27011,0.01228,23.562,27.987,PUSH
16.718,0.27011,0.01228,23.562,27.95,PUSH
16.719,0.27011,0.01228,23.562,27.914,PUSH
16.72,0.27011,0.01228,23.562,27.877,PUSH
16.721,0.27011,0.01228,23.562,27.841,PUSH
16.722,0.27011,0.01228,23.562,27.806,PUSH
16.723,0.27011,0.01228,23.562,27.77,PUSH
16.724,0.27011,0.01228,23.562,27.734,PUSH
16.725,0.27011,0.01228,23.562,27.699,PUSH
16.726,0.27011,0.01228,23.562,27.664,PUSH
16.727,0.27011,0.01228,23.562,27.629,PUSH
16.728,0.27011,0.01228,23.562,27.594,PUSH
16.729,0.27011,0.01228,23.562,27.56,PUSH
16.73,0.27011,0.01228,23.562,27.525,PUSH
16.731,0.27011,0.01228,23.562,27.49,PUSH
16.732,0.27011,0.01228,23.562,27.456,PUSH
16.733,0.27011,0.01228,23.562,27.421,PUSH
16.734,0.26857,0.01157,21.88,26.279,PUSH
16.735,0.26857,0.01157,21.88,26.246,PUSH
16.736,0.26857,0.01157,21.88,26.213,PUSH
16.737,0.26857,0.01157,21.88,26.179,PUSH
16.738,0.26857,0.01157,21.88,26.145,PUSH
16.739,0.26857,0.01157,21.88,26.111,PUSH
16.74,0.26857,0.01157,21.88,26.077,PUSH
16.741,0.26857,0.01157,21.88,26.043,PUSH
16.742,0.26857,0.01157,21.88,26.01,PUSH
16.743,0.26857,0.01157,21.88,25.977,PUSH
16.744,0.26857,0.01157,21.88,25.943,PUSH
16.745,0.26857,0.01157,21.88,25.91,PUSH
16.746,0.26857,0.01157,21.88,25.876,PUSH
16.747,0.26857,0.01157,21.88,25.843,PUSH
16.748,0.26857,0.01157,21.88,25.81,PUSH
16.749,0.26857,0.01157,21.88,25.777,PUSH
16.75,0.26857,0.01157,21.88,25.744,PUSH
16.751,0.26857,0.01157,21.88,25.712,PUSH
16.752,0.26857,0.01157,21.88,25.679,PUSH
16.753,0.26857,0.01157,21.88,25.647,PUSH
16.754,0.26857,0.01157,21.88,25.615,PUSH
16.755,0.26857,0.01157,21.88,25.583,PUSH
16.756,0.26857,0.01157,21.88,25.552,PUSH
16.757,0.26857,0.01157,21.88,25.52,PUSH
16.758,0.26857,0.01157,21.88,25.489,PUSH
16.759,0.26857,0.01157,21.88,25.458,PUSH
16.76,0.26857,0.01157,21.88,25.427,PUSH
16.761,0.26857,0.01157,21.88,25.396,PUSH
16.762,0.26857,0.01157,21.88,25.366,PUSH
16.763,0.26857,0.01157,21.88,25.335,PUSH
16.764,0.26857,0.01157,21.88,25.307,PUSH
16.765,0.26857,0.01157,21.88,25.279,PUSH
16.766,0.26857,0.01157,21.88,25.252,PUSH
16.767,0.27306,0.00976,25.04,44.26,PUSH
16.768,0.27306,0.00976,25.04,44.227,PUSH
16.769,0.27306,0.00976,25.04,44.193,PUSH
16.77,0.27306,0.00976,25.04,44.155,PUSH
16.771,0.27306,0.00976,25.04,44.116,PUSH
16.772,0.27306,0.00976,25.04,44.075,PUSH
16.773,0.27306,0.00976,25.04,44.032,PUSH
16.774,0.27306,0.00976,25.04,43.987,PUSH
16.775,0.27306,0.00976,25.04,43.943,PUSH
16.776,0.27306,0.00976,25.04,43.897,PUSH
16.777,0.27306,0.00976,25.04,43.851,PUSH
16.778,0.27306,0.00976,25.04,43.803,PUSH
16.779,0.27306,0.00976,25.04,43.755,PUSH
16.78,0.27306,0.00976,25.04,43.707,PUSH
16.781,0.27306,0.00976,25.04,43.66,PUSH
16.782,0.27306,0.00976,25.04,43.612,PUSH
16.783,0.27306,0.00976,25.04,43.563,PUSH
16.784,0.27306,0.00976,25.04,43.515,PUSH
16.785,0.27306,0.00976,25.04,43.466,PUSH
16.786,0.27306,0.00976,25.04,43.42,PUSH
16.787,0.27306,0.00976,25.04,43.373,PUSH
16.788,0.27306,0.00976,25.04,43.327,PUSH
16.789,0.27306,0.00976,25.04,43.281,PUSH
16.79,0.27306,0.00976,25.04,43.236,PUSH
16.791,0.27306,0.00976,25.04,43.191,PUSH
16.792,0.27306,0.00976,25.04,43.144,PUSH
16.793,0.27306,0.00976,25.04,43.096,PUSH
16.794,0.27306,0.00976,25.04,43.046,PUSH
16.795,0.27306,0.00976,25.04,42.997,PUSH
16.796,0.27306,0.00976,25.04,42.947,PUSH
16.797,0.27306,0.00976,25.04,42.897,PUSH
16.798,0.27306,0.00976,25.04,42.846,PUSH
16.799,0.27306,0.00976,25.04,42.795,PUSH
16.8,0.27306,0.00976,25.04,42.745,PUSH
16.801,0.27551,0.00887,27.012,50.372,PUSH
16.802,0.27551,0.00887,27.012,50.318,PUSH
16.803,0.27551,0.00887,27.012,50.265,PUSH
16.804,0.27551,0.00887,27.012,50.213,PUSH
16.805,0.27551,0.00887,27.012,50.161,PUSH
16.806,0.27551,0.00887,27.012,50.108,PUSH
16.807,0.27551,0.00887,27.012,50.056,PUSH
16.808,0.27551,0.00887,27.012,50.004,PUSH
16.809,0.27551,0.00887,27.012,49.95,PUSH
16.81,0.27551,0.00887,27.012,49.895,PUSH
16.811,0.27551,0.00887,27.012,49.84,PUSH
16.812,0.27551,0.00887,27.012,49.783,PUSH
16.813,0.27551,0.00887,27.012,49.725,PUSH
16.814,0.27551,0.00887,27.012,49.666,PUSH
16.815,0.27551,0.00887,27.012,49.608,PUSH
16.816,0.27551,0.00887,27.012,49.549,PUSH
16.817,0.27551,0.00887,27.012,49.489,PUSH
16.818,0.27551,0.00887,27.012,49.43,PUSH
16.819,0.27551,0.00887,27.012,49.371,PUSH
16.82,0.27551,0.00887,27.012,49.312,PUSH
16.821,0.27551,0.00887,27.012,49.253,PUSH
16.822,0.27551,0.00887,27.012,49.195,PUSH
16.823,0.27551,0.00887,27.012,49.136,PUSH
16.824,0.27551,0.00887,27.012,49.08,PUSH
16.825,0.27551,0.00887,27.012,49.025,PUSH
16.826,0.27551,0.00887,27.012,48.97,PUSH
16.827,0.27551,0.00887,27.012,48.916,PUSH
16.828,0.27551,0.00887,27.012,48.863,PUSH
16.829,0.27551,0.00887,27.012,48.809,PUSH
16.83,0.27551,0.00887,27.012,48.754,PUSH
16.831,0.27551,0.00887,27.012,48.697,PUSH
16.832,0.27551,0.00887,27.012,48.64,PUSH
16.833,0.27551,0.00887,27.012,48.582,PUSH
16.834,0.27371,0.00951,25.548,43.144,PUSH
16.835,0.27371,0.00951,25.548,43.087,PUSH
16.836,0.27371,0.00951,25.548,43.032,PUSH
16.837,0.27371,0.00951,25.548,42.978,PUSH
16.838,0.27371,0.00951,25.548,42.924,PUSH
16.839,0.27371,0.00951,25.548,42.871,PUSH
16.84,0.27371,0.00951,25.548,42.819,PUSH
16.841,0.27371,0.00951,25.548,42.768,PUSH
16.842,0.27371,0.00951,25.548,42.716,PUSH
16.843,0.27371,0.00951,25.548,42.663,PUSH
16.844,0.27371,0.00951,25.548,42.61,PUSH
16.845,0.27371,0.00951,25.548,42.559,PUSH
16.846,0.27371,0.00951,25.548,42.509,PUSH
16.847,0.27371,0.00951,25.548,42.458,PUSH
16.848,0.27371,0.00951,25.548,42.409,PUSH
16.849,0.27371,0.00951,25.548,42.36,PUSH
16.85,0.27371,0.00951,25.548,42.31,PUSH
16.851,0.27371,0.00951,25.548,42.259,PUSH
16.852,0.27371,0.00951,25.548,42.208,PUSH
16.853,0.27371,0.00951,25.548,42.158,PUSH
16.854,0.27371,0.00951,25.548,42.109,PUSH
16.855,0.27371,0.00951,25.548,42.059,PUSH
16.856,0.27371,0.00951,25.548,42.009,PUSH
16.857,0.27371,0.00951,25.548,41.959,PUSH
16.858,0.27371,0.00951,25.548,41.909,PUSH
16.859,0.27371,0.00951,25.548,41.858,PUSH
16.86,0.27371,0.00951,25.548,41.806,PUSH
16.861,0.27371,0.00951,25.548,41.756,PUSH
16.862,0.27371,0.00951,25.548,41.706,PUSH
16.863,0.27371,0.00951,25.548,41.657,PUSH
16.864,0.27371,0.00951,25.548,41.608,PUSH
16.865,0.27371,0.00951,25.548,41.56,PUSH
16.866,0.27371,0.00951,25.548,41.51,PUSH
16.867,0.27141,0.00755,22.7,46.318,PUSH
16.868,0.27141,0.00755,22.7,46.268,PUSH
16.869,0.27141,0.00755,22.7,46.217,PUSH
16.87,0.27141,0.00755,22.7,46.167,PUSH
16.871,0.27141,0.00755,22.7,46.117,PUSH
16.872,0.27141,0.00755,22.7,46.066,PUSH
16.873,0.27141,0.00755,22.7,46.014,PUSH
16.874,0.27141,0.00755,22.7,45.961,PUSH
16.875,0.27141,0.00755,22.7,45.907,PUSH
16.876,0.27141,0.00755,22.7,45.854,PUSH
16.877,0.27141,0.00755,22.7,45.8,PUSH
16.878,0.27141,0.00755,22.7,45.747,PUSH
16.879,0.27141,0.00755,22.7,45.694,PUSH
16.88,0.27141,0.00755,22.7,45.64,PUSH
16.881,0.27141,0.00755,22.7,45.586,PUSH
16.882,0.27141,0.00755,22.7,45.531,PUSH
16.883,0.27141,0.00755,22.7,45.475,PUSH
16.884,0.27141,0.00755,22.7,45.419,PUSH
16.885,0.27141,0.00755,22.7,45.363,PUSH
16.886,0.27141,0.00755,22.7,45.306,PUSH
16.887,0.27141,0.00755,22.7,45.252,PUSH
16.888,0.27141,0.00755,22.7,45.198,PUSH
16.889,0.27141,0.00755,22.7,45.145,PUSH
16.89,0.27141,0.00755,22.7,45.092,PUSH
16.891,0.27141,0.00755,22.7,45.039,PUSH
16.892,0.27141,0.00755,22.7,44.986,PUSH
16.893,0.27141,0.00755,22.7,44.932,PUSH
16.894,0.27141,0.00755,22.7,44.877,PUSH
16.895,0.27141,0.00755,22.7,44.822,PUSH
16.896,0.27141,0.00755,22.7,44.767,PUSH
16.897,0.27141,0.00755,22.7,44.71,PUSH
16.898,0.27141,0.00755,22.7,44.655,PUSH
16.899,0.27141,0.00755,22.7,44.598,PUSH
16.9,0.27141,0.00755,22.7,44.542,PUSH
16.901,0.26987,0.00932,21.947,32.979,PUSH
16.902,0.26987,0.00932,21.947,32.927,PUSH
16.903,0.26987,0.00932,21.947,32.876,PUSH
16.904,0.26987,0.00932,21.947,32.827,PUSH
16.905,0.26987,0.00932,21.947,32.778,PUSH
16.906,0.26987,0.00932,21.947,32.729,PUSH
16.907,0.26987,0.00932,21.947,32.684,PUSH
16.908,0.26987,0.00932,21.947,32.641,PUSH
16.909,0.26987,0.00932,21.947,32.599,PUSH
16.91,0.26987,0.00932,21.947,32.559,PUSH
16.911,0.26987,0.00932,21.947,32.519,PUSH
16.912,0.26987,0.00932,21.947,32.478,PUSH
16.913,0.26987,0.00932,21.947,32.438,PUSH
16.914,0.26987,0.00932,21.947,32.397,PUSH
16.915,0.26987,0.00932,21.947,32.356,PUSH
16.916,0.26987,0.00932,21.947,32.315,PUSH
16.917,0.26987,0.00932,21.947,32.273,PUSH
16.918,0.26987,0.00932,21.947,32.231,PUSH
16.919,0.26987,0.00932,21.947,32.189,PUSH
16.92,0.26987,0.00932,21.947,32.148,PUSH
16.921,0.26987,0.00932,21.947,32.106,PUSH
16.922,0.26987,0.00932,21.947,32.066,PUSH
16.923,0.26987,0.00932,21.947,32.024,PUSH
16.924,0.26987,0.00932,21.947,31.983,PUSH
16.925,0.26987,0.00932,21.947,31.941,PUSH
16.926,0.26987,0.00932,21.947,31.9,PUSH
16.927,0.26987,0.00932,21.947,31.859,PUSH
16.928,0.26987,0.00932,21.947,31.818,PUSH
16.929,0.26987,0.00932,21.947,31.778,PUSH
16.93,0.26987,0.00932,21.947,31.736,PUSH
16.931,0.26987,0.00932,21.947,31.695,PUSH
16.932,0.26987,0.00932,21.947,31.654,PUSH
16.933,0.26987,0.00932,21.947,31.613,PUSH
16.934,0.2687,0.00622,19.704,45.037,PUSH
16.935,0.2687,0.00622,19.704,44.992,PUSH
16.936,0.2687,0.00622,19.704,44.945,PUSH
16.937,0.2687,0.00622,19.704,44.897,PUSH
16.938,0.2687,0.00622,19.704,44.848,PUSH
16.939,0.2687,0.00622,19.704,44.798,PUSH
16.94,0.2687,0.00622,19.704,44.746,PUSH
16.941,0.2687,0.00622,19.704,44.695,PUSH
16.942,0.2687,0.00622,19.704,44.643,PUSH
16.943,0.2687,0.00622,19.704,44.59,PUSH
16.944,0.2687,0.00622,19.704,44.538,PUSH
16.945,0.2687,0.00622,19.704,44.485,PUSH
16.946,0.2687,0.00622,19.704,44.432,PUSH
16.947,0.2687,0.00622,19.704,44.38,PUSH
16.948,0.2687,0.00622,19.704,44.327,PUSH
16.949,0.2687,0.00622,19.704,44.275,PUSH
16.95,0.2687,0.00622,19.704,44.223,PUSH
16.951,0.2687,0.00622,19.704,44.17,PUSH
16.952,0.2687,0.00622,19.704,44.119,PUSH
16.953,0.2687,0.00622,19.704,44.068,PUSH
16.954,0.2687,0.00622,19.704,44.017,PUSH
16.955,0.2687,0.00622,19.704,43.966,PUSH
16.956,0.2687,0.00622,19.704,43.914,PUSH
16.957,0.2687,0.00622,19.704,43.864,PUSH
16.958,0.2687,0.00622,19.704,43.813,PUSH
16.959,0.2687,0.00622,19.704,43.764,PUSH
16.96,0.2687,0.00622,19.704,43.713,PUSH
16.961,0.2687,0.00622,19.704,43.665,PUSH
16.962,0.2687,0.00622,19.704,43.618,PUSH
16.963,0.2687,0.00622,19.704,43.571,PUSH
16.964,0.2687,0.00622,19.704,43.524,PUSH
16.965,0.2687,0.00622,19.704,43.477,PUSH
16.966,0.2687,0.00622,19.704,43.43,PUSH
16.967,0.26977,0.00369,20.115,58.171,PUSH
16.968,0.26977,0.00369,20.115,58.118,PUSH
16.969,0.26977,0.00369,20.115,58.061,PUSH
16.97,0.26977,0.00369,20.115,58.003,PUSH
16.971,0.26977,0.00369,20.115,57.942,PUSH
16.972,0.26977,0.00369,20.115,57.881,PUSH
16.973,0.26977,0.00369,20.115,57.818,PUSH
16.974,0.26977,0.00369,20.115,57.755,PUSH
16.975,0.26977,0.00369,20.115,57.69,PUSH
16.976,0.26977,0.00369,20.115,57.624,PUSH
16.977,0.26977,0.00369,20.115,57.559,PUSH
16.978,0.26977,0.00369,20.115,57.493,PUSH
16.979,0.26977,0.00369,20.115,57.427,PUSH
16.98,0.26977,0.00369,20.115,57.361,PUSH
16.981,0.26977,0.00369,20.115,57.295,PUSH
16.982,0.26977,0.00369,20.115,57.229,PUSH
16.983,0.26977,0.00369,20.115,57.163,PUSH
16.984,0.26977,0.00369,20.115,57.097,PUSH
16.985,0.26977,0.00369,20.115,57.031,PUSH
16.986,0.26977,0.00369,20.115,56.965,PUSH
16.987,0.26977,0.00369,20.115,56.899,PUSH
16.988,0.26977,0.00369,20.115,56.833,PUSH
16.989,0.26977,0.00369,20.115,56.767,PUSH
16.99,0.26977,0.00369,20.115,56.7,PUSH
16.991,0.26977,0.00369,20.115,56.634,PUSH
16.992,0.26977,0.00369,20.115,56.568,PUSH
16.993,0.26977,0.00369,20.115,56.502,PUSH
16.994,0.26977,0.00369,20.115,56.436,PUSH
16.995,0.26977,0.00369,20.115,56.369,PUSH
16.996,0.26977,0.00369,20.115,56.303,PUSH
16.997,0.26977,0.00369,20.115,56.237,PUSH
16.998,0.26977,0.00369,20.115,56.17,PUSH
16.999,0.26977,0.00369,20.115,56.104,PUSH
17.0,0.26977,0.00369,20.115,56.037,PUSH
17.001,0.27082,0.0035,21.113,57.841,PUSH
17.002,0.27082,0.0035,21.113,57.773,PUSH
17.003,0.27082,0.0035,21.113,57.706,PUSH
17.004,0.27082,0.0035,21.113,57.639,PUSH
17.005,0.27082,0.0035,21.113,57.571,PUSH
17.006,0.27082,0.0035,21.113,57.503,PUSH
17.007,0.27082,0.0035,21.113,57.435,PUSH
17.008,0.27082,0.0035,21.113,57.367,PUSH
17.009,0.27082,0.0035,21.113,57.299,PUSH
17.01,0.27082,0.0035,21.113,57.231,PUSH
17.011,0.27082,0.0035,21.113,57.163,PUSH
17.012,0.27082,0.0035,21.113,57.095,PUSH
17.013,0.27082,0.0035,21.113,57.027,PUSH
17.014,0.27082,0.0035,21.113,56.959,PUSH
17.015,0.27082,0.0035,21.113,56.891,PUSH
17.016,0.27082,0.0035,21.113,56.824,PUSH
17.017,0.27082,0.0035,21.113,56.756,PUSH
17.018,0.27082,0.0035,21.113,56.688,PUSH
17.019,0.27082,0.0035,21.113,56.621,PUSH
17.02,0.27082,0.0035,21.113,56.553,PUSH
17.021,0.27082,0.0035,21.113,56.485,PUSH
17.022,0.27082,0.0035,21.113,56.419,PUSH
17.023,0.27082,0.0035,21.113,56.354,PUSH
17.024,0.27082,0.0035,21.113,56.289,PUSH
17.025,0.27082,0.0035,21.113,56.225,PUSH
17.026,0.27082,0.0035,21.113,56.16,PUSH
17.027,0.27082,0.0035,21.113,56.095,PUSH
17.028,0.27082,0.0035,21.113,56.029,PUSH
17.029,0.27082,0.0035,21.113,55.962,PUSH
17.03,0.27082,0.0035,21.113,55.894,PUSH
17.031,0.27082,0.0035,21.113,55.826,PUSH
17.032,0.27082,0.0035,21.113,55.757,PUSH
17.033,0.27082,0.0035,21.113,55.688,PUSH
17.034,0.2689,0.0007,18.91,68.371,PUSH
17.035,0.2689,0.0007,18.91,68.299,PUSH
17.036,0.2689,0.0007,18.91,68.227,PUSH
17.037,0.2689,0.0007,18.91,68.156,PUSH
17.038,0.2689,0.0007,18.91,68.085,PUSH
17.039,0.2689,0.0007,18.91,68.012,PUSH
17.04,0.2689,0.0007,18.91,67.938,PUSH
17.041,0.2689,0.0007,18.91,67.863,PUSH
17.042,0.2689,0.0007,18.91,67.785,PUSH
17.043,0.2689,0.0007,18.91,67.707,PUSH
17.044,0.2689,0.0007,18.91,67.627,PUSH
17.045,0.2689,0.0007,18.91,67.547,PUSH
17.046,0.2689,0.0007,18.91,67.466,PUSH
17.047,0.2689,0.0007,18.91,67.385,PUSH
17.048,0.2689,0.0007,18.91,67.304,PUSH
17.049,0.2689,0.0007,18.91,67.224,PUSH
17.05,0.2689,0.0007,18.91,67.143,PUSH
17.051,0.2689,0.0007,18.91,67.063,PUSH
17.052,0.2689,0.0007,18.91,66.983,PUSH
17.053,0.2689,0.0007,18.91,66.903,PUSH
17.054,0.2689,0.0007,18.91,66.823,PUSH
17.055,0.2689,0.0007,18.91,66.743,PUSH
17.056,0.2689,0.0007,18.91,66.663,PUSH
17.057,0.2689,0.0007,18.91,66.584,PUSH
17.058,0.2689,0.0007,18.91,66.504,PUSH
17.059,0.2689,0.0007,18.91,66.424,PUSH
17.06,0.2689,0.0007,18.91,66.345,PUSH
17.061,0.2689,0.0007,18.91,66.266,PUSH
17.062,0.2689,0.0007,18.91,66.187,PUSH
17.063,0.2689,0.0007,18.91,66.109,PUSH
17.064,0.2689,0.0007,18.91,66.034,PUSH
17.065,0.2689,0.0007,18.91,65.96,PUSH
17.066,0.2689,0.0007,18.91,65.886,PUSH
